,year,season,Trip,set,hooks,species,Numb,program,EorW,CPUE(per 1k hooks)
0,2006.0,2.0,2.0,5.0,1500.0,1.0,1.0,1.0,1.0,0.666666666666667
1,2006.0,2.0,3.0,1.0,1400.0,1.0,1.0,1.0,1.0,0.714285714285714
2,2006.0,2.0,3.0,1.0,1400.0,2.0,1.0,1.0,1.0,0.714285714285714
3,2006.0,2.0,13.0,6.0,1008.0,0.0,0.0,1.0,1.0,0.0
4,2006.0,2.0,13.0,7.0,1008.0,0.0,0.0,1.0,1.0,0.0
5,2006.0,2.0,13.0,8.0,1008.0,0.0,0.0,1.0,1.0,0.0
6,2006.0,2.0,13.0,9.0,1008.0,0.0,0.0,1.0,1.0,0.0
7,2006.0,2.0,13.0,10.0,1008.0,0.0,0.0,1.0,1.0,0.0
8,2006.0,2.0,13.0,11.0,1008.0,0.0,0.0,1.0,1.0,0.0
9,2006.0,2.0,13.0,12.0,1008.0,0.0,0.0,1.0,1.0,0.0
10,2006.0,2.0,13.0,13.0,1008.0,0.0,0.0,1.0,1.0,0.0
11,2006.0,2.0,13.0,14.0,1008.0,0.0,0.0,1.0,1.0,0.0
12,2006.0,2.0,13.0,15.0,1008.0,0.0,0.0,1.0,1.0,0.0
13,2006.0,2.0,13.0,16.0,1008.0,0.0,0.0,1.0,1.0,0.0
14,2006.0,2.0,13.0,17.0,1008.0,0.0,0.0,1.0,1.0,0.0
15,2006.0,2.0,13.0,18.0,1008.0,0.0,0.0,1.0,1.0,0.0
16,2006.0,2.0,13.0,19.0,1008.0,0.0,0.0,1.0,1.0,0.0
17,2006.0,2.0,13.0,20.0,1008.0,0.0,0.0,1.0,1.0,0.0
18,2006.0,2.0,13.0,21.0,1008.0,0.0,0.0,1.0,1.0,0.0
19,2006.0,2.0,13.0,22.0,1008.0,0.0,0.0,1.0,1.0,0.0
20,2006.0,2.0,13.0,23.0,1008.0,0.0,0.0,1.0,1.0,0.0
21,2006.0,2.0,13.0,24.0,1008.0,0.0,0.0,1.0,1.0,0.0
22,2006.0,2.0,13.0,25.0,1008.0,0.0,0.0,1.0,1.0,0.0
23,2006.0,2.0,13.0,26.0,1008.0,0.0,0.0,1.0,1.0,0.0
24,2006.0,2.0,13.0,27.0,1008.0,0.0,0.0,1.0,1.0,0.0
25,2006.0,2.0,13.0,28.0,1008.0,0.0,0.0,1.0,1.0,0.0
26,2006.0,2.0,13.0,29.0,1008.0,0.0,0.0,1.0,1.0,0.0
27,2006.0,2.0,13.0,30.0,1008.0,0.0,0.0,1.0,1.0,0.0
28,2006.0,2.0,13.0,31.0,1008.0,0.0,0.0,1.0,1.0,0.0
29,2006.0,2.0,13.0,32.0,1008.0,0.0,0.0,1.0,1.0,0.0
30,2006.0,2.0,13.0,33.0,1008.0,0.0,0.0,1.0,1.0,0.0
31,2006.0,2.0,13.0,34.0,1008.0,0.0,0.0,1.0,1.0,0.0
32,2006.0,2.0,13.0,35.0,1008.0,0.0,0.0,1.0,1.0,0.0
33,2006.0,2.0,13.0,36.0,1008.0,0.0,0.0,1.0,1.0,0.0
34,2006.0,2.0,13.0,37.0,1008.0,0.0,0.0,1.0,1.0,0.0
35,2006.0,2.0,13.0,38.0,1008.0,0.0,0.0,1.0,1.0,0.0
36,2006.0,2.0,13.0,39.0,1008.0,0.0,0.0,1.0,1.0,0.0
37,2006.0,2.0,13.0,40.0,1008.0,0.0,0.0,1.0,1.0,0.0
38,2006.0,2.0,13.0,41.0,1008.0,0.0,0.0,1.0,1.0,0.0
39,2006.0,2.0,13.0,42.0,1008.0,0.0,0.0,1.0,1.0,0.0
40,2006.0,2.0,13.0,43.0,1008.0,0.0,0.0,1.0,1.0,0.0
41,2006.0,2.0,13.0,44.0,1008.0,0.0,0.0,1.0,1.0,0.0
42,2006.0,2.0,13.0,45.0,1008.0,0.0,0.0,1.0,1.0,0.0
43,2006.0,2.0,13.0,46.0,1008.0,0.0,0.0,1.0,1.0,0.0
44,2006.0,2.0,13.0,47.0,1008.0,0.0,0.0,1.0,1.0,0.0
45,2006.0,2.0,13.0,48.0,1008.0,0.0,0.0,1.0,1.0,0.0
46,2006.0,2.0,13.0,49.0,1008.0,0.0,0.0,1.0,1.0,0.0
47,2006.0,2.0,13.0,50.0,1008.0,0.0,0.0,1.0,1.0,0.0
48,2006.0,2.0,13.0,51.0,1008.0,0.0,0.0,1.0,1.0,0.0
49,2006.0,2.0,13.0,52.0,1008.0,0.0,0.0,1.0,1.0,0.0
50,2006.0,2.0,13.0,53.0,1008.0,0.0,0.0,1.0,1.0,0.0
51,2006.0,2.0,13.0,54.0,1008.0,0.0,0.0,1.0,1.0,0.0
52,2006.0,2.0,13.0,55.0,1008.0,0.0,0.0,1.0,1.0,0.0
53,2006.0,2.0,13.0,56.0,1008.0,0.0,0.0,1.0,1.0,0.0
54,2006.0,2.0,13.0,57.0,1008.0,0.0,0.0,1.0,1.0,0.0
55,2006.0,2.0,13.0,58.0,1008.0,0.0,0.0,1.0,1.0,0.0
56,2006.0,2.0,13.0,59.0,1008.0,0.0,0.0,1.0,1.0,0.0
57,2006.0,2.0,13.0,60.0,1008.0,0.0,0.0,1.0,1.0,0.0
58,2006.0,2.0,13.0,61.0,1008.0,0.0,0.0,1.0,1.0,0.0
59,2006.0,2.0,13.0,62.0,1008.0,0.0,0.0,1.0,1.0,0.0
60,2006.0,2.0,13.0,63.0,1008.0,0.0,0.0,1.0,1.0,0.0
61,2006.0,2.0,13.0,64.0,1008.0,0.0,0.0,1.0,1.0,0.0
62,2006.0,2.0,13.0,65.0,1008.0,0.0,0.0,1.0,1.0,0.0
63,2006.0,2.0,13.0,66.0,1008.0,0.0,0.0,1.0,1.0,0.0
64,2006.0,2.0,13.0,67.0,1008.0,0.0,0.0,1.0,1.0,0.0
65,2006.0,2.0,13.0,68.0,1008.0,0.0,0.0,1.0,1.0,0.0
66,2006.0,2.0,13.0,69.0,1008.0,0.0,0.0,1.0,1.0,0.0
67,2006.0,2.0,13.0,70.0,1008.0,0.0,0.0,1.0,1.0,0.0
68,2006.0,2.0,13.0,71.0,1008.0,0.0,0.0,1.0,1.0,0.0
69,2006.0,2.0,13.0,72.0,1008.0,0.0,0.0,1.0,1.0,0.0
70,2006.0,2.0,13.0,73.0,1008.0,0.0,0.0,1.0,1.0,0.0
71,2006.0,2.0,13.0,74.0,1008.0,0.0,0.0,1.0,1.0,0.0
72,2006.0,2.0,13.0,75.0,1008.0,0.0,0.0,1.0,1.0,0.0
73,2006.0,2.0,13.0,76.0,1008.0,0.0,0.0,1.0,1.0,0.0
74,2006.0,2.0,13.0,77.0,1008.0,0.0,0.0,1.0,1.0,0.0
75,2006.0,2.0,13.0,78.0,1008.0,0.0,0.0,1.0,1.0,0.0
76,2006.0,2.0,13.0,79.0,1008.0,0.0,0.0,1.0,1.0,0.0
77,2006.0,2.0,13.0,80.0,1008.0,0.0,0.0,1.0,1.0,0.0
78,2006.0,2.0,13.0,81.0,1008.0,0.0,0.0,1.0,1.0,0.0
79,2006.0,2.0,13.0,82.0,1008.0,0.0,0.0,1.0,1.0,0.0
80,2006.0,2.0,13.0,83.0,1008.0,0.0,0.0,1.0,1.0,0.0
81,2006.0,2.0,13.0,84.0,1008.0,0.0,0.0,1.0,1.0,0.0
82,2006.0,2.0,13.0,85.0,1008.0,0.0,0.0,1.0,1.0,0.0
83,2006.0,2.0,13.0,86.0,1008.0,0.0,0.0,1.0,1.0,0.0
84,2006.0,2.0,13.0,87.0,1008.0,0.0,0.0,1.0,1.0,0.0
85,2006.0,2.0,13.0,88.0,1008.0,0.0,0.0,1.0,1.0,0.0
86,2006.0,2.0,13.0,89.0,1008.0,0.0,0.0,1.0,1.0,0.0
87,2006.0,2.0,13.0,90.0,1008.0,0.0,0.0,1.0,1.0,0.0
88,2006.0,2.0,13.0,91.0,1008.0,0.0,0.0,1.0,1.0,0.0
89,2006.0,2.0,13.0,92.0,1008.0,0.0,0.0,1.0,1.0,0.0
90,2006.0,2.0,13.0,93.0,1008.0,0.0,0.0,1.0,1.0,0.0
91,2006.0,2.0,13.0,94.0,1008.0,0.0,0.0,1.0,1.0,0.0
92,2006.0,2.0,13.0,95.0,1008.0,0.0,0.0,1.0,1.0,0.0
93,2006.0,2.0,13.0,96.0,1008.0,0.0,0.0,1.0,1.0,0.0
94,2006.0,2.0,13.0,97.0,1008.0,0.0,0.0,1.0,1.0,0.0
95,2006.0,2.0,13.0,98.0,1008.0,0.0,0.0,1.0,1.0,0.0
96,2006.0,2.0,13.0,99.0,1008.0,0.0,0.0,1.0,1.0,0.0
97,2006.0,2.0,13.0,100.0,1008.0,0.0,0.0,1.0,1.0,0.0
98,2006.0,2.0,13.0,101.0,1008.0,0.0,0.0,1.0,1.0,0.0
99,2006.0,2.0,13.0,102.0,1008.0,0.0,0.0,1.0,1.0,0.0
100,2006.0,2.0,13.0,103.0,1008.0,0.0,0.0,1.0,1.0,0.0
101,2006.0,2.0,13.0,104.0,1008.0,0.0,0.0,1.0,1.0,0.0
102,2006.0,2.0,13.0,105.0,1008.0,0.0,0.0,1.0,1.0,0.0
103,2006.0,2.0,13.0,106.0,1008.0,0.0,0.0,1.0,1.0,0.0
104,2006.0,2.0,13.0,107.0,1008.0,0.0,0.0,1.0,1.0,0.0
105,2006.0,2.0,13.0,108.0,1008.0,0.0,0.0,1.0,1.0,0.0
106,2006.0,2.0,13.0,109.0,1008.0,0.0,0.0,1.0,1.0,0.0
107,2006.0,2.0,13.0,110.0,1008.0,0.0,0.0,1.0,1.0,0.0
108,2006.0,2.0,13.0,111.0,1008.0,0.0,0.0,1.0,1.0,0.0
109,2006.0,2.0,13.0,112.0,1008.0,0.0,0.0,1.0,1.0,0.0
110,2006.0,2.0,13.0,113.0,1008.0,0.0,0.0,1.0,1.0,0.0
111,2006.0,2.0,13.0,114.0,1008.0,0.0,0.0,1.0,1.0,0.0
112,2006.0,2.0,13.0,115.0,1008.0,0.0,0.0,1.0,1.0,0.0
113,2006.0,2.0,13.0,116.0,1008.0,0.0,0.0,1.0,1.0,0.0
114,2006.0,2.0,13.0,117.0,1008.0,0.0,0.0,1.0,1.0,0.0
115,2006.0,2.0,13.0,118.0,1008.0,0.0,0.0,1.0,1.0,0.0
116,2006.0,2.0,13.0,119.0,1008.0,0.0,0.0,1.0,1.0,0.0
117,2006.0,2.0,13.0,120.0,1008.0,0.0,0.0,1.0,1.0,0.0
118,2006.0,2.0,13.0,121.0,1008.0,0.0,0.0,1.0,1.0,0.0
119,2006.0,2.0,13.0,122.0,1008.0,0.0,0.0,1.0,1.0,0.0
120,2006.0,2.0,13.0,123.0,1008.0,0.0,0.0,1.0,1.0,0.0
121,2006.0,2.0,13.0,124.0,1008.0,0.0,0.0,1.0,1.0,0.0
122,2006.0,2.0,13.0,125.0,1008.0,0.0,0.0,1.0,1.0,0.0
123,2006.0,2.0,13.0,126.0,1008.0,0.0,0.0,1.0,1.0,0.0
124,2006.0,2.0,13.0,127.0,1008.0,0.0,0.0,1.0,1.0,0.0
125,2006.0,2.0,13.0,128.0,1008.0,0.0,0.0,1.0,1.0,0.0
126,2006.0,2.0,13.0,129.0,1008.0,0.0,0.0,1.0,1.0,0.0
127,2006.0,2.0,13.0,130.0,1008.0,0.0,0.0,1.0,1.0,0.0
128,2006.0,2.0,13.0,131.0,1008.0,0.0,0.0,1.0,1.0,0.0
129,2006.0,2.0,13.0,132.0,1008.0,0.0,0.0,1.0,1.0,0.0
130,2006.0,2.0,13.0,133.0,1008.0,0.0,0.0,1.0,1.0,0.0
131,2006.0,2.0,13.0,134.0,1008.0,0.0,0.0,1.0,1.0,0.0
132,2006.0,2.0,13.0,135.0,1008.0,0.0,0.0,1.0,1.0,0.0
133,2006.0,2.0,13.0,136.0,1008.0,0.0,0.0,1.0,1.0,0.0
134,2006.0,2.0,13.0,137.0,1008.0,0.0,0.0,1.0,1.0,0.0
135,2006.0,2.0,13.0,138.0,1008.0,0.0,0.0,1.0,1.0,0.0
136,2006.0,2.0,13.0,139.0,1008.0,0.0,0.0,1.0,1.0,0.0
137,2006.0,2.0,13.0,140.0,1008.0,0.0,0.0,1.0,1.0,0.0
138,2006.0,2.0,13.0,141.0,1008.0,0.0,0.0,1.0,1.0,0.0
139,2006.0,2.0,13.0,142.0,1008.0,0.0,0.0,1.0,1.0,0.0
140,2006.0,2.0,13.0,143.0,1008.0,0.0,0.0,1.0,1.0,0.0
141,2006.0,2.0,13.0,144.0,1008.0,0.0,0.0,1.0,1.0,0.0
142,2006.0,2.0,13.0,145.0,1008.0,0.0,0.0,1.0,1.0,0.0
143,2006.0,2.0,13.0,146.0,1008.0,0.0,0.0,1.0,1.0,0.0
144,2006.0,2.0,13.0,147.0,1008.0,0.0,0.0,1.0,1.0,0.0
145,2006.0,2.0,13.0,148.0,1008.0,0.0,0.0,1.0,1.0,0.0
146,2006.0,2.0,13.0,149.0,1008.0,0.0,0.0,1.0,1.0,0.0
147,2006.0,2.0,13.0,150.0,1008.0,0.0,0.0,1.0,1.0,0.0
148,2006.0,2.0,13.0,151.0,1008.0,0.0,0.0,1.0,1.0,0.0
149,2006.0,2.0,13.0,152.0,1008.0,0.0,0.0,1.0,1.0,0.0
150,2006.0,2.0,13.0,153.0,1008.0,0.0,0.0,1.0,1.0,0.0
151,2006.0,2.0,13.0,154.0,1008.0,0.0,0.0,1.0,1.0,0.0
152,2006.0,2.0,13.0,155.0,1008.0,0.0,0.0,1.0,1.0,0.0
153,2006.0,2.0,13.0,156.0,1008.0,0.0,0.0,1.0,1.0,0.0
154,2006.0,2.0,13.0,157.0,1008.0,0.0,0.0,1.0,1.0,0.0
155,2006.0,2.0,13.0,158.0,1008.0,0.0,0.0,1.0,1.0,0.0
156,2006.0,2.0,13.0,159.0,1008.0,0.0,0.0,1.0,1.0,0.0
157,2006.0,2.0,13.0,160.0,1008.0,0.0,0.0,1.0,1.0,0.0
158,2006.0,2.0,13.0,161.0,1008.0,0.0,0.0,1.0,1.0,0.0
159,2006.0,2.0,13.0,162.0,1008.0,0.0,0.0,1.0,1.0,0.0
160,2006.0,2.0,13.0,163.0,1008.0,0.0,0.0,1.0,1.0,0.0
161,2006.0,2.0,13.0,164.0,1008.0,0.0,0.0,1.0,1.0,0.0
162,2006.0,2.0,13.0,165.0,1008.0,0.0,0.0,1.0,1.0,0.0
163,2006.0,2.0,13.0,166.0,1008.0,0.0,0.0,1.0,1.0,0.0
164,2006.0,2.0,13.0,167.0,1008.0,0.0,0.0,1.0,1.0,0.0
165,2006.0,2.0,13.0,168.0,1008.0,0.0,0.0,1.0,1.0,0.0
166,2006.0,2.0,13.0,169.0,1008.0,0.0,0.0,1.0,1.0,0.0
167,2006.0,2.0,13.0,170.0,1008.0,0.0,0.0,1.0,1.0,0.0
168,2006.0,2.0,13.0,171.0,1008.0,0.0,0.0,1.0,1.0,0.0
169,2006.0,2.0,13.0,172.0,1008.0,0.0,0.0,1.0,1.0,0.0
170,2006.0,2.0,13.0,173.0,1008.0,0.0,0.0,1.0,1.0,0.0
171,2006.0,2.0,13.0,174.0,1008.0,0.0,0.0,1.0,1.0,0.0
172,2006.0,2.0,13.0,175.0,1008.0,0.0,0.0,1.0,1.0,0.0
173,2006.0,2.0,13.0,176.0,1008.0,0.0,0.0,1.0,1.0,0.0
174,2006.0,2.0,13.0,177.0,1008.0,0.0,0.0,1.0,1.0,0.0
175,2006.0,2.0,13.0,178.0,1008.0,0.0,0.0,1.0,1.0,0.0
176,2006.0,2.0,13.0,179.0,1008.0,0.0,0.0,1.0,1.0,0.0
177,2006.0,2.0,13.0,180.0,1008.0,0.0,0.0,1.0,1.0,0.0
178,2006.0,2.0,13.0,181.0,1008.0,0.0,0.0,1.0,1.0,0.0
179,2006.0,2.0,13.0,182.0,1008.0,0.0,0.0,1.0,1.0,0.0
180,2006.0,2.0,13.0,183.0,1008.0,0.0,0.0,1.0,1.0,0.0
181,2006.0,2.0,13.0,184.0,1008.0,0.0,0.0,1.0,1.0,0.0
182,2006.0,2.0,13.0,185.0,1008.0,0.0,0.0,1.0,1.0,0.0
183,2006.0,2.0,13.0,186.0,1008.0,0.0,0.0,1.0,1.0,0.0
184,2006.0,2.0,13.0,187.0,1008.0,0.0,0.0,1.0,1.0,0.0
185,2006.0,2.0,13.0,188.0,1008.0,0.0,0.0,1.0,1.0,0.0
186,2006.0,2.0,13.0,189.0,1008.0,0.0,0.0,1.0,1.0,0.0
187,2006.0,2.0,13.0,190.0,1008.0,0.0,0.0,1.0,1.0,0.0
188,2006.0,2.0,13.0,191.0,1008.0,0.0,0.0,1.0,1.0,0.0
189,2006.0,2.0,13.0,192.0,1008.0,0.0,0.0,1.0,1.0,0.0
190,2006.0,2.0,13.0,193.0,1008.0,0.0,0.0,1.0,1.0,0.0
191,2006.0,2.0,13.0,194.0,1008.0,0.0,0.0,1.0,1.0,0.0
192,2006.0,2.0,13.0,195.0,1008.0,0.0,0.0,1.0,1.0,0.0
193,2006.0,2.0,13.0,196.0,1008.0,0.0,0.0,1.0,1.0,0.0
194,2006.0,2.0,13.0,197.0,1008.0,0.0,0.0,1.0,1.0,0.0
195,2006.0,2.0,13.0,198.0,1008.0,0.0,0.0,1.0,1.0,0.0
196,2006.0,2.0,13.0,199.0,1008.0,0.0,0.0,1.0,1.0,0.0
197,2006.0,2.0,13.0,200.0,1008.0,0.0,0.0,1.0,1.0,0.0
198,2006.0,2.0,13.0,201.0,1008.0,0.0,0.0,1.0,1.0,0.0
199,2006.0,2.0,13.0,202.0,1008.0,0.0,0.0,1.0,1.0,0.0
200,2006.0,2.0,13.0,203.0,1124.0,0.0,0.0,1.0,1.0,0.0
201,2006.0,2.0,1.0,1.0,2077.0,1.0,1.0,2.0,1.0,0.481463649494463
202,2006.0,2.0,1.0,5.0,1815.0,1.0,1.0,2.0,1.0,0.550964187327824
203,2006.0,2.0,1.0,6.0,754.0,1.0,1.0,2.0,1.0,1.3262599469496
204,2006.0,2.0,1.0,11.0,1981.0,1.0,1.0,2.0,1.0,0.504795557799091
205,2006.0,2.0,1.0,17.0,1929.0,1.0,2.0,2.0,1.0,1.03680663556247
206,2006.0,2.0,1.0,21.0,1964.0,1.0,1.0,2.0,1.0,0.509164969450102
207,2006.0,2.0,2.5700000000000003,22.0,1432.0,0.0,0.0,2.0,1.0,0.0
208,2006.0,2.0,2.5700000000000003,23.0,1432.0,0.0,0.0,2.0,1.0,0.0
209,2006.0,2.0,2.5700000000000003,24.0,1432.0,0.0,0.0,2.0,1.0,0.0
210,2006.0,2.0,2.5700000000000003,25.0,1432.0,0.0,0.0,2.0,1.0,0.0
211,2006.0,2.0,2.5700000000000003,26.0,1432.0,0.0,0.0,2.0,1.0,0.0
212,2006.0,2.0,2.5700000000000003,27.0,1432.0,0.0,0.0,2.0,1.0,0.0
213,2006.0,2.0,2.5700000000000003,28.0,1432.0,0.0,0.0,2.0,1.0,0.0
214,2006.0,2.0,2.5700000000000003,29.0,1432.0,0.0,0.0,2.0,1.0,0.0
215,2006.0,2.0,2.5700000000000003,30.0,1432.0,0.0,0.0,2.0,1.0,0.0
216,2006.0,2.0,2.5700000000000003,31.0,1432.0,0.0,0.0,2.0,1.0,0.0
217,2006.0,2.0,2.5700000000000003,32.0,1432.0,0.0,0.0,2.0,1.0,0.0
218,2006.0,2.0,2.5700000000000003,33.0,1432.0,0.0,0.0,2.0,1.0,0.0
219,2006.0,2.0,2.5700000000000003,34.0,1432.0,0.0,0.0,2.0,1.0,0.0
220,2006.0,2.0,2.5700000000000003,35.0,1432.0,0.0,0.0,2.0,1.0,0.0
221,2006.0,2.0,2.5700000000000003,36.0,1432.0,0.0,0.0,2.0,1.0,0.0
222,2006.0,2.0,2.5700000000000003,37.0,1432.0,0.0,0.0,2.0,1.0,0.0
223,2006.0,2.0,2.5700000000000003,38.0,1432.0,0.0,0.0,2.0,1.0,0.0
224,2006.0,2.0,2.5700000000000003,39.0,1432.0,0.0,0.0,2.0,1.0,0.0
225,2006.0,2.0,2.5700000000000003,40.0,1432.0,0.0,0.0,2.0,1.0,0.0
226,2006.0,2.0,2.5700000000000003,41.0,1432.0,0.0,0.0,2.0,1.0,0.0
227,2006.0,2.0,2.5700000000000003,42.0,1446.0,0.0,0.0,2.0,1.0,0.0
228,2007.0,1.0,4.0,1.0,2400.0,1.0,1.0,1.0,1.0,0.416666666666667
229,2007.0,1.0,5.0,4.0,2500.0,1.0,1.0,1.0,1.0,0.4
230,2007.0,1.0,5.0,5.0,2500.0,1.0,1.0,1.0,1.0,0.4
231,2007.0,1.0,5.0,16.0,2500.0,1.0,1.0,1.0,1.0,0.4
232,2007.0,1.0,6.0,17.0,2020.0,0.0,0.0,1.0,1.0,0.0
233,2007.0,1.0,6.0,18.0,2020.0,0.0,0.0,1.0,1.0,0.0
234,2007.0,1.0,6.0,19.0,2020.0,0.0,0.0,1.0,1.0,0.0
235,2007.0,1.0,6.0,20.0,2020.0,0.0,0.0,1.0,1.0,0.0
236,2007.0,1.0,6.0,21.0,2020.0,0.0,0.0,1.0,1.0,0.0
237,2007.0,1.0,6.0,22.0,2020.0,0.0,0.0,1.0,1.0,0.0
238,2007.0,1.0,6.0,23.0,2020.0,0.0,0.0,1.0,1.0,0.0
239,2007.0,1.0,6.0,24.0,2020.0,0.0,0.0,1.0,1.0,0.0
240,2007.0,1.0,6.0,25.0,2020.0,0.0,0.0,1.0,1.0,0.0
241,2007.0,1.0,6.0,26.0,2020.0,0.0,0.0,1.0,1.0,0.0
242,2007.0,1.0,6.0,27.0,2020.0,0.0,0.0,1.0,1.0,0.0
243,2007.0,1.0,6.0,28.0,2020.0,0.0,0.0,1.0,1.0,0.0
244,2007.0,1.0,6.0,29.0,2020.0,0.0,0.0,1.0,1.0,0.0
245,2007.0,1.0,6.0,30.0,2020.0,0.0,0.0,1.0,1.0,0.0
246,2007.0,1.0,6.0,31.0,2020.0,0.0,0.0,1.0,1.0,0.0
247,2007.0,1.0,6.0,32.0,2020.0,0.0,0.0,1.0,1.0,0.0
248,2007.0,1.0,6.0,33.0,2020.0,0.0,0.0,1.0,1.0,0.0
249,2007.0,1.0,6.0,34.0,2020.0,0.0,0.0,1.0,1.0,0.0
250,2007.0,1.0,6.0,35.0,2020.0,0.0,0.0,1.0,1.0,0.0
251,2007.0,1.0,6.0,36.0,2020.0,0.0,0.0,1.0,1.0,0.0
252,2007.0,1.0,6.0,37.0,2020.0,0.0,0.0,1.0,1.0,0.0
253,2007.0,1.0,6.0,38.0,2020.0,0.0,0.0,1.0,1.0,0.0
254,2007.0,1.0,6.0,39.0,2020.0,0.0,0.0,1.0,1.0,0.0
255,2007.0,1.0,6.0,40.0,2020.0,0.0,0.0,1.0,1.0,0.0
256,2007.0,1.0,6.0,41.0,2020.0,0.0,0.0,1.0,1.0,0.0
257,2007.0,1.0,6.0,42.0,2020.0,0.0,0.0,1.0,1.0,0.0
258,2007.0,1.0,6.0,43.0,2020.0,0.0,0.0,1.0,1.0,0.0
259,2007.0,1.0,6.0,44.0,2020.0,0.0,0.0,1.0,1.0,0.0
260,2007.0,1.0,6.0,45.0,2020.0,0.0,0.0,1.0,1.0,0.0
261,2007.0,1.0,6.0,46.0,2020.0,0.0,0.0,1.0,1.0,0.0
262,2007.0,1.0,6.0,47.0,2020.0,0.0,0.0,1.0,1.0,0.0
263,2007.0,1.0,6.0,48.0,2020.0,0.0,0.0,1.0,1.0,0.0
264,2007.0,1.0,6.0,49.0,2020.0,0.0,0.0,1.0,1.0,0.0
265,2007.0,1.0,6.0,50.0,2020.0,0.0,0.0,1.0,1.0,0.0
266,2007.0,1.0,6.0,51.0,2020.0,0.0,0.0,1.0,1.0,0.0
267,2007.0,1.0,6.0,52.0,2020.0,0.0,0.0,1.0,1.0,0.0
268,2007.0,1.0,6.0,53.0,2020.0,0.0,0.0,1.0,1.0,0.0
269,2007.0,1.0,6.0,54.0,2020.0,0.0,0.0,1.0,1.0,0.0
270,2007.0,1.0,6.0,55.0,2020.0,0.0,0.0,1.0,1.0,0.0
271,2007.0,1.0,6.0,56.0,2020.0,0.0,0.0,1.0,1.0,0.0
272,2007.0,1.0,6.0,57.0,2020.0,0.0,0.0,1.0,1.0,0.0
273,2007.0,1.0,6.0,58.0,2020.0,0.0,0.0,1.0,1.0,0.0
274,2007.0,1.0,6.0,59.0,2020.0,0.0,0.0,1.0,1.0,0.0
275,2007.0,1.0,6.0,60.0,2020.0,0.0,0.0,1.0,1.0,0.0
276,2007.0,1.0,6.0,61.0,2020.0,0.0,0.0,1.0,1.0,0.0
277,2007.0,1.0,6.0,62.0,2020.0,0.0,0.0,1.0,1.0,0.0
278,2007.0,1.0,6.0,63.0,2020.0,0.0,0.0,1.0,1.0,0.0
279,2007.0,1.0,6.0,64.0,2020.0,0.0,0.0,1.0,1.0,0.0
280,2007.0,1.0,6.0,65.0,2020.0,0.0,0.0,1.0,1.0,0.0
281,2007.0,1.0,6.0,66.0,2020.0,0.0,0.0,1.0,1.0,0.0
282,2007.0,1.0,6.0,67.0,2025.0,0.0,0.0,1.0,1.0,0.0
283,2007.0,2.0,6.0,8.0,1475.0,1.0,1.0,1.0,1.0,0.677966101694915
284,2007.0,2.0,6.0,15.0,1475.0,1.0,1.0,1.0,1.0,0.677966101694915
285,2007.0,2.0,7.0,7.0,650.0,2.0,1.0,1.0,1.0,1.53846153846154
286,2007.0,2.0,7.0,16.0,907.0,0.0,0.0,1.0,1.0,0.0
287,2007.0,2.0,7.0,17.0,907.0,0.0,0.0,1.0,1.0,0.0
288,2007.0,2.0,7.0,18.0,907.0,0.0,0.0,1.0,1.0,0.0
289,2007.0,2.0,7.0,19.0,907.0,0.0,0.0,1.0,1.0,0.0
290,2007.0,2.0,7.0,20.0,907.0,0.0,0.0,1.0,1.0,0.0
291,2007.0,2.0,7.0,21.0,907.0,0.0,0.0,1.0,1.0,0.0
292,2007.0,2.0,7.0,22.0,907.0,0.0,0.0,1.0,1.0,0.0
293,2007.0,2.0,7.0,23.0,907.0,0.0,0.0,1.0,1.0,0.0
294,2007.0,2.0,7.0,24.0,907.0,0.0,0.0,1.0,1.0,0.0
295,2007.0,2.0,7.0,25.0,907.0,0.0,0.0,1.0,1.0,0.0
296,2007.0,2.0,7.0,26.0,907.0,0.0,0.0,1.0,1.0,0.0
297,2007.0,2.0,7.0,27.0,907.0,0.0,0.0,1.0,1.0,0.0
298,2007.0,2.0,7.0,28.0,907.0,0.0,0.0,1.0,1.0,0.0
299,2007.0,2.0,7.0,29.0,907.0,0.0,0.0,1.0,1.0,0.0
300,2007.0,2.0,7.0,30.0,907.0,0.0,0.0,1.0,1.0,0.0
301,2007.0,2.0,7.0,31.0,907.0,0.0,0.0,1.0,1.0,0.0
302,2007.0,2.0,7.0,32.0,907.0,0.0,0.0,1.0,1.0,0.0
303,2007.0,2.0,7.0,33.0,907.0,0.0,0.0,1.0,1.0,0.0
304,2007.0,2.0,7.0,34.0,907.0,0.0,0.0,1.0,1.0,0.0
305,2007.0,2.0,7.0,35.0,907.0,0.0,0.0,1.0,1.0,0.0
306,2007.0,2.0,7.0,36.0,907.0,0.0,0.0,1.0,1.0,0.0
307,2007.0,2.0,7.0,37.0,907.0,0.0,0.0,1.0,1.0,0.0
308,2007.0,2.0,7.0,38.0,907.0,0.0,0.0,1.0,1.0,0.0
309,2007.0,2.0,7.0,39.0,907.0,0.0,0.0,1.0,1.0,0.0
310,2007.0,2.0,7.0,40.0,907.0,0.0,0.0,1.0,1.0,0.0
311,2007.0,2.0,7.0,41.0,907.0,0.0,0.0,1.0,1.0,0.0
312,2007.0,2.0,7.0,42.0,907.0,0.0,0.0,1.0,1.0,0.0
313,2007.0,2.0,7.0,43.0,907.0,0.0,0.0,1.0,1.0,0.0
314,2007.0,2.0,7.0,44.0,907.0,0.0,0.0,1.0,1.0,0.0
315,2007.0,2.0,7.0,45.0,907.0,0.0,0.0,1.0,1.0,0.0
316,2007.0,2.0,7.0,46.0,907.0,0.0,0.0,1.0,1.0,0.0
317,2007.0,2.0,7.0,47.0,907.0,0.0,0.0,1.0,1.0,0.0
318,2007.0,2.0,7.0,48.0,907.0,0.0,0.0,1.0,1.0,0.0
319,2007.0,2.0,7.0,49.0,907.0,0.0,0.0,1.0,1.0,0.0
320,2007.0,2.0,7.0,50.0,907.0,0.0,0.0,1.0,1.0,0.0
321,2007.0,2.0,7.0,51.0,907.0,0.0,0.0,1.0,1.0,0.0
322,2007.0,2.0,7.0,52.0,907.0,0.0,0.0,1.0,1.0,0.0
323,2007.0,2.0,7.0,53.0,907.0,0.0,0.0,1.0,1.0,0.0
324,2007.0,2.0,7.0,54.0,907.0,0.0,0.0,1.0,1.0,0.0
325,2007.0,2.0,7.0,55.0,907.0,0.0,0.0,1.0,1.0,0.0
326,2007.0,2.0,7.0,56.0,907.0,0.0,0.0,1.0,1.0,0.0
327,2007.0,2.0,7.0,57.0,907.0,0.0,0.0,1.0,1.0,0.0
328,2007.0,2.0,7.0,58.0,907.0,0.0,0.0,1.0,1.0,0.0
329,2007.0,2.0,7.0,59.0,907.0,0.0,0.0,1.0,1.0,0.0
330,2007.0,2.0,7.0,60.0,907.0,0.0,0.0,1.0,1.0,0.0
331,2007.0,2.0,7.0,61.0,907.0,0.0,0.0,1.0,1.0,0.0
332,2007.0,2.0,7.0,62.0,907.0,0.0,0.0,1.0,1.0,0.0
333,2007.0,2.0,7.0,63.0,907.0,0.0,0.0,1.0,1.0,0.0
334,2007.0,2.0,7.0,64.0,907.0,0.0,0.0,1.0,1.0,0.0
335,2007.0,2.0,7.0,65.0,907.0,0.0,0.0,1.0,1.0,0.0
336,2007.0,2.0,7.0,66.0,907.0,0.0,0.0,1.0,1.0,0.0
337,2007.0,2.0,7.0,67.0,907.0,0.0,0.0,1.0,1.0,0.0
338,2007.0,2.0,7.0,68.0,907.0,0.0,0.0,1.0,1.0,0.0
339,2007.0,2.0,7.0,69.0,907.0,0.0,0.0,1.0,1.0,0.0
340,2007.0,2.0,7.0,70.0,907.0,0.0,0.0,1.0,1.0,0.0
341,2007.0,2.0,7.0,71.0,907.0,0.0,0.0,1.0,1.0,0.0
342,2007.0,2.0,7.0,72.0,907.0,0.0,0.0,1.0,1.0,0.0
343,2007.0,2.0,7.0,73.0,907.0,0.0,0.0,1.0,1.0,0.0
344,2007.0,2.0,7.0,74.0,907.0,0.0,0.0,1.0,1.0,0.0
345,2007.0,2.0,7.0,75.0,907.0,0.0,0.0,1.0,1.0,0.0
346,2007.0,2.0,7.0,76.0,907.0,0.0,0.0,1.0,1.0,0.0
347,2007.0,2.0,7.0,77.0,907.0,0.0,0.0,1.0,1.0,0.0
348,2007.0,2.0,7.0,78.0,907.0,0.0,0.0,1.0,1.0,0.0
349,2007.0,2.0,7.0,79.0,907.0,0.0,0.0,1.0,1.0,0.0
350,2007.0,2.0,7.0,80.0,907.0,0.0,0.0,1.0,1.0,0.0
351,2007.0,2.0,7.0,81.0,907.0,0.0,0.0,1.0,1.0,0.0
352,2007.0,2.0,7.0,82.0,907.0,0.0,0.0,1.0,1.0,0.0
353,2007.0,2.0,7.0,83.0,907.0,0.0,0.0,1.0,1.0,0.0
354,2007.0,2.0,7.0,84.0,907.0,0.0,0.0,1.0,1.0,0.0
355,2007.0,2.0,7.0,85.0,907.0,0.0,0.0,1.0,1.0,0.0
356,2007.0,2.0,7.0,86.0,907.0,0.0,0.0,1.0,1.0,0.0
357,2007.0,2.0,7.0,87.0,907.0,0.0,0.0,1.0,1.0,0.0
358,2007.0,2.0,7.0,88.0,907.0,0.0,0.0,1.0,1.0,0.0
359,2007.0,2.0,7.0,89.0,907.0,0.0,0.0,1.0,1.0,0.0
360,2007.0,2.0,7.0,90.0,907.0,0.0,0.0,1.0,1.0,0.0
361,2007.0,2.0,7.0,91.0,907.0,0.0,0.0,1.0,1.0,0.0
362,2007.0,2.0,7.0,92.0,907.0,0.0,0.0,1.0,1.0,0.0
363,2007.0,2.0,7.0,93.0,907.0,0.0,0.0,1.0,1.0,0.0
364,2007.0,2.0,7.0,94.0,907.0,0.0,0.0,1.0,1.0,0.0
365,2007.0,2.0,7.0,95.0,907.0,0.0,0.0,1.0,1.0,0.0
366,2007.0,2.0,7.0,96.0,907.0,0.0,0.0,1.0,1.0,0.0
367,2007.0,2.0,7.0,97.0,907.0,0.0,0.0,1.0,1.0,0.0
368,2007.0,2.0,7.0,98.0,907.0,0.0,0.0,1.0,1.0,0.0
369,2007.0,2.0,7.0,99.0,907.0,0.0,0.0,1.0,1.0,0.0
370,2007.0,2.0,7.0,100.0,907.0,0.0,0.0,1.0,1.0,0.0
371,2007.0,2.0,7.0,101.0,907.0,0.0,0.0,1.0,1.0,0.0
372,2007.0,2.0,7.0,102.0,907.0,0.0,0.0,1.0,1.0,0.0
373,2007.0,2.0,7.0,103.0,907.0,0.0,0.0,1.0,1.0,0.0
374,2007.0,2.0,7.0,104.0,907.0,0.0,0.0,1.0,1.0,0.0
375,2007.0,2.0,7.0,105.0,907.0,0.0,0.0,1.0,1.0,0.0
376,2007.0,2.0,7.0,106.0,907.0,0.0,0.0,1.0,1.0,0.0
377,2007.0,2.0,7.0,107.0,907.0,0.0,0.0,1.0,1.0,0.0
378,2007.0,2.0,7.0,108.0,907.0,0.0,0.0,1.0,1.0,0.0
379,2007.0,2.0,7.0,109.0,907.0,0.0,0.0,1.0,1.0,0.0
380,2007.0,2.0,7.0,110.0,907.0,0.0,0.0,1.0,1.0,0.0
381,2007.0,2.0,7.0,111.0,907.0,0.0,0.0,1.0,1.0,0.0
382,2007.0,2.0,7.0,112.0,907.0,0.0,0.0,1.0,1.0,0.0
383,2007.0,2.0,7.0,113.0,907.0,0.0,0.0,1.0,1.0,0.0
384,2007.0,2.0,7.0,114.0,907.0,0.0,0.0,1.0,1.0,0.0
385,2007.0,2.0,7.0,115.0,907.0,0.0,0.0,1.0,1.0,0.0
386,2007.0,2.0,7.0,116.0,907.0,0.0,0.0,1.0,1.0,0.0
387,2007.0,2.0,7.0,117.0,907.0,0.0,0.0,1.0,1.0,0.0
388,2007.0,2.0,7.0,118.0,907.0,0.0,0.0,1.0,1.0,0.0
389,2007.0,2.0,7.0,119.0,907.0,0.0,0.0,1.0,1.0,0.0
390,2007.0,2.0,7.0,120.0,907.0,0.0,0.0,1.0,1.0,0.0
391,2007.0,2.0,7.0,121.0,907.0,0.0,0.0,1.0,1.0,0.0
392,2007.0,2.0,7.0,122.0,907.0,0.0,0.0,1.0,1.0,0.0
393,2007.0,2.0,7.0,123.0,907.0,0.0,0.0,1.0,1.0,0.0
394,2007.0,2.0,7.0,124.0,907.0,0.0,0.0,1.0,1.0,0.0
395,2007.0,2.0,7.0,125.0,907.0,0.0,0.0,1.0,1.0,0.0
396,2007.0,2.0,7.0,126.0,907.0,0.0,0.0,1.0,1.0,0.0
397,2007.0,2.0,7.0,127.0,907.0,0.0,0.0,1.0,1.0,0.0
398,2007.0,2.0,7.0,128.0,907.0,0.0,0.0,1.0,1.0,0.0
399,2007.0,2.0,7.0,129.0,907.0,0.0,0.0,1.0,1.0,0.0
400,2007.0,2.0,7.0,130.0,907.0,0.0,0.0,1.0,1.0,0.0
401,2007.0,2.0,7.0,131.0,907.0,0.0,0.0,1.0,1.0,0.0
402,2007.0,2.0,7.0,132.0,907.0,0.0,0.0,1.0,1.0,0.0
403,2007.0,2.0,7.0,133.0,907.0,0.0,0.0,1.0,1.0,0.0
404,2007.0,2.0,7.0,134.0,907.0,0.0,0.0,1.0,1.0,0.0
405,2007.0,2.0,7.0,135.0,907.0,0.0,0.0,1.0,1.0,0.0
406,2007.0,2.0,7.0,136.0,907.0,0.0,0.0,1.0,1.0,0.0
407,2007.0,2.0,7.0,137.0,907.0,0.0,0.0,1.0,1.0,0.0
408,2007.0,2.0,7.0,138.0,907.0,0.0,0.0,1.0,1.0,0.0
409,2007.0,2.0,7.0,139.0,907.0,0.0,0.0,1.0,1.0,0.0
410,2007.0,2.0,7.0,140.0,907.0,0.0,0.0,1.0,1.0,0.0
411,2007.0,2.0,7.0,141.0,907.0,0.0,0.0,1.0,1.0,0.0
412,2007.0,2.0,7.0,142.0,907.0,0.0,0.0,1.0,1.0,0.0
413,2007.0,2.0,7.0,143.0,907.0,0.0,0.0,1.0,1.0,0.0
414,2007.0,2.0,7.0,144.0,907.0,0.0,0.0,1.0,1.0,0.0
415,2007.0,2.0,7.0,145.0,907.0,0.0,0.0,1.0,1.0,0.0
416,2007.0,2.0,7.0,146.0,907.0,0.0,0.0,1.0,1.0,0.0
417,2007.0,2.0,7.0,147.0,907.0,0.0,0.0,1.0,1.0,0.0
418,2007.0,2.0,7.0,148.0,907.0,0.0,0.0,1.0,1.0,0.0
419,2007.0,2.0,7.0,149.0,907.0,0.0,0.0,1.0,1.0,0.0
420,2007.0,2.0,7.0,150.0,907.0,0.0,0.0,1.0,1.0,0.0
421,2007.0,2.0,7.0,151.0,1030.0,0.0,0.0,1.0,1.0,0.0
422,2007.0,1.0,6.0,1.0,1144.0,0.0,0.0,2.0,1.0,0.0
423,2007.0,1.0,6.0,2.0,1144.0,0.0,0.0,2.0,1.0,0.0
424,2007.0,1.0,6.0,3.0,1144.0,0.0,0.0,2.0,1.0,0.0
425,2007.0,1.0,6.0,4.0,1144.0,0.0,0.0,2.0,1.0,0.0
426,2007.0,1.0,6.0,5.0,1144.0,0.0,0.0,2.0,1.0,0.0
427,2007.0,1.0,6.0,6.0,1144.0,0.0,0.0,2.0,1.0,0.0
428,2007.0,1.0,6.0,7.0,1144.0,0.0,0.0,2.0,1.0,0.0
429,2007.0,1.0,6.0,8.0,1144.0,0.0,0.0,2.0,1.0,0.0
430,2007.0,1.0,6.0,9.0,1144.0,0.0,0.0,2.0,1.0,0.0
431,2007.0,1.0,6.0,10.0,1144.0,0.0,0.0,2.0,1.0,0.0
432,2007.0,1.0,6.0,11.0,1144.0,0.0,0.0,2.0,1.0,0.0
433,2007.0,1.0,6.0,12.0,1144.0,0.0,0.0,2.0,1.0,0.0
434,2007.0,1.0,6.0,13.0,1144.0,0.0,0.0,2.0,1.0,0.0
435,2007.0,1.0,6.0,14.0,1144.0,0.0,0.0,2.0,1.0,0.0
436,2007.0,1.0,6.0,15.0,1144.0,0.0,0.0,2.0,1.0,0.0
437,2007.0,1.0,6.0,16.0,1144.0,0.0,0.0,2.0,1.0,0.0
438,2007.0,1.0,6.0,17.0,1144.0,0.0,0.0,2.0,1.0,0.0
439,2007.0,1.0,6.0,18.0,1144.0,0.0,0.0,2.0,1.0,0.0
440,2007.0,1.0,6.0,19.0,1144.0,0.0,0.0,2.0,1.0,0.0
441,2007.0,1.0,6.0,20.0,1144.0,0.0,0.0,2.0,1.0,0.0
442,2007.0,1.0,6.0,21.0,1144.0,0.0,0.0,2.0,1.0,0.0
443,2007.0,1.0,6.0,22.0,1144.0,0.0,0.0,2.0,1.0,0.0
444,2007.0,1.0,6.0,23.0,1144.0,0.0,0.0,2.0,1.0,0.0
445,2007.0,1.0,6.0,24.0,1144.0,0.0,0.0,2.0,1.0,0.0
446,2007.0,1.0,6.0,25.0,1144.0,0.0,0.0,2.0,1.0,0.0
447,2007.0,1.0,6.0,26.0,1144.0,0.0,0.0,2.0,1.0,0.0
448,2007.0,1.0,6.0,27.0,1144.0,0.0,0.0,2.0,1.0,0.0
449,2007.0,1.0,6.0,28.0,1144.0,0.0,0.0,2.0,1.0,0.0
450,2007.0,1.0,6.0,29.0,1144.0,0.0,0.0,2.0,1.0,0.0
451,2007.0,1.0,6.0,30.0,1144.0,0.0,0.0,2.0,1.0,0.0
452,2007.0,1.0,6.0,31.0,1144.0,0.0,0.0,2.0,1.0,0.0
453,2007.0,1.0,6.0,32.0,1144.0,0.0,0.0,2.0,1.0,0.0
454,2007.0,1.0,6.0,33.0,1144.0,0.0,0.0,2.0,1.0,0.0
455,2007.0,1.0,6.0,34.0,1144.0,0.0,0.0,2.0,1.0,0.0
456,2007.0,1.0,6.0,35.0,1144.0,0.0,0.0,2.0,1.0,0.0
457,2007.0,1.0,6.0,36.0,1144.0,0.0,0.0,2.0,1.0,0.0
458,2007.0,1.0,6.0,37.0,1144.0,0.0,0.0,2.0,1.0,0.0
459,2007.0,1.0,6.0,38.0,1144.0,0.0,0.0,2.0,1.0,0.0
460,2007.0,1.0,6.0,39.0,1144.0,0.0,0.0,2.0,1.0,0.0
461,2007.0,1.0,6.0,40.0,1144.0,0.0,0.0,2.0,1.0,0.0
462,2007.0,1.0,6.0,41.0,1144.0,0.0,0.0,2.0,1.0,0.0
463,2007.0,1.0,6.0,42.0,1144.0,0.0,0.0,2.0,1.0,0.0
464,2007.0,1.0,6.0,43.0,1144.0,0.0,0.0,2.0,1.0,0.0
465,2007.0,1.0,6.0,44.0,1144.0,0.0,0.0,2.0,1.0,0.0
466,2007.0,1.0,6.0,45.0,1144.0,0.0,0.0,2.0,1.0,0.0
467,2007.0,1.0,6.0,46.0,1144.0,0.0,0.0,2.0,1.0,0.0
468,2007.0,1.0,6.0,47.0,1144.0,0.0,0.0,2.0,1.0,0.0
469,2007.0,1.0,6.0,48.0,1144.0,0.0,0.0,2.0,1.0,0.0
470,2007.0,1.0,6.0,49.0,1144.0,0.0,0.0,2.0,1.0,0.0
471,2007.0,1.0,6.0,50.0,1144.0,0.0,0.0,2.0,1.0,0.0
472,2007.0,1.0,6.0,51.0,1144.0,0.0,0.0,2.0,1.0,0.0
473,2007.0,1.0,6.0,52.0,1144.0,0.0,0.0,2.0,1.0,0.0
474,2007.0,1.0,6.0,53.0,1144.0,0.0,0.0,2.0,1.0,0.0
475,2007.0,1.0,6.0,54.0,1144.0,0.0,0.0,2.0,1.0,0.0
476,2007.0,1.0,6.0,55.0,1144.0,0.0,0.0,2.0,1.0,0.0
477,2007.0,1.0,6.0,56.0,1144.0,0.0,0.0,2.0,1.0,0.0
478,2007.0,1.0,6.0,57.0,1144.0,0.0,0.0,2.0,1.0,0.0
479,2007.0,1.0,6.0,58.0,1144.0,0.0,0.0,2.0,1.0,0.0
480,2007.0,1.0,6.0,59.0,1144.0,0.0,0.0,2.0,1.0,0.0
481,2007.0,1.0,6.0,60.0,1144.0,0.0,0.0,2.0,1.0,0.0
482,2007.0,1.0,6.0,61.0,1144.0,0.0,0.0,2.0,1.0,0.0
483,2007.0,1.0,6.0,62.0,1144.0,0.0,0.0,2.0,1.0,0.0
484,2007.0,1.0,6.0,63.0,1144.0,0.0,0.0,2.0,1.0,0.0
485,2007.0,1.0,6.0,64.0,1144.0,0.0,0.0,2.0,1.0,0.0
486,2007.0,1.0,6.0,65.0,1144.0,0.0,0.0,2.0,1.0,0.0
487,2007.0,1.0,6.0,66.0,1144.0,0.0,0.0,2.0,1.0,0.0
488,2007.0,1.0,6.0,67.0,1144.0,0.0,0.0,2.0,1.0,0.0
489,2007.0,1.0,6.0,68.0,1144.0,0.0,0.0,2.0,1.0,0.0
490,2007.0,1.0,6.0,69.0,1144.0,0.0,0.0,2.0,1.0,0.0
491,2007.0,1.0,6.0,70.0,1144.0,0.0,0.0,2.0,1.0,0.0
492,2007.0,1.0,6.0,71.0,1144.0,0.0,0.0,2.0,1.0,0.0
493,2007.0,1.0,6.0,72.0,1144.0,0.0,0.0,2.0,1.0,0.0
494,2007.0,1.0,6.0,73.0,1144.0,0.0,0.0,2.0,1.0,0.0
495,2007.0,1.0,6.0,74.0,1144.0,0.0,0.0,2.0,1.0,0.0
496,2007.0,1.0,6.0,75.0,1144.0,0.0,0.0,2.0,1.0,0.0
497,2007.0,1.0,6.0,76.0,1144.0,0.0,0.0,2.0,1.0,0.0
498,2007.0,1.0,6.0,77.0,1144.0,0.0,0.0,2.0,1.0,0.0
499,2007.0,1.0,6.0,78.0,1144.0,0.0,0.0,2.0,1.0,0.0
500,2007.0,1.0,6.0,79.0,1144.0,0.0,0.0,2.0,1.0,0.0
501,2007.0,1.0,6.0,80.0,1144.0,0.0,0.0,2.0,1.0,0.0
502,2007.0,1.0,6.0,81.0,1144.0,0.0,0.0,2.0,1.0,0.0
503,2007.0,1.0,6.0,82.0,1144.0,0.0,0.0,2.0,1.0,0.0
504,2007.0,1.0,6.0,83.0,1144.0,0.0,0.0,2.0,1.0,0.0
505,2007.0,1.0,6.0,84.0,1144.0,0.0,0.0,2.0,1.0,0.0
506,2007.0,1.0,6.0,85.0,1144.0,0.0,0.0,2.0,1.0,0.0
507,2007.0,1.0,6.0,86.0,1144.0,0.0,0.0,2.0,1.0,0.0
508,2007.0,1.0,6.0,87.0,1144.0,0.0,0.0,2.0,1.0,0.0
509,2007.0,1.0,6.0,88.0,1144.0,0.0,0.0,2.0,1.0,0.0
510,2007.0,1.0,6.0,89.0,1144.0,0.0,0.0,2.0,1.0,0.0
511,2007.0,1.0,6.0,90.0,1144.0,0.0,0.0,2.0,1.0,0.0
512,2007.0,1.0,6.0,91.0,1144.0,0.0,0.0,2.0,1.0,0.0
513,2007.0,1.0,6.0,92.0,1144.0,0.0,0.0,2.0,1.0,0.0
514,2007.0,1.0,6.0,93.0,1144.0,0.0,0.0,2.0,1.0,0.0
515,2007.0,1.0,6.0,94.0,1144.0,0.0,0.0,2.0,1.0,0.0
516,2007.0,1.0,6.0,95.0,1144.0,0.0,0.0,2.0,1.0,0.0
517,2007.0,1.0,6.0,96.0,1144.0,0.0,0.0,2.0,1.0,0.0
518,2007.0,1.0,6.0,97.0,1144.0,0.0,0.0,2.0,1.0,0.0
519,2007.0,1.0,6.0,98.0,1144.0,0.0,0.0,2.0,1.0,0.0
520,2007.0,1.0,6.0,99.0,1199.0,0.0,0.0,2.0,1.0,0.0
521,2007.0,2.0,8.0,3.0,1100.0,1.0,1.0,2.0,1.0,0.909090909090909
522,2007.0,2.0,4.91,4.0,1085.0,0.0,0.0,2.0,1.0,0.0
523,2007.0,2.0,4.91,5.0,1085.0,0.0,0.0,2.0,1.0,0.0
524,2007.0,2.0,4.91,6.0,1085.0,0.0,0.0,2.0,1.0,0.0
525,2007.0,2.0,4.91,7.0,1085.0,0.0,0.0,2.0,1.0,0.0
526,2007.0,2.0,4.91,8.0,1085.0,0.0,0.0,2.0,1.0,0.0
527,2007.0,2.0,4.91,9.0,1085.0,0.0,0.0,2.0,1.0,0.0
528,2007.0,2.0,4.91,10.0,1085.0,0.0,0.0,2.0,1.0,0.0
529,2007.0,2.0,4.91,11.0,1085.0,0.0,0.0,2.0,1.0,0.0
530,2007.0,2.0,4.91,12.0,1085.0,0.0,0.0,2.0,1.0,0.0
531,2007.0,2.0,4.91,13.0,1085.0,0.0,0.0,2.0,1.0,0.0
532,2007.0,2.0,4.91,14.0,1085.0,0.0,0.0,2.0,1.0,0.0
533,2007.0,2.0,4.91,15.0,1085.0,0.0,0.0,2.0,1.0,0.0
534,2007.0,2.0,4.91,16.0,1085.0,0.0,0.0,2.0,1.0,0.0
535,2007.0,2.0,4.91,17.0,1085.0,0.0,0.0,2.0,1.0,0.0
536,2007.0,2.0,4.91,18.0,1085.0,0.0,0.0,2.0,1.0,0.0
537,2007.0,2.0,4.91,19.0,1085.0,0.0,0.0,2.0,1.0,0.0
538,2007.0,2.0,4.91,20.0,1085.0,0.0,0.0,2.0,1.0,0.0
539,2007.0,2.0,4.91,21.0,1085.0,0.0,0.0,2.0,1.0,0.0
540,2007.0,2.0,4.91,22.0,1085.0,0.0,0.0,2.0,1.0,0.0
541,2007.0,2.0,4.91,23.0,1085.0,0.0,0.0,2.0,1.0,0.0
542,2007.0,2.0,4.91,24.0,1085.0,0.0,0.0,2.0,1.0,0.0
543,2007.0,2.0,4.91,25.0,1085.0,0.0,0.0,2.0,1.0,0.0
544,2007.0,2.0,4.91,26.0,1085.0,0.0,0.0,2.0,1.0,0.0
545,2007.0,2.0,4.91,27.0,1085.0,0.0,0.0,2.0,1.0,0.0
546,2007.0,2.0,4.91,28.0,1085.0,0.0,0.0,2.0,1.0,0.0
547,2007.0,2.0,4.91,29.0,1085.0,0.0,0.0,2.0,1.0,0.0
548,2007.0,2.0,4.91,30.0,1085.0,0.0,0.0,2.0,1.0,0.0
549,2007.0,2.0,4.91,31.0,1085.0,0.0,0.0,2.0,1.0,0.0
550,2007.0,2.0,4.91,32.0,1085.0,0.0,0.0,2.0,1.0,0.0
551,2007.0,2.0,4.91,33.0,1085.0,0.0,0.0,2.0,1.0,0.0
552,2007.0,2.0,4.91,34.0,1085.0,0.0,0.0,2.0,1.0,0.0
553,2007.0,2.0,4.91,35.0,1085.0,0.0,0.0,2.0,1.0,0.0
554,2007.0,2.0,4.91,36.0,1085.0,0.0,0.0,2.0,1.0,0.0
555,2007.0,2.0,4.91,37.0,1085.0,0.0,0.0,2.0,1.0,0.0
556,2007.0,2.0,4.91,38.0,1085.0,0.0,0.0,2.0,1.0,0.0
557,2007.0,2.0,4.91,39.0,1085.0,0.0,0.0,2.0,1.0,0.0
558,2007.0,2.0,4.91,40.0,1085.0,0.0,0.0,2.0,1.0,0.0
559,2007.0,2.0,4.91,41.0,1085.0,0.0,0.0,2.0,1.0,0.0
560,2007.0,2.0,4.91,42.0,1085.0,0.0,0.0,2.0,1.0,0.0
561,2007.0,2.0,4.91,43.0,1085.0,0.0,0.0,2.0,1.0,0.0
562,2007.0,2.0,4.91,44.0,1085.0,0.0,0.0,2.0,1.0,0.0
563,2007.0,2.0,4.91,45.0,1085.0,0.0,0.0,2.0,1.0,0.0
564,2007.0,2.0,4.91,46.0,1085.0,0.0,0.0,2.0,1.0,0.0
565,2007.0,2.0,4.91,47.0,1085.0,0.0,0.0,2.0,1.0,0.0
566,2007.0,2.0,4.91,48.0,1085.0,0.0,0.0,2.0,1.0,0.0
567,2007.0,2.0,4.91,49.0,1085.0,0.0,0.0,2.0,1.0,0.0
568,2007.0,2.0,4.91,50.0,1085.0,0.0,0.0,2.0,1.0,0.0
569,2007.0,2.0,4.91,51.0,1085.0,0.0,0.0,2.0,1.0,0.0
570,2007.0,2.0,4.91,52.0,1085.0,0.0,0.0,2.0,1.0,0.0
571,2007.0,2.0,4.91,53.0,1085.0,0.0,0.0,2.0,1.0,0.0
572,2007.0,2.0,4.91,54.0,1085.0,0.0,0.0,2.0,1.0,0.0
573,2007.0,2.0,4.91,55.0,1085.0,0.0,0.0,2.0,1.0,0.0
574,2007.0,2.0,4.91,56.0,1085.0,0.0,0.0,2.0,1.0,0.0
575,2007.0,2.0,4.91,57.0,1085.0,0.0,0.0,2.0,1.0,0.0
576,2007.0,2.0,4.91,58.0,1085.0,0.0,0.0,2.0,1.0,0.0
577,2007.0,2.0,4.91,59.0,1085.0,0.0,0.0,2.0,1.0,0.0
578,2007.0,2.0,4.91,60.0,1085.0,0.0,0.0,2.0,1.0,0.0
579,2007.0,2.0,4.91,61.0,1085.0,0.0,0.0,2.0,1.0,0.0
580,2007.0,2.0,4.91,62.0,1085.0,0.0,0.0,2.0,1.0,0.0
581,2007.0,2.0,4.91,63.0,1085.0,0.0,0.0,2.0,1.0,0.0
582,2007.0,2.0,4.91,64.0,1085.0,0.0,0.0,2.0,1.0,0.0
583,2007.0,2.0,4.91,65.0,1085.0,0.0,0.0,2.0,1.0,0.0
584,2007.0,2.0,4.91,66.0,1085.0,0.0,0.0,2.0,1.0,0.0
585,2007.0,2.0,4.91,67.0,1085.0,0.0,0.0,2.0,1.0,0.0
586,2007.0,2.0,4.91,68.0,1085.0,0.0,0.0,2.0,1.0,0.0
587,2007.0,2.0,4.91,69.0,1085.0,0.0,0.0,2.0,1.0,0.0
588,2007.0,2.0,4.91,70.0,1085.0,0.0,0.0,2.0,1.0,0.0
589,2007.0,2.0,4.91,71.0,1085.0,0.0,0.0,2.0,1.0,0.0
590,2007.0,2.0,4.91,72.0,1085.0,0.0,0.0,2.0,1.0,0.0
591,2007.0,2.0,4.91,73.0,1085.0,0.0,0.0,2.0,1.0,0.0
592,2007.0,2.0,4.91,74.0,1085.0,0.0,0.0,2.0,1.0,0.0
593,2007.0,2.0,4.91,75.0,1085.0,0.0,0.0,2.0,1.0,0.0
594,2007.0,2.0,4.91,76.0,1085.0,0.0,0.0,2.0,1.0,0.0
595,2007.0,2.0,4.91,77.0,1085.0,0.0,0.0,2.0,1.0,0.0
596,2007.0,2.0,4.91,78.0,1085.0,0.0,0.0,2.0,1.0,0.0
597,2007.0,2.0,4.91,79.0,1085.0,0.0,0.0,2.0,1.0,0.0
598,2007.0,2.0,4.91,80.0,1085.0,0.0,0.0,2.0,1.0,0.0
599,2007.0,2.0,4.91,81.0,1148.0,0.0,0.0,2.0,1.0,0.0
600,2008.0,1.0,2.0,1.0,1200.0,0.0,0.0,1.0,1.0,0.0
601,2008.0,1.0,2.0,2.0,1200.0,0.0,0.0,1.0,1.0,0.0
602,2008.0,1.0,2.0,3.0,1200.0,0.0,0.0,1.0,1.0,0.0
603,2008.0,1.0,2.0,4.0,1200.0,0.0,0.0,1.0,1.0,0.0
604,2008.0,1.0,2.0,5.0,1200.0,0.0,0.0,1.0,1.0,0.0
605,2008.0,1.0,2.0,6.0,1200.0,0.0,0.0,1.0,1.0,0.0
606,2008.0,1.0,2.0,7.0,1200.0,0.0,0.0,1.0,1.0,0.0
607,2008.0,1.0,2.0,8.0,1200.0,0.0,0.0,1.0,1.0,0.0
608,2008.0,1.0,2.0,9.0,1200.0,0.0,0.0,1.0,1.0,0.0
609,2008.0,1.0,2.0,10.0,1200.0,0.0,0.0,1.0,1.0,0.0
610,2008.0,1.0,2.0,11.0,1200.0,0.0,0.0,1.0,1.0,0.0
611,2008.0,1.0,2.0,12.0,1200.0,0.0,0.0,1.0,1.0,0.0
612,2008.0,1.0,2.0,13.0,1200.0,0.0,0.0,1.0,1.0,0.0
613,2008.0,1.0,2.0,14.0,1200.0,0.0,0.0,1.0,1.0,0.0
614,2008.0,1.0,2.0,15.0,1200.0,0.0,0.0,1.0,1.0,0.0
615,2008.0,2.0,3.0,1.0,752.0,0.0,0.0,1.0,1.0,0.0
616,2008.0,2.0,3.0,2.0,752.0,0.0,0.0,1.0,1.0,0.0
617,2008.0,2.0,3.0,3.0,752.0,0.0,0.0,1.0,1.0,0.0
618,2008.0,2.0,3.0,4.0,752.0,0.0,0.0,1.0,1.0,0.0
619,2008.0,2.0,3.0,5.0,752.0,0.0,0.0,1.0,1.0,0.0
620,2008.0,2.0,3.0,6.0,752.0,0.0,0.0,1.0,1.0,0.0
621,2008.0,2.0,3.0,7.0,752.0,0.0,0.0,1.0,1.0,0.0
622,2008.0,2.0,3.0,8.0,752.0,0.0,0.0,1.0,1.0,0.0
623,2008.0,2.0,3.0,9.0,752.0,0.0,0.0,1.0,1.0,0.0
624,2008.0,2.0,3.0,10.0,752.0,0.0,0.0,1.0,1.0,0.0
625,2008.0,2.0,3.0,11.0,752.0,0.0,0.0,1.0,1.0,0.0
626,2008.0,2.0,3.0,12.0,752.0,0.0,0.0,1.0,1.0,0.0
627,2008.0,2.0,3.0,13.0,752.0,0.0,0.0,1.0,1.0,0.0
628,2008.0,2.0,3.0,14.0,752.0,0.0,0.0,1.0,1.0,0.0
629,2008.0,2.0,3.0,15.0,752.0,0.0,0.0,1.0,1.0,0.0
630,2008.0,2.0,3.0,16.0,752.0,0.0,0.0,1.0,1.0,0.0
631,2008.0,2.0,3.0,17.0,752.0,0.0,0.0,1.0,1.0,0.0
632,2008.0,2.0,3.0,18.0,752.0,0.0,0.0,1.0,1.0,0.0
633,2008.0,2.0,3.0,19.0,752.0,0.0,0.0,1.0,1.0,0.0
634,2008.0,2.0,3.0,20.0,752.0,0.0,0.0,1.0,1.0,0.0
635,2008.0,2.0,3.0,21.0,752.0,0.0,0.0,1.0,1.0,0.0
636,2008.0,2.0,3.0,22.0,752.0,0.0,0.0,1.0,1.0,0.0
637,2008.0,2.0,3.0,23.0,752.0,0.0,0.0,1.0,1.0,0.0
638,2008.0,2.0,3.0,24.0,752.0,0.0,0.0,1.0,1.0,0.0
639,2008.0,2.0,3.0,25.0,752.0,0.0,0.0,1.0,1.0,0.0
640,2008.0,2.0,3.0,26.0,752.0,0.0,0.0,1.0,1.0,0.0
641,2008.0,2.0,3.0,27.0,752.0,0.0,0.0,1.0,1.0,0.0
642,2008.0,2.0,3.0,28.0,752.0,0.0,0.0,1.0,1.0,0.0
643,2008.0,2.0,3.0,29.0,752.0,0.0,0.0,1.0,1.0,0.0
644,2008.0,2.0,3.0,30.0,752.0,0.0,0.0,1.0,1.0,0.0
645,2008.0,2.0,3.0,31.0,752.0,0.0,0.0,1.0,1.0,0.0
646,2008.0,2.0,3.0,32.0,752.0,0.0,0.0,1.0,1.0,0.0
647,2008.0,2.0,3.0,33.0,752.0,0.0,0.0,1.0,1.0,0.0
648,2008.0,2.0,3.0,34.0,752.0,0.0,0.0,1.0,1.0,0.0
649,2008.0,2.0,3.0,35.0,752.0,0.0,0.0,1.0,1.0,0.0
650,2008.0,2.0,3.0,36.0,752.0,0.0,0.0,1.0,1.0,0.0
651,2008.0,2.0,3.0,37.0,752.0,0.0,0.0,1.0,1.0,0.0
652,2008.0,2.0,3.0,38.0,752.0,0.0,0.0,1.0,1.0,0.0
653,2008.0,2.0,3.0,39.0,752.0,0.0,0.0,1.0,1.0,0.0
654,2008.0,2.0,3.0,40.0,752.0,0.0,0.0,1.0,1.0,0.0
655,2008.0,2.0,3.0,41.0,752.0,0.0,0.0,1.0,1.0,0.0
656,2008.0,2.0,3.0,42.0,752.0,0.0,0.0,1.0,1.0,0.0
657,2008.0,2.0,3.0,43.0,752.0,0.0,0.0,1.0,1.0,0.0
658,2008.0,2.0,3.0,44.0,752.0,0.0,0.0,1.0,1.0,0.0
659,2008.0,2.0,3.0,45.0,752.0,0.0,0.0,1.0,1.0,0.0
660,2008.0,2.0,3.0,46.0,760.0,0.0,0.0,1.0,1.0,0.0
661,2008.0,1.0,5.52,1.0,1228.0,0.0,0.0,2.0,1.0,0.0
662,2008.0,1.0,5.52,2.0,1228.0,0.0,0.0,2.0,1.0,0.0
663,2008.0,1.0,5.52,3.0,1228.0,0.0,0.0,2.0,1.0,0.0
664,2008.0,1.0,5.52,4.0,1228.0,0.0,0.0,2.0,1.0,0.0
665,2008.0,1.0,5.52,5.0,1228.0,0.0,0.0,2.0,1.0,0.0
666,2008.0,1.0,5.52,6.0,1228.0,0.0,0.0,2.0,1.0,0.0
667,2008.0,1.0,5.52,7.0,1228.0,0.0,0.0,2.0,1.0,0.0
668,2008.0,1.0,5.52,8.0,1228.0,0.0,0.0,2.0,1.0,0.0
669,2008.0,1.0,5.52,9.0,1228.0,0.0,0.0,2.0,1.0,0.0
670,2008.0,1.0,5.52,10.0,1228.0,0.0,0.0,2.0,1.0,0.0
671,2008.0,1.0,5.52,11.0,1228.0,0.0,0.0,2.0,1.0,0.0
672,2008.0,1.0,5.52,12.0,1228.0,0.0,0.0,2.0,1.0,0.0
673,2008.0,1.0,5.52,13.0,1228.0,0.0,0.0,2.0,1.0,0.0
674,2008.0,1.0,5.52,14.0,1228.0,0.0,0.0,2.0,1.0,0.0
675,2008.0,1.0,5.52,15.0,1228.0,0.0,0.0,2.0,1.0,0.0
676,2008.0,1.0,5.52,16.0,1228.0,0.0,0.0,2.0,1.0,0.0
677,2008.0,1.0,5.52,17.0,1228.0,0.0,0.0,2.0,1.0,0.0
678,2008.0,1.0,5.52,18.0,1228.0,0.0,0.0,2.0,1.0,0.0
679,2008.0,1.0,5.52,19.0,1228.0,0.0,0.0,2.0,1.0,0.0
680,2008.0,1.0,5.52,20.0,1228.0,0.0,0.0,2.0,1.0,0.0
681,2008.0,1.0,5.52,21.0,1228.0,0.0,0.0,2.0,1.0,0.0
682,2008.0,1.0,5.52,22.0,1228.0,0.0,0.0,2.0,1.0,0.0
683,2008.0,1.0,5.52,23.0,1228.0,0.0,0.0,2.0,1.0,0.0
684,2008.0,1.0,5.52,24.0,1228.0,0.0,0.0,2.0,1.0,0.0
685,2008.0,1.0,5.52,25.0,1228.0,0.0,0.0,2.0,1.0,0.0
686,2008.0,1.0,5.52,26.0,1228.0,0.0,0.0,2.0,1.0,0.0
687,2008.0,1.0,5.52,27.0,1228.0,0.0,0.0,2.0,1.0,0.0
688,2008.0,1.0,5.52,28.0,1228.0,0.0,0.0,2.0,1.0,0.0
689,2008.0,1.0,5.52,29.0,1228.0,0.0,0.0,2.0,1.0,0.0
690,2008.0,1.0,5.52,30.0,1228.0,0.0,0.0,2.0,1.0,0.0
691,2008.0,1.0,5.52,31.0,1228.0,0.0,0.0,2.0,1.0,0.0
692,2008.0,1.0,5.52,32.0,1228.0,0.0,0.0,2.0,1.0,0.0
693,2008.0,1.0,5.52,33.0,1228.0,0.0,0.0,2.0,1.0,0.0
694,2008.0,1.0,5.52,34.0,1228.0,0.0,0.0,2.0,1.0,0.0
695,2008.0,1.0,5.52,35.0,1228.0,0.0,0.0,2.0,1.0,0.0
696,2008.0,1.0,5.52,36.0,1228.0,0.0,0.0,2.0,1.0,0.0
697,2008.0,1.0,5.52,37.0,1228.0,0.0,0.0,2.0,1.0,0.0
698,2008.0,1.0,5.52,38.0,1228.0,0.0,0.0,2.0,1.0,0.0
699,2008.0,1.0,5.52,39.0,1228.0,0.0,0.0,2.0,1.0,0.0
700,2008.0,1.0,5.52,40.0,1228.0,0.0,0.0,2.0,1.0,0.0
701,2008.0,1.0,5.52,41.0,1228.0,0.0,0.0,2.0,1.0,0.0
702,2008.0,1.0,5.52,42.0,1228.0,0.0,0.0,2.0,1.0,0.0
703,2008.0,1.0,5.52,43.0,1228.0,0.0,0.0,2.0,1.0,0.0
704,2008.0,1.0,5.52,44.0,1228.0,0.0,0.0,2.0,1.0,0.0
705,2008.0,1.0,5.52,45.0,1228.0,0.0,0.0,2.0,1.0,0.0
706,2008.0,1.0,5.52,46.0,1228.0,0.0,0.0,2.0,1.0,0.0
707,2008.0,1.0,5.52,47.0,1228.0,0.0,0.0,2.0,1.0,0.0
708,2008.0,1.0,5.52,48.0,1228.0,0.0,0.0,2.0,1.0,0.0
709,2008.0,1.0,5.52,49.0,1228.0,0.0,0.0,2.0,1.0,0.0
710,2008.0,1.0,5.52,50.0,1228.0,0.0,0.0,2.0,1.0,0.0
711,2008.0,1.0,5.52,51.0,1228.0,0.0,0.0,2.0,1.0,0.0
712,2008.0,1.0,5.52,52.0,1228.0,0.0,0.0,2.0,1.0,0.0
713,2008.0,1.0,5.52,53.0,1228.0,0.0,0.0,2.0,1.0,0.0
714,2008.0,1.0,5.52,54.0,1228.0,0.0,0.0,2.0,1.0,0.0
715,2008.0,1.0,5.52,55.0,1228.0,0.0,0.0,2.0,1.0,0.0
716,2008.0,1.0,5.52,56.0,1228.0,0.0,0.0,2.0,1.0,0.0
717,2008.0,1.0,5.52,57.0,1228.0,0.0,0.0,2.0,1.0,0.0
718,2008.0,1.0,5.52,58.0,1228.0,0.0,0.0,2.0,1.0,0.0
719,2008.0,1.0,5.52,59.0,1228.0,0.0,0.0,2.0,1.0,0.0
720,2008.0,1.0,5.52,60.0,1228.0,0.0,0.0,2.0,1.0,0.0
721,2008.0,1.0,5.52,61.0,1228.0,0.0,0.0,2.0,1.0,0.0
722,2008.0,1.0,5.52,62.0,1228.0,0.0,0.0,2.0,1.0,0.0
723,2008.0,1.0,5.52,63.0,1228.0,0.0,0.0,2.0,1.0,0.0
724,2008.0,1.0,5.52,64.0,1228.0,0.0,0.0,2.0,1.0,0.0
725,2008.0,1.0,5.52,65.0,1228.0,0.0,0.0,2.0,1.0,0.0
726,2008.0,1.0,5.52,66.0,1228.0,0.0,0.0,2.0,1.0,0.0
727,2008.0,1.0,5.52,67.0,1228.0,0.0,0.0,2.0,1.0,0.0
728,2008.0,1.0,5.52,68.0,1228.0,0.0,0.0,2.0,1.0,0.0
729,2008.0,1.0,5.52,69.0,1228.0,0.0,0.0,2.0,1.0,0.0
730,2008.0,1.0,5.52,70.0,1228.0,0.0,0.0,2.0,1.0,0.0
731,2008.0,1.0,5.52,71.0,1228.0,0.0,0.0,2.0,1.0,0.0
732,2008.0,1.0,5.52,72.0,1228.0,0.0,0.0,2.0,1.0,0.0
733,2008.0,1.0,5.52,73.0,1228.0,0.0,0.0,2.0,1.0,0.0
734,2008.0,1.0,5.52,74.0,1228.0,0.0,0.0,2.0,1.0,0.0
735,2008.0,1.0,5.52,75.0,1228.0,0.0,0.0,2.0,1.0,0.0
736,2008.0,1.0,5.52,76.0,1228.0,0.0,0.0,2.0,1.0,0.0
737,2008.0,1.0,5.52,77.0,1228.0,0.0,0.0,2.0,1.0,0.0
738,2008.0,1.0,5.52,78.0,1228.0,0.0,0.0,2.0,1.0,0.0
739,2008.0,1.0,5.52,79.0,1228.0,0.0,0.0,2.0,1.0,0.0
740,2008.0,1.0,5.52,80.0,1228.0,0.0,0.0,2.0,1.0,0.0
741,2008.0,1.0,5.52,81.0,1228.0,0.0,0.0,2.0,1.0,0.0
742,2008.0,1.0,5.52,82.0,1228.0,0.0,0.0,2.0,1.0,0.0
743,2008.0,1.0,5.52,83.0,1228.0,0.0,0.0,2.0,1.0,0.0
744,2008.0,1.0,5.52,84.0,1228.0,0.0,0.0,2.0,1.0,0.0
745,2008.0,1.0,5.52,85.0,1228.0,0.0,0.0,2.0,1.0,0.0
746,2008.0,1.0,5.52,86.0,1228.0,0.0,0.0,2.0,1.0,0.0
747,2008.0,1.0,5.52,87.0,1228.0,0.0,0.0,2.0,1.0,0.0
748,2008.0,1.0,5.52,88.0,1228.0,0.0,0.0,2.0,1.0,0.0
749,2008.0,1.0,5.52,89.0,1228.0,0.0,0.0,2.0,1.0,0.0
750,2008.0,1.0,5.52,90.0,1228.0,0.0,0.0,2.0,1.0,0.0
751,2008.0,1.0,5.52,91.0,1228.0,0.0,0.0,2.0,1.0,0.0
752,2008.0,1.0,5.52,92.0,1228.0,0.0,0.0,2.0,1.0,0.0
753,2008.0,1.0,5.52,93.0,1228.0,0.0,0.0,2.0,1.0,0.0
754,2008.0,1.0,5.52,94.0,1228.0,0.0,0.0,2.0,1.0,0.0
755,2008.0,1.0,5.52,95.0,1228.0,0.0,0.0,2.0,1.0,0.0
756,2008.0,1.0,5.52,96.0,1300.0,0.0,0.0,2.0,1.0,0.0
757,2008.0,2.0,2.0,1.0,1176.0,0.0,0.0,2.0,1.0,0.0
758,2008.0,2.0,2.0,2.0,1176.0,0.0,0.0,2.0,1.0,0.0
759,2008.0,2.0,2.0,3.0,1176.0,0.0,0.0,2.0,1.0,0.0
760,2008.0,2.0,2.0,4.0,1176.0,0.0,0.0,2.0,1.0,0.0
761,2008.0,2.0,2.0,5.0,1176.0,0.0,0.0,2.0,1.0,0.0
762,2008.0,2.0,2.0,6.0,1176.0,0.0,0.0,2.0,1.0,0.0
763,2008.0,2.0,2.0,7.0,1176.0,0.0,0.0,2.0,1.0,0.0
764,2008.0,2.0,2.0,8.0,1176.0,0.0,0.0,2.0,1.0,0.0
765,2008.0,2.0,2.0,9.0,1176.0,0.0,0.0,2.0,1.0,0.0
766,2008.0,2.0,2.0,10.0,1176.0,0.0,0.0,2.0,1.0,0.0
767,2008.0,2.0,2.0,11.0,1176.0,0.0,0.0,2.0,1.0,0.0
768,2008.0,2.0,2.0,12.0,1176.0,0.0,0.0,2.0,1.0,0.0
769,2008.0,2.0,2.0,13.0,1176.0,0.0,0.0,2.0,1.0,0.0
770,2008.0,2.0,2.0,14.0,1176.0,0.0,0.0,2.0,1.0,0.0
771,2008.0,2.0,2.0,15.0,1176.0,0.0,0.0,2.0,1.0,0.0
772,2008.0,2.0,2.0,16.0,1176.0,0.0,0.0,2.0,1.0,0.0
773,2008.0,2.0,2.0,17.0,1176.0,0.0,0.0,2.0,1.0,0.0
774,2008.0,2.0,2.0,18.0,1176.0,0.0,0.0,2.0,1.0,0.0
775,2008.0,2.0,2.0,19.0,1180.0,0.0,0.0,2.0,1.0,0.0
776,2009.0,1.0,34.0666024726087,1.0,1186.0,0.0,0.0,1.0,1.0,0.0
777,2009.0,1.0,34.0666024726087,2.0,1186.0,0.0,0.0,1.0,1.0,0.0
778,2009.0,1.0,34.0666024726087,3.0,1186.0,0.0,0.0,1.0,1.0,0.0
779,2009.0,1.0,34.0666024726087,4.0,1186.0,0.0,0.0,1.0,1.0,0.0
780,2009.0,1.0,34.0666024726087,5.0,1186.0,0.0,0.0,1.0,1.0,0.0
781,2009.0,1.0,34.0666024726087,6.0,1186.0,0.0,0.0,1.0,1.0,0.0
782,2009.0,1.0,34.0666024726087,7.0,1186.0,0.0,0.0,1.0,1.0,0.0
783,2009.0,1.0,34.0666024726087,8.0,1186.0,0.0,0.0,1.0,1.0,0.0
784,2009.0,1.0,34.0666024726087,9.0,1186.0,0.0,0.0,1.0,1.0,0.0
785,2009.0,1.0,34.0666024726087,10.0,1186.0,0.0,0.0,1.0,1.0,0.0
786,2009.0,1.0,34.0666024726087,11.0,1186.0,0.0,0.0,1.0,1.0,0.0
787,2009.0,1.0,34.0666024726087,12.0,1186.0,0.0,0.0,1.0,1.0,0.0
788,2009.0,1.0,34.0666024726087,13.0,1186.0,0.0,0.0,1.0,1.0,0.0
789,2009.0,1.0,34.0666024726087,14.0,1186.0,0.0,0.0,1.0,1.0,0.0
790,2009.0,1.0,34.0666024726087,15.0,1186.0,0.0,0.0,1.0,1.0,0.0
791,2009.0,1.0,34.0666024726087,16.0,1186.0,0.0,0.0,1.0,1.0,0.0
792,2009.0,1.0,34.0666024726087,17.0,1186.0,0.0,0.0,1.0,1.0,0.0
793,2009.0,1.0,34.0666024726087,18.0,1186.0,0.0,0.0,1.0,1.0,0.0
794,2009.0,1.0,34.0666024726087,19.0,1186.0,0.0,0.0,1.0,1.0,0.0
795,2009.0,1.0,34.0666024726087,20.0,1186.0,0.0,0.0,1.0,1.0,0.0
796,2009.0,1.0,34.0666024726087,21.0,1186.0,0.0,0.0,1.0,1.0,0.0
797,2009.0,1.0,34.0666024726087,22.0,1186.0,0.0,0.0,1.0,1.0,0.0
798,2009.0,1.0,34.0666024726087,23.0,1186.0,0.0,0.0,1.0,1.0,0.0
799,2009.0,1.0,34.0666024726087,24.0,1186.0,0.0,0.0,1.0,1.0,0.0
800,2009.0,1.0,34.0666024726087,25.0,1186.0,0.0,0.0,1.0,1.0,0.0
801,2009.0,1.0,34.0666024726087,26.0,1186.0,0.0,0.0,1.0,1.0,0.0
802,2009.0,1.0,34.0666024726087,27.0,1186.0,0.0,0.0,1.0,1.0,0.0
803,2009.0,1.0,34.0666024726087,28.0,1186.0,0.0,0.0,1.0,1.0,0.0
804,2009.0,1.0,34.0666024726087,29.0,1186.0,0.0,0.0,1.0,1.0,0.0
805,2009.0,1.0,34.0666024726087,30.0,1186.0,0.0,0.0,1.0,1.0,0.0
806,2009.0,1.0,34.0666024726087,31.0,1186.0,0.0,0.0,1.0,1.0,0.0
807,2009.0,1.0,34.0666024726087,32.0,1186.0,0.0,0.0,1.0,1.0,0.0
808,2009.0,1.0,34.0666024726087,33.0,1186.0,0.0,0.0,1.0,1.0,0.0
809,2009.0,1.0,34.0666024726087,34.0,1186.0,0.0,0.0,1.0,1.0,0.0
810,2009.0,1.0,34.0666024726087,35.0,1186.0,0.0,0.0,1.0,1.0,0.0
811,2009.0,1.0,34.0666024726087,36.0,1186.0,0.0,0.0,1.0,1.0,0.0
812,2009.0,1.0,34.0666024726087,37.0,1186.0,0.0,0.0,1.0,1.0,0.0
813,2009.0,1.0,34.0666024726087,38.0,1186.0,0.0,0.0,1.0,1.0,0.0
814,2009.0,1.0,34.0666024726087,39.0,1186.0,0.0,0.0,1.0,1.0,0.0
815,2009.0,1.0,34.0666024726087,40.0,1186.0,0.0,0.0,1.0,1.0,0.0
816,2009.0,1.0,34.0666024726087,41.0,1186.0,0.0,0.0,1.0,1.0,0.0
817,2009.0,1.0,34.0666024726087,42.0,1186.0,0.0,0.0,1.0,1.0,0.0
818,2009.0,1.0,34.0666024726087,43.0,1186.0,0.0,0.0,1.0,1.0,0.0
819,2009.0,1.0,34.0666024726087,44.0,1186.0,0.0,0.0,1.0,1.0,0.0
820,2009.0,1.0,34.0666024726087,45.0,1186.0,0.0,0.0,1.0,1.0,0.0
821,2009.0,1.0,34.0666024726087,46.0,1186.0,0.0,0.0,1.0,1.0,0.0
822,2009.0,1.0,34.0666024726087,47.0,1186.0,0.0,0.0,1.0,1.0,0.0
823,2009.0,1.0,34.0666024726087,48.0,1186.0,0.0,0.0,1.0,1.0,0.0
824,2009.0,1.0,34.0666024726087,49.0,1186.0,0.0,0.0,1.0,1.0,0.0
825,2009.0,1.0,34.0666024726087,50.0,1186.0,0.0,0.0,1.0,1.0,0.0
826,2009.0,1.0,34.0666024726087,51.0,1186.0,0.0,0.0,1.0,1.0,0.0
827,2009.0,1.0,34.0666024726087,52.0,1186.0,0.0,0.0,1.0,1.0,0.0
828,2009.0,1.0,34.0666024726087,53.0,1186.0,0.0,0.0,1.0,1.0,0.0
829,2009.0,1.0,34.0666024726087,54.0,1186.0,0.0,0.0,1.0,1.0,0.0
830,2009.0,1.0,34.0666024726087,55.0,1186.0,0.0,0.0,1.0,1.0,0.0
831,2009.0,1.0,34.0666024726087,56.0,1186.0,0.0,0.0,1.0,1.0,0.0
832,2009.0,1.0,34.0666024726087,57.0,1186.0,0.0,0.0,1.0,1.0,0.0
833,2009.0,1.0,34.0666024726087,58.0,1186.0,0.0,0.0,1.0,1.0,0.0
834,2009.0,1.0,34.0666024726087,59.0,1186.0,0.0,0.0,1.0,1.0,0.0
835,2009.0,1.0,34.0666024726087,60.0,1186.0,0.0,0.0,1.0,1.0,0.0
836,2009.0,1.0,34.0666024726087,61.0,1186.0,0.0,0.0,1.0,1.0,0.0
837,2009.0,1.0,34.0666024726087,62.0,1186.0,0.0,0.0,1.0,1.0,0.0
838,2009.0,1.0,34.0666024726087,63.0,1186.0,0.0,0.0,1.0,1.0,0.0
839,2009.0,1.0,34.0666024726087,64.0,1186.0,0.0,0.0,1.0,1.0,0.0
840,2009.0,1.0,34.0666024726087,65.0,1186.0,0.0,0.0,1.0,1.0,0.0
841,2009.0,1.0,34.0666024726087,66.0,1186.0,0.0,0.0,1.0,1.0,0.0
842,2009.0,1.0,34.0666024726087,67.0,1186.0,0.0,0.0,1.0,1.0,0.0
843,2009.0,1.0,34.0666024726087,68.0,1186.0,0.0,0.0,1.0,1.0,0.0
844,2009.0,1.0,34.0666024726087,69.0,1186.0,0.0,0.0,1.0,1.0,0.0
845,2009.0,1.0,34.0666024726087,70.0,1186.0,0.0,0.0,1.0,1.0,0.0
846,2009.0,1.0,34.0666024726087,71.0,1186.0,0.0,0.0,1.0,1.0,0.0
847,2009.0,1.0,34.0666024726087,72.0,1186.0,0.0,0.0,1.0,1.0,0.0
848,2009.0,1.0,34.0666024726087,73.0,1186.0,0.0,0.0,1.0,1.0,0.0
849,2009.0,1.0,34.0666024726087,74.0,1186.0,0.0,0.0,1.0,1.0,0.0
850,2009.0,1.0,34.0666024726087,75.0,1186.0,0.0,0.0,1.0,1.0,0.0
851,2009.0,1.0,34.0666024726087,76.0,1186.0,0.0,0.0,1.0,1.0,0.0
852,2009.0,1.0,34.0666024726087,77.0,1186.0,0.0,0.0,1.0,1.0,0.0
853,2009.0,1.0,34.0666024726087,78.0,1186.0,0.0,0.0,1.0,1.0,0.0
854,2009.0,1.0,34.0666024726087,79.0,1186.0,0.0,0.0,1.0,1.0,0.0
855,2009.0,1.0,34.0666024726087,80.0,1186.0,0.0,0.0,1.0,1.0,0.0
856,2009.0,1.0,34.0666024726087,81.0,1186.0,0.0,0.0,1.0,1.0,0.0
857,2009.0,1.0,34.0666024726087,82.0,1186.0,0.0,0.0,1.0,1.0,0.0
858,2009.0,1.0,34.0666024726087,83.0,1186.0,0.0,0.0,1.0,1.0,0.0
859,2009.0,1.0,34.0666024726087,84.0,1186.0,0.0,0.0,1.0,1.0,0.0
860,2009.0,1.0,34.0666024726087,85.0,1186.0,0.0,0.0,1.0,1.0,0.0
861,2009.0,1.0,34.0666024726087,86.0,1186.0,0.0,0.0,1.0,1.0,0.0
862,2009.0,1.0,34.0666024726087,87.0,1186.0,0.0,0.0,1.0,1.0,0.0
863,2009.0,1.0,34.0666024726087,88.0,1186.0,0.0,0.0,1.0,1.0,0.0
864,2009.0,1.0,34.0666024726087,89.0,1186.0,0.0,0.0,1.0,1.0,0.0
865,2009.0,1.0,34.0666024726087,90.0,1186.0,0.0,0.0,1.0,1.0,0.0
866,2009.0,1.0,34.0666024726087,91.0,1186.0,0.0,0.0,1.0,1.0,0.0
867,2009.0,1.0,34.0666024726087,92.0,1186.0,0.0,0.0,1.0,1.0,0.0
868,2009.0,1.0,34.0666024726087,93.0,1186.0,0.0,0.0,1.0,1.0,0.0
869,2009.0,1.0,34.0666024726087,94.0,1186.0,0.0,0.0,1.0,1.0,0.0
870,2009.0,1.0,34.0666024726087,95.0,1186.0,0.0,0.0,1.0,1.0,0.0
871,2009.0,1.0,34.0666024726087,96.0,1186.0,0.0,0.0,1.0,1.0,0.0
872,2009.0,1.0,34.0666024726087,97.0,1186.0,0.0,0.0,1.0,1.0,0.0
873,2009.0,1.0,34.0666024726087,98.0,1186.0,0.0,0.0,1.0,1.0,0.0
874,2009.0,1.0,34.0666024726087,99.0,1186.0,0.0,0.0,1.0,1.0,0.0
875,2009.0,1.0,34.0666024726087,100.0,1186.0,0.0,0.0,1.0,1.0,0.0
876,2009.0,1.0,34.0666024726087,101.0,1186.0,0.0,0.0,1.0,1.0,0.0
877,2009.0,1.0,34.0666024726087,102.0,1186.0,0.0,0.0,1.0,1.0,0.0
878,2009.0,1.0,34.0666024726087,103.0,1186.0,0.0,0.0,1.0,1.0,0.0
879,2009.0,1.0,34.0666024726087,104.0,1186.0,0.0,0.0,1.0,1.0,0.0
880,2009.0,1.0,34.0666024726087,105.0,1186.0,0.0,0.0,1.0,1.0,0.0
881,2009.0,1.0,34.0666024726087,106.0,1186.0,0.0,0.0,1.0,1.0,0.0
882,2009.0,1.0,34.0666024726087,107.0,1186.0,0.0,0.0,1.0,1.0,0.0
883,2009.0,1.0,34.0666024726087,108.0,1186.0,0.0,0.0,1.0,1.0,0.0
884,2009.0,1.0,34.0666024726087,109.0,1186.0,0.0,0.0,1.0,1.0,0.0
885,2009.0,1.0,34.0666024726087,110.0,1186.0,0.0,0.0,1.0,1.0,0.0
886,2009.0,1.0,34.0666024726087,111.0,1186.0,0.0,0.0,1.0,1.0,0.0
887,2009.0,1.0,34.0666024726087,112.0,1186.0,0.0,0.0,1.0,1.0,0.0
888,2009.0,1.0,34.0666024726087,113.0,1186.0,0.0,0.0,1.0,1.0,0.0
889,2009.0,1.0,34.0666024726087,114.0,1186.0,0.0,0.0,1.0,1.0,0.0
890,2009.0,1.0,34.0666024726087,115.0,1186.0,0.0,0.0,1.0,1.0,0.0
891,2009.0,1.0,34.0666024726087,116.0,1186.0,0.0,0.0,1.0,1.0,0.0
892,2009.0,1.0,34.0666024726087,117.0,1186.0,0.0,0.0,1.0,1.0,0.0
893,2009.0,1.0,34.0666024726087,118.0,1186.0,0.0,0.0,1.0,1.0,0.0
894,2009.0,1.0,34.0666024726087,119.0,1186.0,0.0,0.0,1.0,1.0,0.0
895,2009.0,1.0,34.0666024726087,120.0,1186.0,0.0,0.0,1.0,1.0,0.0
896,2009.0,1.0,34.0666024726087,121.0,1186.0,0.0,0.0,1.0,1.0,0.0
897,2009.0,1.0,34.0666024726087,122.0,1186.0,0.0,0.0,1.0,1.0,0.0
898,2009.0,1.0,34.0666024726087,123.0,1186.0,0.0,0.0,1.0,1.0,0.0
899,2009.0,1.0,34.0666024726087,124.0,1186.0,0.0,0.0,1.0,1.0,0.0
900,2009.0,1.0,34.0666024726087,125.0,1186.0,0.0,0.0,1.0,1.0,0.0
901,2009.0,1.0,34.0666024726087,126.0,1186.0,0.0,0.0,1.0,1.0,0.0
902,2009.0,1.0,34.0666024726087,127.0,1186.0,0.0,0.0,1.0,1.0,0.0
903,2009.0,1.0,34.0666024726087,128.0,1186.0,0.0,0.0,1.0,1.0,0.0
904,2009.0,1.0,34.0666024726087,129.0,1186.0,0.0,0.0,1.0,1.0,0.0
905,2009.0,1.0,34.0666024726087,130.0,1186.0,0.0,0.0,1.0,1.0,0.0
906,2009.0,1.0,34.0666024726087,131.0,1186.0,0.0,0.0,1.0,1.0,0.0
907,2009.0,1.0,34.0666024726087,132.0,1186.0,0.0,0.0,1.0,1.0,0.0
908,2009.0,1.0,34.0666024726087,133.0,1186.0,0.0,0.0,1.0,1.0,0.0
909,2009.0,1.0,34.0666024726087,134.0,1186.0,0.0,0.0,1.0,1.0,0.0
910,2009.0,1.0,34.0666024726087,135.0,1186.0,0.0,0.0,1.0,1.0,0.0
911,2009.0,1.0,34.0666024726087,136.0,1186.0,0.0,0.0,1.0,1.0,0.0
912,2009.0,1.0,34.0666024726087,137.0,1186.0,0.0,0.0,1.0,1.0,0.0
913,2009.0,1.0,34.0666024726087,138.0,1186.0,0.0,0.0,1.0,1.0,0.0
914,2009.0,1.0,34.0666024726087,139.0,1186.0,0.0,0.0,1.0,1.0,0.0
915,2009.0,1.0,34.0666024726087,140.0,1186.0,0.0,0.0,1.0,1.0,0.0
916,2009.0,1.0,34.0666024726087,141.0,1186.0,0.0,0.0,1.0,1.0,0.0
917,2009.0,1.0,34.0666024726087,142.0,1186.0,0.0,0.0,1.0,1.0,0.0
918,2009.0,1.0,34.0666024726087,143.0,1186.0,0.0,0.0,1.0,1.0,0.0
919,2009.0,1.0,34.0666024726087,144.0,1186.0,0.0,0.0,1.0,1.0,0.0
920,2009.0,1.0,34.0666024726087,145.0,1186.0,0.0,0.0,1.0,1.0,0.0
921,2009.0,1.0,34.0666024726087,146.0,1186.0,0.0,0.0,1.0,1.0,0.0
922,2009.0,1.0,34.0666024726087,147.0,1186.0,0.0,0.0,1.0,1.0,0.0
923,2009.0,1.0,34.0666024726087,148.0,1186.0,0.0,0.0,1.0,1.0,0.0
924,2009.0,1.0,34.0666024726087,149.0,1186.0,0.0,0.0,1.0,1.0,0.0
925,2009.0,1.0,34.0666024726087,150.0,1186.0,0.0,0.0,1.0,1.0,0.0
926,2009.0,1.0,34.0666024726087,151.0,1186.0,0.0,0.0,1.0,1.0,0.0
927,2009.0,1.0,34.0666024726087,152.0,1186.0,0.0,0.0,1.0,1.0,0.0
928,2009.0,1.0,34.0666024726087,153.0,1186.0,0.0,0.0,1.0,1.0,0.0
929,2009.0,1.0,34.0666024726087,154.0,1186.0,0.0,0.0,1.0,1.0,0.0
930,2009.0,1.0,34.0666024726087,155.0,1186.0,0.0,0.0,1.0,1.0,0.0
931,2009.0,1.0,34.0666024726087,156.0,1186.0,0.0,0.0,1.0,1.0,0.0
932,2009.0,1.0,34.0666024726087,157.0,1186.0,0.0,0.0,1.0,1.0,0.0
933,2009.0,1.0,34.0666024726087,158.0,1186.0,0.0,0.0,1.0,1.0,0.0
934,2009.0,1.0,34.0666024726087,159.0,1186.0,0.0,0.0,1.0,1.0,0.0
935,2009.0,1.0,34.0666024726087,160.0,1186.0,0.0,0.0,1.0,1.0,0.0
936,2009.0,1.0,34.0666024726087,161.0,1186.0,0.0,0.0,1.0,1.0,0.0
937,2009.0,1.0,34.0666024726087,162.0,1186.0,0.0,0.0,1.0,1.0,0.0
938,2009.0,1.0,34.0666024726087,163.0,1186.0,0.0,0.0,1.0,1.0,0.0
939,2009.0,1.0,34.0666024726087,164.0,1186.0,0.0,0.0,1.0,1.0,0.0
940,2009.0,1.0,34.0666024726087,165.0,1186.0,0.0,0.0,1.0,1.0,0.0
941,2009.0,1.0,34.0666024726087,166.0,1186.0,0.0,0.0,1.0,1.0,0.0
942,2009.0,1.0,34.0666024726087,167.0,1186.0,0.0,0.0,1.0,1.0,0.0
943,2009.0,1.0,34.0666024726087,168.0,1186.0,0.0,0.0,1.0,1.0,0.0
944,2009.0,1.0,34.0666024726087,169.0,1186.0,0.0,0.0,1.0,1.0,0.0
945,2009.0,1.0,34.0666024726087,170.0,1186.0,0.0,0.0,1.0,1.0,0.0
946,2009.0,1.0,34.0666024726087,171.0,1186.0,0.0,0.0,1.0,1.0,0.0
947,2009.0,1.0,34.0666024726087,172.0,1186.0,0.0,0.0,1.0,1.0,0.0
948,2009.0,1.0,34.0666024726087,173.0,1186.0,0.0,0.0,1.0,1.0,0.0
949,2009.0,1.0,34.0666024726087,174.0,1186.0,0.0,0.0,1.0,1.0,0.0
950,2009.0,1.0,34.0666024726087,175.0,1186.0,0.0,0.0,1.0,1.0,0.0
951,2009.0,1.0,34.0666024726087,176.0,1186.0,0.0,0.0,1.0,1.0,0.0
952,2009.0,1.0,34.0666024726087,177.0,1186.0,0.0,0.0,1.0,1.0,0.0
953,2009.0,1.0,34.0666024726087,178.0,1186.0,0.0,0.0,1.0,1.0,0.0
954,2009.0,1.0,34.0666024726087,179.0,1186.0,0.0,0.0,1.0,1.0,0.0
955,2009.0,1.0,34.0666024726087,180.0,1186.0,0.0,0.0,1.0,1.0,0.0
956,2009.0,1.0,34.0666024726087,181.0,1186.0,0.0,0.0,1.0,1.0,0.0
957,2009.0,1.0,34.0666024726087,182.0,1186.0,0.0,0.0,1.0,1.0,0.0
958,2009.0,1.0,34.0666024726087,183.0,1186.0,0.0,0.0,1.0,1.0,0.0
959,2009.0,1.0,34.0666024726087,184.0,1186.0,0.0,0.0,1.0,1.0,0.0
960,2009.0,1.0,34.0666024726087,185.0,1186.0,0.0,0.0,1.0,1.0,0.0
961,2009.0,1.0,34.0666024726087,186.0,1186.0,0.0,0.0,1.0,1.0,0.0
962,2009.0,1.0,34.0666024726087,187.0,1186.0,0.0,0.0,1.0,1.0,0.0
963,2009.0,1.0,34.0666024726087,188.0,1186.0,0.0,0.0,1.0,1.0,0.0
964,2009.0,1.0,34.0666024726087,189.0,1186.0,0.0,0.0,1.0,1.0,0.0
965,2009.0,1.0,34.0666024726087,190.0,1186.0,0.0,0.0,1.0,1.0,0.0
966,2009.0,1.0,34.0666024726087,191.0,1186.0,0.0,0.0,1.0,1.0,0.0
967,2009.0,1.0,34.0666024726087,192.0,1186.0,0.0,0.0,1.0,1.0,0.0
968,2009.0,1.0,34.0666024726087,193.0,1186.0,0.0,0.0,1.0,1.0,0.0
969,2009.0,1.0,34.0666024726087,194.0,1186.0,0.0,0.0,1.0,1.0,0.0
970,2009.0,1.0,34.0666024726087,195.0,1186.0,0.0,0.0,1.0,1.0,0.0
971,2009.0,1.0,34.0666024726087,196.0,1186.0,0.0,0.0,1.0,1.0,0.0
972,2009.0,1.0,34.0666024726087,197.0,1186.0,0.0,0.0,1.0,1.0,0.0
973,2009.0,1.0,34.0666024726087,198.0,1186.0,0.0,0.0,1.0,1.0,0.0
974,2009.0,1.0,34.0666024726087,199.0,1186.0,0.0,0.0,1.0,1.0,0.0
975,2009.0,1.0,34.0666024726087,200.0,1186.0,0.0,0.0,1.0,1.0,0.0
976,2009.0,1.0,34.0666024726087,201.0,1186.0,0.0,0.0,1.0,1.0,0.0
977,2009.0,1.0,34.0666024726087,202.0,1186.0,0.0,0.0,1.0,1.0,0.0
978,2009.0,1.0,34.0666024726087,203.0,1186.0,0.0,0.0,1.0,1.0,0.0
979,2009.0,1.0,34.0666024726087,204.0,1186.0,0.0,0.0,1.0,1.0,0.0
980,2009.0,1.0,34.0666024726087,205.0,1186.0,0.0,0.0,1.0,1.0,0.0
981,2009.0,1.0,34.0666024726087,206.0,1186.0,0.0,0.0,1.0,1.0,0.0
982,2009.0,1.0,34.0666024726087,207.0,1186.0,0.0,0.0,1.0,1.0,0.0
983,2009.0,1.0,34.0666024726087,208.0,1186.0,0.0,0.0,1.0,1.0,0.0
984,2009.0,1.0,34.0666024726087,209.0,1186.0,0.0,0.0,1.0,1.0,0.0
985,2009.0,1.0,34.0666024726087,210.0,1186.0,0.0,0.0,1.0,1.0,0.0
986,2009.0,1.0,34.0666024726087,211.0,1186.0,0.0,0.0,1.0,1.0,0.0
987,2009.0,1.0,34.0666024726087,212.0,1186.0,0.0,0.0,1.0,1.0,0.0
988,2009.0,1.0,34.0666024726087,213.0,1186.0,0.0,0.0,1.0,1.0,0.0
989,2009.0,1.0,34.0666024726087,214.0,1186.0,0.0,0.0,1.0,1.0,0.0
990,2009.0,1.0,34.0666024726087,215.0,1186.0,0.0,0.0,1.0,1.0,0.0
991,2009.0,1.0,34.0666024726087,216.0,1186.0,0.0,0.0,1.0,1.0,0.0
992,2009.0,1.0,34.0666024726087,217.0,1186.0,0.0,0.0,1.0,1.0,0.0
993,2009.0,1.0,34.0666024726087,218.0,1186.0,0.0,0.0,1.0,1.0,0.0
994,2009.0,1.0,34.0666024726087,219.0,1186.0,0.0,0.0,1.0,1.0,0.0
995,2009.0,1.0,34.0666024726087,220.0,1186.0,0.0,0.0,1.0,1.0,0.0
996,2009.0,1.0,34.0666024726087,221.0,1186.0,0.0,0.0,1.0,1.0,0.0
997,2009.0,1.0,34.0666024726087,222.0,1186.0,0.0,0.0,1.0,1.0,0.0
998,2009.0,1.0,34.0666024726087,223.0,1186.0,0.0,0.0,1.0,1.0,0.0
999,2009.0,1.0,34.0666024726087,224.0,1186.0,0.0,0.0,1.0,1.0,0.0
1000,2009.0,1.0,34.0666024726087,225.0,1186.0,0.0,0.0,1.0,1.0,0.0
1001,2009.0,1.0,34.0666024726087,226.0,1186.0,0.0,0.0,1.0,1.0,0.0
1002,2009.0,1.0,34.0666024726087,227.0,1186.0,0.0,0.0,1.0,1.0,0.0
1003,2009.0,1.0,34.0666024726087,228.0,1186.0,0.0,0.0,1.0,1.0,0.0
1004,2009.0,1.0,34.0666024726087,229.0,1186.0,0.0,0.0,1.0,1.0,0.0
1005,2009.0,1.0,34.0666024726087,230.0,1186.0,0.0,0.0,1.0,1.0,0.0
1006,2009.0,1.0,34.0666024726087,231.0,1186.0,0.0,0.0,1.0,1.0,0.0
1007,2009.0,1.0,34.0666024726087,232.0,1186.0,0.0,0.0,1.0,1.0,0.0
1008,2009.0,1.0,34.0666024726087,233.0,1186.0,0.0,0.0,1.0,1.0,0.0
1009,2009.0,1.0,34.0666024726087,234.0,1186.0,0.0,0.0,1.0,1.0,0.0
1010,2009.0,1.0,34.0666024726087,235.0,1186.0,0.0,0.0,1.0,1.0,0.0
1011,2009.0,1.0,34.0666024726087,236.0,1186.0,0.0,0.0,1.0,1.0,0.0
1012,2009.0,1.0,34.0666024726087,237.0,1186.0,0.0,0.0,1.0,1.0,0.0
1013,2009.0,1.0,34.0666024726087,238.0,1186.0,0.0,0.0,1.0,1.0,0.0
1014,2009.0,1.0,34.0666024726087,239.0,1186.0,0.0,0.0,1.0,1.0,0.0
1015,2009.0,1.0,34.0666024726087,240.0,1186.0,0.0,0.0,1.0,1.0,0.0
1016,2009.0,1.0,34.0666024726087,241.0,1186.0,0.0,0.0,1.0,1.0,0.0
1017,2009.0,1.0,34.0666024726087,242.0,1186.0,0.0,0.0,1.0,1.0,0.0
1018,2009.0,1.0,34.0666024726087,243.0,1186.0,0.0,0.0,1.0,1.0,0.0
1019,2009.0,1.0,34.0666024726087,244.0,1186.0,0.0,0.0,1.0,1.0,0.0
1020,2009.0,1.0,34.0666024726087,245.0,1186.0,0.0,0.0,1.0,1.0,0.0
1021,2009.0,1.0,34.0666024726087,246.0,1186.0,0.0,0.0,1.0,1.0,0.0
1022,2009.0,1.0,34.0666024726087,247.0,1186.0,0.0,0.0,1.0,1.0,0.0
1023,2009.0,1.0,34.0666024726087,248.0,1186.0,0.0,0.0,1.0,1.0,0.0
1024,2009.0,1.0,34.0666024726087,249.0,1186.0,0.0,0.0,1.0,1.0,0.0
1025,2009.0,1.0,34.0666024726087,250.0,1186.0,0.0,0.0,1.0,1.0,0.0
1026,2009.0,1.0,34.0666024726087,251.0,1186.0,0.0,0.0,1.0,1.0,0.0
1027,2009.0,1.0,34.0666024726087,252.0,1186.0,0.0,0.0,1.0,1.0,0.0
1028,2009.0,1.0,34.0666024726087,253.0,1186.0,0.0,0.0,1.0,1.0,0.0
1029,2009.0,1.0,34.0666024726087,254.0,1186.0,0.0,0.0,1.0,1.0,0.0
1030,2009.0,1.0,34.0666024726087,255.0,1186.0,0.0,0.0,1.0,1.0,0.0
1031,2009.0,1.0,34.0666024726087,256.0,1186.0,0.0,0.0,1.0,1.0,0.0
1032,2009.0,1.0,34.0666024726087,257.0,1186.0,0.0,0.0,1.0,1.0,0.0
1033,2009.0,1.0,34.0666024726087,258.0,1186.0,0.0,0.0,1.0,1.0,0.0
1034,2009.0,1.0,34.0666024726087,259.0,1186.0,0.0,0.0,1.0,1.0,0.0
1035,2009.0,1.0,34.0666024726087,260.0,1186.0,0.0,0.0,1.0,1.0,0.0
1036,2009.0,1.0,34.0666024726087,261.0,1186.0,0.0,0.0,1.0,1.0,0.0
1037,2009.0,1.0,34.0666024726087,262.0,1186.0,0.0,0.0,1.0,1.0,0.0
1038,2009.0,1.0,34.0666024726087,263.0,1186.0,0.0,0.0,1.0,1.0,0.0
1039,2009.0,1.0,34.0666024726087,264.0,1186.0,0.0,0.0,1.0,1.0,0.0
1040,2009.0,1.0,34.0666024726087,265.0,1186.0,0.0,0.0,1.0,1.0,0.0
1041,2009.0,1.0,34.0666024726087,266.0,1186.0,0.0,0.0,1.0,1.0,0.0
1042,2009.0,1.0,34.0666024726087,267.0,1186.0,0.0,0.0,1.0,1.0,0.0
1043,2009.0,1.0,34.0666024726087,268.0,1186.0,0.0,0.0,1.0,1.0,0.0
1044,2009.0,1.0,34.0666024726087,269.0,1186.0,0.0,0.0,1.0,1.0,0.0
1045,2009.0,1.0,34.0666024726087,270.0,1186.0,0.0,0.0,1.0,1.0,0.0
1046,2009.0,1.0,34.0666024726087,271.0,1186.0,0.0,0.0,1.0,1.0,0.0
1047,2009.0,1.0,34.0666024726087,272.0,1186.0,0.0,0.0,1.0,1.0,0.0
1048,2009.0,1.0,34.0666024726087,273.0,1186.0,0.0,0.0,1.0,1.0,0.0
1049,2009.0,1.0,34.0666024726087,274.0,1186.0,0.0,0.0,1.0,1.0,0.0
1050,2009.0,1.0,34.0666024726087,275.0,1186.0,0.0,0.0,1.0,1.0,0.0
1051,2009.0,1.0,34.0666024726087,276.0,1186.0,0.0,0.0,1.0,1.0,0.0
1052,2009.0,1.0,34.0666024726087,277.0,1186.0,0.0,0.0,1.0,1.0,0.0
1053,2009.0,1.0,34.0666024726087,278.0,1186.0,0.0,0.0,1.0,1.0,0.0
1054,2009.0,1.0,34.0666024726087,279.0,1186.0,0.0,0.0,1.0,1.0,0.0
1055,2009.0,1.0,34.0666024726087,280.0,1186.0,0.0,0.0,1.0,1.0,0.0
1056,2009.0,1.0,34.0666024726087,281.0,1186.0,0.0,0.0,1.0,1.0,0.0
1057,2009.0,1.0,34.0666024726087,282.0,1186.0,0.0,0.0,1.0,1.0,0.0
1058,2009.0,1.0,34.0666024726087,283.0,1186.0,0.0,0.0,1.0,1.0,0.0
1059,2009.0,1.0,34.0666024726087,284.0,1186.0,0.0,0.0,1.0,1.0,0.0
1060,2009.0,1.0,34.0666024726087,285.0,1186.0,0.0,0.0,1.0,1.0,0.0
1061,2009.0,1.0,34.0666024726087,286.0,1186.0,0.0,0.0,1.0,1.0,0.0
1062,2009.0,1.0,34.0666024726087,287.0,1186.0,0.0,0.0,1.0,1.0,0.0
1063,2009.0,1.0,34.0666024726087,288.0,1186.0,0.0,0.0,1.0,1.0,0.0
1064,2009.0,1.0,34.0666024726087,289.0,1186.0,0.0,0.0,1.0,1.0,0.0
1065,2009.0,1.0,34.0666024726087,290.0,1186.0,0.0,0.0,1.0,1.0,0.0
1066,2009.0,1.0,34.0666024726087,291.0,1186.0,0.0,0.0,1.0,1.0,0.0
1067,2009.0,1.0,34.0666024726087,292.0,1186.0,0.0,0.0,1.0,1.0,0.0
1068,2009.0,1.0,34.0666024726087,293.0,1186.0,0.0,0.0,1.0,1.0,0.0
1069,2009.0,1.0,34.0666024726087,294.0,1186.0,0.0,0.0,1.0,1.0,0.0
1070,2009.0,1.0,34.0666024726087,295.0,1186.0,0.0,0.0,1.0,1.0,0.0
1071,2009.0,1.0,34.0666024726087,296.0,1186.0,0.0,0.0,1.0,1.0,0.0
1072,2009.0,1.0,34.0666024726087,297.0,1186.0,0.0,0.0,1.0,1.0,0.0
1073,2009.0,1.0,34.0666024726087,298.0,1186.0,0.0,0.0,1.0,1.0,0.0
1074,2009.0,1.0,34.0666024726087,299.0,1186.0,0.0,0.0,1.0,1.0,0.0
1075,2009.0,1.0,34.0666024726087,300.0,1186.0,0.0,0.0,1.0,1.0,0.0
1076,2009.0,1.0,34.0666024726087,301.0,1186.0,0.0,0.0,1.0,1.0,0.0
1077,2009.0,1.0,34.0666024726087,302.0,1186.0,0.0,0.0,1.0,1.0,0.0
1078,2009.0,1.0,34.0666024726087,303.0,1186.0,0.0,0.0,1.0,1.0,0.0
1079,2009.0,1.0,34.0666024726087,304.0,1186.0,0.0,0.0,1.0,1.0,0.0
1080,2009.0,1.0,34.0666024726087,305.0,1186.0,0.0,0.0,1.0,1.0,0.0
1081,2009.0,1.0,34.0666024726087,306.0,1186.0,0.0,0.0,1.0,1.0,0.0
1082,2009.0,1.0,34.0666024726087,307.0,1186.0,0.0,0.0,1.0,1.0,0.0
1083,2009.0,1.0,34.0666024726087,308.0,1186.0,0.0,0.0,1.0,1.0,0.0
1084,2009.0,1.0,34.0666024726087,309.0,1186.0,0.0,0.0,1.0,1.0,0.0
1085,2009.0,1.0,34.0666024726087,310.0,1186.0,0.0,0.0,1.0,1.0,0.0
1086,2009.0,1.0,34.0666024726087,311.0,1186.0,0.0,0.0,1.0,1.0,0.0
1087,2009.0,1.0,34.0666024726087,312.0,1186.0,0.0,0.0,1.0,1.0,0.0
1088,2009.0,1.0,34.0666024726087,313.0,1186.0,0.0,0.0,1.0,1.0,0.0
1089,2009.0,1.0,34.0666024726087,314.0,1186.0,0.0,0.0,1.0,1.0,0.0
1090,2009.0,1.0,34.0666024726087,315.0,1186.0,0.0,0.0,1.0,1.0,0.0
1091,2009.0,1.0,34.0666024726087,316.0,1186.0,0.0,0.0,1.0,1.0,0.0
1092,2009.0,1.0,34.0666024726087,317.0,1186.0,0.0,0.0,1.0,1.0,0.0
1093,2009.0,1.0,34.0666024726087,318.0,1186.0,0.0,0.0,1.0,1.0,0.0
1094,2009.0,1.0,34.0666024726087,319.0,1186.0,0.0,0.0,1.0,1.0,0.0
1095,2009.0,1.0,34.0666024726087,320.0,1186.0,0.0,0.0,1.0,1.0,0.0
1096,2009.0,1.0,34.0666024726087,321.0,1186.0,0.0,0.0,1.0,1.0,0.0
1097,2009.0,1.0,34.0666024726087,322.0,1186.0,0.0,0.0,1.0,1.0,0.0
1098,2009.0,1.0,34.0666024726087,323.0,1186.0,0.0,0.0,1.0,1.0,0.0
1099,2009.0,1.0,34.0666024726087,324.0,1186.0,0.0,0.0,1.0,1.0,0.0
1100,2009.0,1.0,34.0666024726087,325.0,1186.0,0.0,0.0,1.0,1.0,0.0
1101,2009.0,1.0,34.0666024726087,326.0,1186.0,0.0,0.0,1.0,1.0,0.0
1102,2009.0,1.0,34.0666024726087,327.0,1186.0,0.0,0.0,1.0,1.0,0.0
1103,2009.0,1.0,34.0666024726087,328.0,1186.0,0.0,0.0,1.0,1.0,0.0
1104,2009.0,1.0,34.0666024726087,329.0,1186.0,0.0,0.0,1.0,1.0,0.0
1105,2009.0,1.0,34.0666024726087,330.0,1186.0,0.0,0.0,1.0,1.0,0.0
1106,2009.0,1.0,34.0666024726087,331.0,1186.0,0.0,0.0,1.0,1.0,0.0
1107,2009.0,1.0,34.0666024726087,332.0,1186.0,0.0,0.0,1.0,1.0,0.0
1108,2009.0,1.0,34.0666024726087,333.0,1186.0,0.0,0.0,1.0,1.0,0.0
1109,2009.0,1.0,34.0666024726087,334.0,1186.0,0.0,0.0,1.0,1.0,0.0
1110,2009.0,1.0,34.0666024726087,335.0,1186.0,0.0,0.0,1.0,1.0,0.0
1111,2009.0,1.0,34.0666024726087,336.0,1186.0,0.0,0.0,1.0,1.0,0.0
1112,2009.0,1.0,34.0666024726087,337.0,1186.0,0.0,0.0,1.0,1.0,0.0
1113,2009.0,1.0,34.0666024726087,338.0,1186.0,0.0,0.0,1.0,1.0,0.0
1114,2009.0,1.0,34.0666024726087,339.0,1186.0,0.0,0.0,1.0,1.0,0.0
1115,2009.0,1.0,34.0666024726087,340.0,1186.0,0.0,0.0,1.0,1.0,0.0
1116,2009.0,1.0,34.0666024726087,341.0,1186.0,0.0,0.0,1.0,1.0,0.0
1117,2009.0,1.0,34.0666024726087,342.0,1186.0,0.0,0.0,1.0,1.0,0.0
1118,2009.0,1.0,34.0666024726087,343.0,1186.0,0.0,0.0,1.0,1.0,0.0
1119,2009.0,1.0,34.0666024726087,344.0,1186.0,0.0,0.0,1.0,1.0,0.0
1120,2009.0,1.0,34.0666024726087,345.0,1186.0,0.0,0.0,1.0,1.0,0.0
1121,2009.0,1.0,34.0666024726087,346.0,1186.0,0.0,0.0,1.0,1.0,0.0
1122,2009.0,1.0,34.0666024726087,347.0,1186.0,0.0,0.0,1.0,1.0,0.0
1123,2009.0,1.0,34.0666024726087,348.0,1186.0,0.0,0.0,1.0,1.0,0.0
1124,2009.0,1.0,34.0666024726087,349.0,1186.0,0.0,0.0,1.0,1.0,0.0
1125,2009.0,1.0,34.0666024726087,350.0,1186.0,0.0,0.0,1.0,1.0,0.0
1126,2009.0,1.0,34.0666024726087,351.0,1186.0,0.0,0.0,1.0,1.0,0.0
1127,2009.0,1.0,34.0666024726087,352.0,1186.0,0.0,0.0,1.0,1.0,0.0
1128,2009.0,1.0,34.0666024726087,353.0,1186.0,0.0,0.0,1.0,1.0,0.0
1129,2009.0,1.0,34.0666024726087,354.0,1186.0,0.0,0.0,1.0,1.0,0.0
1130,2009.0,1.0,34.0666024726087,355.0,1186.0,0.0,0.0,1.0,1.0,0.0
1131,2009.0,1.0,34.0666024726087,356.0,1186.0,0.0,0.0,1.0,1.0,0.0
1132,2009.0,1.0,34.0666024726087,357.0,1186.0,0.0,0.0,1.0,1.0,0.0
1133,2009.0,1.0,34.0666024726087,358.0,1186.0,0.0,0.0,1.0,1.0,0.0
1134,2009.0,1.0,34.0666024726087,359.0,1186.0,0.0,0.0,1.0,1.0,0.0
1135,2009.0,1.0,34.0666024726087,360.0,1186.0,0.0,0.0,1.0,1.0,0.0
1136,2009.0,1.0,34.0666024726087,361.0,1186.0,0.0,0.0,1.0,1.0,0.0
1137,2009.0,1.0,34.0666024726087,362.0,1186.0,0.0,0.0,1.0,1.0,0.0
1138,2009.0,1.0,34.0666024726087,363.0,1186.0,0.0,0.0,1.0,1.0,0.0
1139,2009.0,1.0,34.0666024726087,364.0,1186.0,0.0,0.0,1.0,1.0,0.0
1140,2009.0,1.0,34.0666024726087,365.0,1186.0,0.0,0.0,1.0,1.0,0.0
1141,2009.0,1.0,34.0666024726087,366.0,1186.0,0.0,0.0,1.0,1.0,0.0
1142,2009.0,1.0,34.0666024726087,367.0,1186.0,0.0,0.0,1.0,1.0,0.0
1143,2009.0,1.0,34.0666024726087,368.0,1186.0,0.0,0.0,1.0,1.0,0.0
1144,2009.0,1.0,34.0666024726087,369.0,1186.0,0.0,0.0,1.0,1.0,0.0
1145,2009.0,1.0,34.0666024726087,370.0,1186.0,0.0,0.0,1.0,1.0,0.0
1146,2009.0,1.0,34.0666024726087,371.0,1186.0,0.0,0.0,1.0,1.0,0.0
1147,2009.0,1.0,34.0666024726087,372.0,1186.0,0.0,0.0,1.0,1.0,0.0
1148,2009.0,1.0,34.0666024726087,373.0,1186.0,0.0,0.0,1.0,1.0,0.0
1149,2009.0,1.0,34.0666024726087,374.0,1186.0,0.0,0.0,1.0,1.0,0.0
1150,2009.0,1.0,34.0666024726087,375.0,1186.0,0.0,0.0,1.0,1.0,0.0
1151,2009.0,1.0,34.0666024726087,376.0,1186.0,0.0,0.0,1.0,1.0,0.0
1152,2009.0,1.0,34.0666024726087,377.0,1186.0,0.0,0.0,1.0,1.0,0.0
1153,2009.0,1.0,34.0666024726087,378.0,1186.0,0.0,0.0,1.0,1.0,0.0
1154,2009.0,1.0,34.0666024726087,379.0,1186.0,0.0,0.0,1.0,1.0,0.0
1155,2009.0,1.0,34.0666024726087,380.0,1186.0,0.0,0.0,1.0,1.0,0.0
1156,2009.0,1.0,34.0666024726087,381.0,1186.0,0.0,0.0,1.0,1.0,0.0
1157,2009.0,1.0,34.0666024726087,382.0,1186.0,0.0,0.0,1.0,1.0,0.0
1158,2009.0,1.0,34.0666024726087,383.0,1186.0,0.0,0.0,1.0,1.0,0.0
1159,2009.0,1.0,34.0666024726087,384.0,1186.0,0.0,0.0,1.0,1.0,0.0
1160,2009.0,1.0,34.0666024726087,385.0,1186.0,0.0,0.0,1.0,1.0,0.0
1161,2009.0,1.0,34.0666024726087,386.0,1186.0,0.0,0.0,1.0,1.0,0.0
1162,2009.0,1.0,34.0666024726087,387.0,1186.0,0.0,0.0,1.0,1.0,0.0
1163,2009.0,1.0,34.0666024726087,388.0,1186.0,0.0,0.0,1.0,1.0,0.0
1164,2009.0,1.0,34.0666024726087,389.0,1186.0,0.0,0.0,1.0,1.0,0.0
1165,2009.0,1.0,34.0666024726087,390.0,1186.0,0.0,0.0,1.0,1.0,0.0
1166,2009.0,1.0,34.0666024726087,391.0,1186.0,0.0,0.0,1.0,1.0,0.0
1167,2009.0,1.0,34.0666024726087,392.0,1186.0,0.0,0.0,1.0,1.0,0.0
1168,2009.0,1.0,34.0666024726087,393.0,1186.0,0.0,0.0,1.0,1.0,0.0
1169,2009.0,1.0,34.0666024726087,394.0,1186.0,0.0,0.0,1.0,1.0,0.0
1170,2009.0,1.0,34.0666024726087,395.0,1186.0,0.0,0.0,1.0,1.0,0.0
1171,2009.0,1.0,34.0666024726087,396.0,1186.0,0.0,0.0,1.0,1.0,0.0
1172,2009.0,1.0,34.0666024726087,397.0,1186.0,0.0,0.0,1.0,1.0,0.0
1173,2009.0,1.0,34.0666024726087,398.0,1186.0,0.0,0.0,1.0,1.0,0.0
1174,2009.0,1.0,34.0666024726087,399.0,1186.0,0.0,0.0,1.0,1.0,0.0
1175,2009.0,1.0,34.0666024726087,400.0,1186.0,0.0,0.0,1.0,1.0,0.0
1176,2009.0,1.0,34.0666024726087,401.0,1186.0,0.0,0.0,1.0,1.0,0.0
1177,2009.0,1.0,34.0666024726087,402.0,1186.0,0.0,0.0,1.0,1.0,0.0
1178,2009.0,1.0,34.0666024726087,403.0,1186.0,0.0,0.0,1.0,1.0,0.0
1179,2009.0,1.0,34.0666024726087,404.0,1186.0,0.0,0.0,1.0,1.0,0.0
1180,2009.0,1.0,34.0666024726087,405.0,1186.0,0.0,0.0,1.0,1.0,0.0
1181,2009.0,1.0,34.0666024726087,406.0,1186.0,0.0,0.0,1.0,1.0,0.0
1182,2009.0,1.0,34.0666024726087,407.0,1186.0,0.0,0.0,1.0,1.0,0.0
1183,2009.0,1.0,34.0666024726087,408.0,1186.0,0.0,0.0,1.0,1.0,0.0
1184,2009.0,1.0,34.0666024726087,409.0,1186.0,0.0,0.0,1.0,1.0,0.0
1185,2009.0,1.0,34.0666024726087,410.0,1186.0,0.0,0.0,1.0,1.0,0.0
1186,2009.0,1.0,34.0666024726087,411.0,1186.0,0.0,0.0,1.0,1.0,0.0
1187,2009.0,1.0,34.0666024726087,412.0,1186.0,0.0,0.0,1.0,1.0,0.0
1188,2009.0,1.0,34.0666024726087,413.0,1186.0,0.0,0.0,1.0,1.0,0.0
1189,2009.0,1.0,34.0666024726087,414.0,1186.0,0.0,0.0,1.0,1.0,0.0
1190,2009.0,1.0,34.0666024726087,415.0,1186.0,0.0,0.0,1.0,1.0,0.0
1191,2009.0,1.0,34.0666024726087,416.0,1186.0,0.0,0.0,1.0,1.0,0.0
1192,2009.0,1.0,34.0666024726087,417.0,1186.0,0.0,0.0,1.0,1.0,0.0
1193,2009.0,1.0,34.0666024726087,418.0,1186.0,0.0,0.0,1.0,1.0,0.0
1194,2009.0,1.0,34.0666024726087,419.0,1186.0,0.0,0.0,1.0,1.0,0.0
1195,2009.0,1.0,34.0666024726087,420.0,1186.0,0.0,0.0,1.0,1.0,0.0
1196,2009.0,1.0,34.0666024726087,421.0,1186.0,0.0,0.0,1.0,1.0,0.0
1197,2009.0,1.0,34.0666024726087,422.0,1186.0,0.0,0.0,1.0,1.0,0.0
1198,2009.0,1.0,34.0666024726087,423.0,1186.0,0.0,0.0,1.0,1.0,0.0
1199,2009.0,1.0,34.0666024726087,424.0,1186.0,0.0,0.0,1.0,1.0,0.0
1200,2009.0,1.0,34.0666024726087,425.0,1186.0,0.0,0.0,1.0,1.0,0.0
1201,2009.0,1.0,34.0666024726087,426.0,1186.0,0.0,0.0,1.0,1.0,0.0
1202,2009.0,1.0,34.0666024726087,427.0,1186.0,0.0,0.0,1.0,1.0,0.0
1203,2009.0,1.0,34.0666024726087,428.0,1186.0,0.0,0.0,1.0,1.0,0.0
1204,2009.0,1.0,34.0666024726087,429.0,1186.0,0.0,0.0,1.0,1.0,0.0
1205,2009.0,1.0,34.0666024726087,430.0,1186.0,0.0,0.0,1.0,1.0,0.0
1206,2009.0,1.0,34.0666024726087,431.0,1186.0,0.0,0.0,1.0,1.0,0.0
1207,2009.0,1.0,34.0666024726087,432.0,1186.0,0.0,0.0,1.0,1.0,0.0
1208,2009.0,1.0,34.0666024726087,433.0,1186.0,0.0,0.0,1.0,1.0,0.0
1209,2009.0,1.0,34.0666024726087,434.0,1186.0,0.0,0.0,1.0,1.0,0.0
1210,2009.0,1.0,34.0666024726087,435.0,1186.0,0.0,0.0,1.0,1.0,0.0
1211,2009.0,1.0,34.0666024726087,436.0,1186.0,0.0,0.0,1.0,1.0,0.0
1212,2009.0,1.0,34.0666024726087,437.0,1186.0,0.0,0.0,1.0,1.0,0.0
1213,2009.0,1.0,34.0666024726087,438.0,1186.0,0.0,0.0,1.0,1.0,0.0
1214,2009.0,1.0,34.0666024726087,439.0,1186.0,0.0,0.0,1.0,1.0,0.0
1215,2009.0,1.0,34.0666024726087,440.0,1186.0,0.0,0.0,1.0,1.0,0.0
1216,2009.0,1.0,34.0666024726087,441.0,1186.0,0.0,0.0,1.0,1.0,0.0
1217,2009.0,1.0,34.0666024726087,442.0,1186.0,0.0,0.0,1.0,1.0,0.0
1218,2009.0,1.0,34.0666024726087,443.0,1186.0,0.0,0.0,1.0,1.0,0.0
1219,2009.0,1.0,34.0666024726087,444.0,1186.0,0.0,0.0,1.0,1.0,0.0
1220,2009.0,1.0,34.0666024726087,445.0,1186.0,0.0,0.0,1.0,1.0,0.0
1221,2009.0,1.0,34.0666024726087,446.0,1186.0,0.0,0.0,1.0,1.0,0.0
1222,2009.0,1.0,34.0666024726087,447.0,1186.0,0.0,0.0,1.0,1.0,0.0
1223,2009.0,1.0,34.0666024726087,448.0,1186.0,0.0,0.0,1.0,1.0,0.0
1224,2009.0,1.0,34.0666024726087,449.0,1186.0,0.0,0.0,1.0,1.0,0.0
1225,2009.0,1.0,34.0666024726087,450.0,1186.0,0.0,0.0,1.0,1.0,0.0
1226,2009.0,1.0,34.0666024726087,451.0,1186.0,0.0,0.0,1.0,1.0,0.0
1227,2009.0,1.0,34.0666024726087,452.0,1186.0,0.0,0.0,1.0,1.0,0.0
1228,2009.0,1.0,34.0666024726087,453.0,1186.0,0.0,0.0,1.0,1.0,0.0
1229,2009.0,1.0,34.0666024726087,454.0,1186.0,0.0,0.0,1.0,1.0,0.0
1230,2009.0,1.0,34.0666024726087,455.0,1186.0,0.0,0.0,1.0,1.0,0.0
1231,2009.0,1.0,34.0666024726087,456.0,1186.0,0.0,0.0,1.0,1.0,0.0
1232,2009.0,1.0,34.0666024726087,457.0,1186.0,0.0,0.0,1.0,1.0,0.0
1233,2009.0,1.0,34.0666024726087,458.0,1186.0,0.0,0.0,1.0,1.0,0.0
1234,2009.0,1.0,34.0666024726087,459.0,1186.0,0.0,0.0,1.0,1.0,0.0
1235,2009.0,1.0,34.0666024726087,460.0,1186.0,0.0,0.0,1.0,1.0,0.0
1236,2009.0,1.0,34.0666024726087,461.0,1186.0,0.0,0.0,1.0,1.0,0.0
1237,2009.0,1.0,34.0666024726087,462.0,1186.0,0.0,0.0,1.0,1.0,0.0
1238,2009.0,1.0,34.0666024726087,463.0,1186.0,0.0,0.0,1.0,1.0,0.0
1239,2009.0,1.0,34.0666024726087,464.0,1186.0,0.0,0.0,1.0,1.0,0.0
1240,2009.0,1.0,34.0666024726087,465.0,1186.0,0.0,0.0,1.0,1.0,0.0
1241,2009.0,1.0,34.0666024726087,466.0,1186.0,0.0,0.0,1.0,1.0,0.0
1242,2009.0,1.0,34.0666024726087,467.0,1186.0,0.0,0.0,1.0,1.0,0.0
1243,2009.0,1.0,34.0666024726087,468.0,1186.0,0.0,0.0,1.0,1.0,0.0
1244,2009.0,1.0,34.0666024726087,469.0,1186.0,0.0,0.0,1.0,1.0,0.0
1245,2009.0,1.0,34.0666024726087,470.0,1186.0,0.0,0.0,1.0,1.0,0.0
1246,2009.0,1.0,34.0666024726087,471.0,1186.0,0.0,0.0,1.0,1.0,0.0
1247,2009.0,1.0,34.0666024726087,472.0,1186.0,0.0,0.0,1.0,1.0,0.0
1248,2009.0,1.0,34.0666024726087,473.0,1186.0,0.0,0.0,1.0,1.0,0.0
1249,2009.0,1.0,34.0666024726087,474.0,1186.0,0.0,0.0,1.0,1.0,0.0
1250,2009.0,1.0,34.0666024726087,475.0,1186.0,0.0,0.0,1.0,1.0,0.0
1251,2009.0,1.0,34.0666024726087,476.0,1186.0,0.0,0.0,1.0,1.0,0.0
1252,2009.0,1.0,34.0666024726087,477.0,1186.0,0.0,0.0,1.0,1.0,0.0
1253,2009.0,1.0,34.0666024726087,478.0,1186.0,0.0,0.0,1.0,1.0,0.0
1254,2009.0,1.0,34.0666024726087,479.0,1186.0,0.0,0.0,1.0,1.0,0.0
1255,2009.0,1.0,34.0666024726087,480.0,1186.0,0.0,0.0,1.0,1.0,0.0
1256,2009.0,1.0,34.0666024726087,481.0,1186.0,0.0,0.0,1.0,1.0,0.0
1257,2009.0,1.0,34.0666024726087,482.0,1186.0,0.0,0.0,1.0,1.0,0.0
1258,2009.0,1.0,34.0666024726087,483.0,1186.0,0.0,0.0,1.0,1.0,0.0
1259,2009.0,1.0,34.0666024726087,484.0,1186.0,0.0,0.0,1.0,1.0,0.0
1260,2009.0,1.0,34.0666024726087,485.0,1186.0,0.0,0.0,1.0,1.0,0.0
1261,2009.0,1.0,34.0666024726087,486.0,1186.0,0.0,0.0,1.0,1.0,0.0
1262,2009.0,1.0,34.0666024726087,487.0,1186.0,0.0,0.0,1.0,1.0,0.0
1263,2009.0,1.0,34.0666024726087,488.0,1186.0,0.0,0.0,1.0,1.0,0.0
1264,2009.0,1.0,34.0666024726087,489.0,1186.0,0.0,0.0,1.0,1.0,0.0
1265,2009.0,1.0,34.0666024726087,490.0,1186.0,0.0,0.0,1.0,1.0,0.0
1266,2009.0,1.0,34.0666024726087,491.0,1186.0,0.0,0.0,1.0,1.0,0.0
1267,2009.0,1.0,34.0666024726087,492.0,1186.0,0.0,0.0,1.0,1.0,0.0
1268,2009.0,1.0,34.0666024726087,493.0,1186.0,0.0,0.0,1.0,1.0,0.0
1269,2009.0,1.0,34.0666024726087,494.0,1186.0,0.0,0.0,1.0,1.0,0.0
1270,2009.0,1.0,34.0666024726087,495.0,1186.0,0.0,0.0,1.0,1.0,0.0
1271,2009.0,1.0,34.0666024726087,496.0,1186.0,0.0,0.0,1.0,1.0,0.0
1272,2009.0,1.0,34.0666024726087,497.0,1186.0,0.0,0.0,1.0,1.0,0.0
1273,2009.0,1.0,34.0666024726087,498.0,1186.0,0.0,0.0,1.0,1.0,0.0
1274,2009.0,1.0,34.0666024726087,499.0,1186.0,0.0,0.0,1.0,1.0,0.0
1275,2009.0,1.0,34.0666024726087,500.0,1186.0,0.0,0.0,1.0,1.0,0.0
1276,2009.0,1.0,34.0666024726087,501.0,1186.0,0.0,0.0,1.0,1.0,0.0
1277,2009.0,1.0,34.0666024726087,502.0,1186.0,0.0,0.0,1.0,1.0,0.0
1278,2009.0,1.0,34.0666024726087,503.0,1186.0,0.0,0.0,1.0,1.0,0.0
1279,2009.0,1.0,34.0666024726087,504.0,1186.0,0.0,0.0,1.0,1.0,0.0
1280,2009.0,1.0,34.0666024726087,505.0,1186.0,0.0,0.0,1.0,1.0,0.0
1281,2009.0,1.0,34.0666024726087,506.0,1186.0,0.0,0.0,1.0,1.0,0.0
1282,2009.0,1.0,34.0666024726087,507.0,1186.0,0.0,0.0,1.0,1.0,0.0
1283,2009.0,1.0,34.0666024726087,508.0,1186.0,0.0,0.0,1.0,1.0,0.0
1284,2009.0,1.0,34.0666024726087,509.0,1186.0,0.0,0.0,1.0,1.0,0.0
1285,2009.0,1.0,34.0666024726087,510.0,1186.0,0.0,0.0,1.0,1.0,0.0
1286,2009.0,1.0,34.0666024726087,511.0,1186.0,0.0,0.0,1.0,1.0,0.0
1287,2009.0,1.0,34.0666024726087,512.0,1186.0,0.0,0.0,1.0,1.0,0.0
1288,2009.0,1.0,34.0666024726087,513.0,1186.0,0.0,0.0,1.0,1.0,0.0
1289,2009.0,1.0,34.0666024726087,514.0,1186.0,0.0,0.0,1.0,1.0,0.0
1290,2009.0,1.0,34.0666024726087,515.0,1186.0,0.0,0.0,1.0,1.0,0.0
1291,2009.0,1.0,34.0666024726087,516.0,1186.0,0.0,0.0,1.0,1.0,0.0
1292,2009.0,1.0,34.0666024726087,517.0,1186.0,0.0,0.0,1.0,1.0,0.0
1293,2009.0,1.0,34.0666024726087,518.0,1186.0,0.0,0.0,1.0,1.0,0.0
1294,2009.0,1.0,34.0666024726087,519.0,1186.0,0.0,0.0,1.0,1.0,0.0
1295,2009.0,1.0,34.0666024726087,520.0,1186.0,0.0,0.0,1.0,1.0,0.0
1296,2009.0,1.0,34.0666024726087,521.0,1186.0,0.0,0.0,1.0,1.0,0.0
1297,2009.0,1.0,34.0666024726087,522.0,1186.0,0.0,0.0,1.0,1.0,0.0
1298,2009.0,1.0,34.0666024726087,523.0,1186.0,0.0,0.0,1.0,1.0,0.0
1299,2009.0,1.0,34.0666024726087,524.0,1186.0,0.0,0.0,1.0,1.0,0.0
1300,2009.0,1.0,34.0666024726087,525.0,1186.0,0.0,0.0,1.0,1.0,0.0
1301,2009.0,1.0,34.0666024726087,526.0,1186.0,0.0,0.0,1.0,1.0,0.0
1302,2009.0,1.0,34.0666024726087,527.0,1186.0,0.0,0.0,1.0,1.0,0.0
1303,2009.0,1.0,34.0666024726087,528.0,1186.0,0.0,0.0,1.0,1.0,0.0
1304,2009.0,1.0,34.0666024726087,529.0,1186.0,0.0,0.0,1.0,1.0,0.0
1305,2009.0,1.0,34.0666024726087,530.0,1186.0,0.0,0.0,1.0,1.0,0.0
1306,2009.0,1.0,34.0666024726087,531.0,1186.0,0.0,0.0,1.0,1.0,0.0
1307,2009.0,1.0,34.0666024726087,532.0,1186.0,0.0,0.0,1.0,1.0,0.0
1308,2009.0,1.0,34.0666024726087,533.0,1186.0,0.0,0.0,1.0,1.0,0.0
1309,2009.0,1.0,34.0666024726087,534.0,1186.0,0.0,0.0,1.0,1.0,0.0
1310,2009.0,1.0,34.0666024726087,535.0,1186.0,0.0,0.0,1.0,1.0,0.0
1311,2009.0,1.0,34.0666024726087,536.0,1186.0,0.0,0.0,1.0,1.0,0.0
1312,2009.0,1.0,34.0666024726087,537.0,1186.0,0.0,0.0,1.0,1.0,0.0
1313,2009.0,1.0,34.0666024726087,538.0,1186.0,0.0,0.0,1.0,1.0,0.0
1314,2009.0,1.0,34.0666024726087,539.0,1186.0,0.0,0.0,1.0,1.0,0.0
1315,2009.0,1.0,34.0666024726087,540.0,1186.0,0.0,0.0,1.0,1.0,0.0
1316,2009.0,1.0,34.0666024726087,541.0,1186.0,0.0,0.0,1.0,1.0,0.0
1317,2009.0,1.0,34.0666024726087,542.0,1186.0,0.0,0.0,1.0,1.0,0.0
1318,2009.0,1.0,34.0666024726087,543.0,1186.0,0.0,0.0,1.0,1.0,0.0
1319,2009.0,1.0,34.0666024726087,544.0,1674.0,0.0,0.0,1.0,1.0,0.0
1320,2009.0,1.0,1.0,1.0,1730.0,1.0,1.0,2.0,1.0,0.578034682080925
1321,2009.0,1.0,2.0,1.0,1730.0,1.0,1.0,2.0,1.0,0.578034682080925
1322,2009.0,1.0,2.0,2.0,1730.0,1.0,1.0,2.0,1.0,0.578034682080925
1323,2009.0,1.0,2.0,3.0,1730.0,1.0,1.0,2.0,1.0,0.578034682080925
1324,2009.0,1.0,2.0,4.0,1730.0,1.0,1.0,2.0,1.0,0.578034682080925
1325,2009.0,1.0,2.0,5.0,1730.0,1.0,1.0,2.0,1.0,0.578034682080925
1326,2009.0,1.0,4.61006494547967,6.0,1180.0,0.0,0.0,2.0,1.0,0.0
1327,2009.0,1.0,4.61006494547967,7.0,1180.0,0.0,0.0,2.0,1.0,0.0
1328,2009.0,1.0,4.61006494547967,8.0,1180.0,0.0,0.0,2.0,1.0,0.0
1329,2009.0,1.0,4.61006494547967,9.0,1180.0,0.0,0.0,2.0,1.0,0.0
1330,2009.0,1.0,4.61006494547967,10.0,1180.0,0.0,0.0,2.0,1.0,0.0
1331,2009.0,1.0,4.61006494547967,11.0,1180.0,0.0,0.0,2.0,1.0,0.0
1332,2009.0,1.0,4.61006494547967,12.0,1180.0,0.0,0.0,2.0,1.0,0.0
1333,2009.0,1.0,4.61006494547967,13.0,1180.0,0.0,0.0,2.0,1.0,0.0
1334,2009.0,1.0,4.61006494547967,14.0,1180.0,0.0,0.0,2.0,1.0,0.0
1335,2009.0,1.0,4.61006494547967,15.0,1180.0,0.0,0.0,2.0,1.0,0.0
1336,2009.0,1.0,4.61006494547967,16.0,1180.0,0.0,0.0,2.0,1.0,0.0
1337,2009.0,1.0,4.61006494547967,17.0,1180.0,0.0,0.0,2.0,1.0,0.0
1338,2009.0,1.0,4.61006494547967,18.0,1180.0,0.0,0.0,2.0,1.0,0.0
1339,2009.0,1.0,4.61006494547967,19.0,1180.0,0.0,0.0,2.0,1.0,0.0
1340,2009.0,1.0,4.61006494547967,20.0,1180.0,0.0,0.0,2.0,1.0,0.0
1341,2009.0,1.0,4.61006494547967,21.0,1180.0,0.0,0.0,2.0,1.0,0.0
1342,2009.0,1.0,4.61006494547967,22.0,1180.0,0.0,0.0,2.0,1.0,0.0
1343,2009.0,1.0,4.61006494547967,23.0,1180.0,0.0,0.0,2.0,1.0,0.0
1344,2009.0,1.0,4.61006494547967,24.0,1180.0,0.0,0.0,2.0,1.0,0.0
1345,2009.0,1.0,4.61006494547967,25.0,1180.0,0.0,0.0,2.0,1.0,0.0
1346,2009.0,1.0,4.61006494547967,26.0,1180.0,0.0,0.0,2.0,1.0,0.0
1347,2009.0,1.0,4.61006494547967,27.0,1180.0,0.0,0.0,2.0,1.0,0.0
1348,2009.0,1.0,4.61006494547967,28.0,1180.0,0.0,0.0,2.0,1.0,0.0
1349,2009.0,1.0,4.61006494547967,29.0,1180.0,0.0,0.0,2.0,1.0,0.0
1350,2009.0,1.0,4.61006494547967,30.0,1180.0,0.0,0.0,2.0,1.0,0.0
1351,2009.0,1.0,4.61006494547967,31.0,1180.0,0.0,0.0,2.0,1.0,0.0
1352,2009.0,1.0,4.61006494547967,32.0,1180.0,0.0,0.0,2.0,1.0,0.0
1353,2009.0,1.0,4.61006494547967,33.0,1180.0,0.0,0.0,2.0,1.0,0.0
1354,2009.0,1.0,4.61006494547967,34.0,1180.0,0.0,0.0,2.0,1.0,0.0
1355,2009.0,1.0,4.61006494547967,35.0,1180.0,0.0,0.0,2.0,1.0,0.0
1356,2009.0,1.0,4.61006494547967,36.0,1180.0,0.0,0.0,2.0,1.0,0.0
1357,2009.0,1.0,4.61006494547967,37.0,1180.0,0.0,0.0,2.0,1.0,0.0
1358,2009.0,1.0,4.61006494547967,38.0,1180.0,0.0,0.0,2.0,1.0,0.0
1359,2009.0,1.0,4.61006494547967,39.0,1180.0,0.0,0.0,2.0,1.0,0.0
1360,2009.0,1.0,4.61006494547967,40.0,1180.0,0.0,0.0,2.0,1.0,0.0
1361,2009.0,1.0,4.61006494547967,41.0,1180.0,0.0,0.0,2.0,1.0,0.0
1362,2009.0,1.0,4.61006494547967,42.0,1180.0,0.0,0.0,2.0,1.0,0.0
1363,2009.0,1.0,4.61006494547967,43.0,1180.0,0.0,0.0,2.0,1.0,0.0
1364,2009.0,1.0,4.61006494547967,44.0,1180.0,0.0,0.0,2.0,1.0,0.0
1365,2009.0,1.0,4.61006494547967,45.0,1180.0,0.0,0.0,2.0,1.0,0.0
1366,2009.0,1.0,4.61006494547967,46.0,1180.0,0.0,0.0,2.0,1.0,0.0
1367,2009.0,1.0,4.61006494547967,47.0,1180.0,0.0,0.0,2.0,1.0,0.0
1368,2009.0,1.0,4.61006494547967,48.0,1180.0,0.0,0.0,2.0,1.0,0.0
1369,2009.0,1.0,4.61006494547967,49.0,1180.0,0.0,0.0,2.0,1.0,0.0
1370,2009.0,1.0,4.61006494547967,50.0,1180.0,0.0,0.0,2.0,1.0,0.0
1371,2009.0,1.0,4.61006494547967,51.0,1180.0,0.0,0.0,2.0,1.0,0.0
1372,2009.0,1.0,4.61006494547967,52.0,1180.0,0.0,0.0,2.0,1.0,0.0
1373,2009.0,1.0,4.61006494547967,53.0,1180.0,0.0,0.0,2.0,1.0,0.0
1374,2009.0,1.0,4.61006494547967,54.0,1180.0,0.0,0.0,2.0,1.0,0.0
1375,2009.0,1.0,4.61006494547967,55.0,1180.0,0.0,0.0,2.0,1.0,0.0
1376,2009.0,1.0,4.61006494547967,56.0,1180.0,0.0,0.0,2.0,1.0,0.0
1377,2009.0,1.0,4.61006494547967,57.0,1180.0,0.0,0.0,2.0,1.0,0.0
1378,2009.0,1.0,4.61006494547967,58.0,1180.0,0.0,0.0,2.0,1.0,0.0
1379,2009.0,1.0,4.61006494547967,59.0,1180.0,0.0,0.0,2.0,1.0,0.0
1380,2009.0,1.0,4.61006494547967,60.0,1180.0,0.0,0.0,2.0,1.0,0.0
1381,2009.0,1.0,4.61006494547967,61.0,1180.0,0.0,0.0,2.0,1.0,0.0
1382,2009.0,1.0,4.61006494547967,62.0,1180.0,0.0,0.0,2.0,1.0,0.0
1383,2009.0,1.0,4.61006494547967,63.0,1180.0,0.0,0.0,2.0,1.0,0.0
1384,2009.0,1.0,4.61006494547967,64.0,1180.0,0.0,0.0,2.0,1.0,0.0
1385,2009.0,1.0,4.61006494547967,65.0,1180.0,0.0,0.0,2.0,1.0,0.0
1386,2009.0,1.0,4.61006494547967,66.0,1180.0,0.0,0.0,2.0,1.0,0.0
1387,2009.0,1.0,4.61006494547967,67.0,1180.0,0.0,0.0,2.0,1.0,0.0
1388,2009.0,1.0,4.61006494547967,68.0,1180.0,0.0,0.0,2.0,1.0,0.0
1389,2009.0,1.0,4.61006494547967,69.0,1232.0,0.0,0.0,2.0,1.0,0.0
1390,2010.0,1.0,1.0,1.0,642.0,1.0,1.0,1.0,1.0,1.55763239875389
1391,2010.0,1.0,22.2,2.0,486.0,0.0,0.0,1.0,1.0,0.0
1392,2010.0,1.0,22.2,3.0,486.0,0.0,0.0,1.0,1.0,0.0
1393,2010.0,1.0,22.2,4.0,486.0,0.0,0.0,1.0,1.0,0.0
1394,2010.0,1.0,22.2,5.0,486.0,0.0,0.0,1.0,1.0,0.0
1395,2010.0,1.0,22.2,6.0,486.0,0.0,0.0,1.0,1.0,0.0
1396,2010.0,1.0,22.2,7.0,486.0,0.0,0.0,1.0,1.0,0.0
1397,2010.0,1.0,22.2,8.0,486.0,0.0,0.0,1.0,1.0,0.0
1398,2010.0,1.0,22.2,9.0,486.0,0.0,0.0,1.0,1.0,0.0
1399,2010.0,1.0,22.2,10.0,486.0,0.0,0.0,1.0,1.0,0.0
1400,2010.0,1.0,22.2,11.0,486.0,0.0,0.0,1.0,1.0,0.0
1401,2010.0,1.0,22.2,12.0,486.0,0.0,0.0,1.0,1.0,0.0
1402,2010.0,1.0,22.2,13.0,486.0,0.0,0.0,1.0,1.0,0.0
1403,2010.0,1.0,22.2,14.0,486.0,0.0,0.0,1.0,1.0,0.0
1404,2010.0,1.0,22.2,15.0,486.0,0.0,0.0,1.0,1.0,0.0
1405,2010.0,1.0,22.2,16.0,486.0,0.0,0.0,1.0,1.0,0.0
1406,2010.0,1.0,22.2,17.0,486.0,0.0,0.0,1.0,1.0,0.0
1407,2010.0,1.0,22.2,18.0,486.0,0.0,0.0,1.0,1.0,0.0
1408,2010.0,1.0,22.2,19.0,486.0,0.0,0.0,1.0,1.0,0.0
1409,2010.0,1.0,22.2,20.0,486.0,0.0,0.0,1.0,1.0,0.0
1410,2010.0,1.0,22.2,21.0,486.0,0.0,0.0,1.0,1.0,0.0
1411,2010.0,1.0,22.2,22.0,486.0,0.0,0.0,1.0,1.0,0.0
1412,2010.0,1.0,22.2,23.0,486.0,0.0,0.0,1.0,1.0,0.0
1413,2010.0,1.0,22.2,24.0,486.0,0.0,0.0,1.0,1.0,0.0
1414,2010.0,1.0,22.2,25.0,486.0,0.0,0.0,1.0,1.0,0.0
1415,2010.0,1.0,22.2,26.0,486.0,0.0,0.0,1.0,1.0,0.0
1416,2010.0,1.0,22.2,27.0,486.0,0.0,0.0,1.0,1.0,0.0
1417,2010.0,1.0,22.2,28.0,486.0,0.0,0.0,1.0,1.0,0.0
1418,2010.0,1.0,22.2,29.0,486.0,0.0,0.0,1.0,1.0,0.0
1419,2010.0,1.0,22.2,30.0,486.0,0.0,0.0,1.0,1.0,0.0
1420,2010.0,1.0,22.2,31.0,486.0,0.0,0.0,1.0,1.0,0.0
1421,2010.0,1.0,22.2,32.0,486.0,0.0,0.0,1.0,1.0,0.0
1422,2010.0,1.0,22.2,33.0,486.0,0.0,0.0,1.0,1.0,0.0
1423,2010.0,1.0,22.2,34.0,486.0,0.0,0.0,1.0,1.0,0.0
1424,2010.0,1.0,22.2,35.0,486.0,0.0,0.0,1.0,1.0,0.0
1425,2010.0,1.0,22.2,36.0,486.0,0.0,0.0,1.0,1.0,0.0
1426,2010.0,1.0,22.2,37.0,486.0,0.0,0.0,1.0,1.0,0.0
1427,2010.0,1.0,22.2,38.0,486.0,0.0,0.0,1.0,1.0,0.0
1428,2010.0,1.0,22.2,39.0,486.0,0.0,0.0,1.0,1.0,0.0
1429,2010.0,1.0,22.2,40.0,486.0,0.0,0.0,1.0,1.0,0.0
1430,2010.0,1.0,22.2,41.0,486.0,0.0,0.0,1.0,1.0,0.0
1431,2010.0,1.0,22.2,42.0,486.0,0.0,0.0,1.0,1.0,0.0
1432,2010.0,1.0,22.2,43.0,486.0,0.0,0.0,1.0,1.0,0.0
1433,2010.0,1.0,22.2,44.0,486.0,0.0,0.0,1.0,1.0,0.0
1434,2010.0,1.0,22.2,45.0,486.0,0.0,0.0,1.0,1.0,0.0
1435,2010.0,1.0,22.2,46.0,486.0,0.0,0.0,1.0,1.0,0.0
1436,2010.0,1.0,22.2,47.0,486.0,0.0,0.0,1.0,1.0,0.0
1437,2010.0,1.0,22.2,48.0,486.0,0.0,0.0,1.0,1.0,0.0
1438,2010.0,1.0,22.2,49.0,486.0,0.0,0.0,1.0,1.0,0.0
1439,2010.0,1.0,22.2,50.0,486.0,0.0,0.0,1.0,1.0,0.0
1440,2010.0,1.0,22.2,51.0,486.0,0.0,0.0,1.0,1.0,0.0
1441,2010.0,1.0,22.2,52.0,486.0,0.0,0.0,1.0,1.0,0.0
1442,2010.0,1.0,22.2,53.0,486.0,0.0,0.0,1.0,1.0,0.0
1443,2010.0,1.0,22.2,54.0,486.0,0.0,0.0,1.0,1.0,0.0
1444,2010.0,1.0,22.2,55.0,486.0,0.0,0.0,1.0,1.0,0.0
1445,2010.0,1.0,22.2,56.0,486.0,0.0,0.0,1.0,1.0,0.0
1446,2010.0,1.0,22.2,57.0,486.0,0.0,0.0,1.0,1.0,0.0
1447,2010.0,1.0,22.2,58.0,486.0,0.0,0.0,1.0,1.0,0.0
1448,2010.0,1.0,22.2,59.0,486.0,0.0,0.0,1.0,1.0,0.0
1449,2010.0,1.0,22.2,60.0,486.0,0.0,0.0,1.0,1.0,0.0
1450,2010.0,1.0,22.2,61.0,486.0,0.0,0.0,1.0,1.0,0.0
1451,2010.0,1.0,22.2,62.0,486.0,0.0,0.0,1.0,1.0,0.0
1452,2010.0,1.0,22.2,63.0,486.0,0.0,0.0,1.0,1.0,0.0
1453,2010.0,1.0,22.2,64.0,486.0,0.0,0.0,1.0,1.0,0.0
1454,2010.0,1.0,22.2,65.0,486.0,0.0,0.0,1.0,1.0,0.0
1455,2010.0,1.0,22.2,66.0,486.0,0.0,0.0,1.0,1.0,0.0
1456,2010.0,1.0,22.2,67.0,486.0,0.0,0.0,1.0,1.0,0.0
1457,2010.0,1.0,22.2,68.0,486.0,0.0,0.0,1.0,1.0,0.0
1458,2010.0,1.0,22.2,69.0,486.0,0.0,0.0,1.0,1.0,0.0
1459,2010.0,1.0,22.2,70.0,486.0,0.0,0.0,1.0,1.0,0.0
1460,2010.0,1.0,22.2,71.0,486.0,0.0,0.0,1.0,1.0,0.0
1461,2010.0,1.0,22.2,72.0,486.0,0.0,0.0,1.0,1.0,0.0
1462,2010.0,1.0,22.2,73.0,486.0,0.0,0.0,1.0,1.0,0.0
1463,2010.0,1.0,22.2,74.0,486.0,0.0,0.0,1.0,1.0,0.0
1464,2010.0,1.0,22.2,75.0,486.0,0.0,0.0,1.0,1.0,0.0
1465,2010.0,1.0,22.2,76.0,486.0,0.0,0.0,1.0,1.0,0.0
1466,2010.0,1.0,22.2,77.0,486.0,0.0,0.0,1.0,1.0,0.0
1467,2010.0,1.0,22.2,78.0,486.0,0.0,0.0,1.0,1.0,0.0
1468,2010.0,1.0,22.2,79.0,486.0,0.0,0.0,1.0,1.0,0.0
1469,2010.0,1.0,22.2,80.0,486.0,0.0,0.0,1.0,1.0,0.0
1470,2010.0,1.0,22.2,81.0,486.0,0.0,0.0,1.0,1.0,0.0
1471,2010.0,1.0,22.2,82.0,486.0,0.0,0.0,1.0,1.0,0.0
1472,2010.0,1.0,22.2,83.0,486.0,0.0,0.0,1.0,1.0,0.0
1473,2010.0,1.0,22.2,84.0,486.0,0.0,0.0,1.0,1.0,0.0
1474,2010.0,1.0,22.2,85.0,486.0,0.0,0.0,1.0,1.0,0.0
1475,2010.0,1.0,22.2,86.0,486.0,0.0,0.0,1.0,1.0,0.0
1476,2010.0,1.0,22.2,87.0,486.0,0.0,0.0,1.0,1.0,0.0
1477,2010.0,1.0,22.2,88.0,486.0,0.0,0.0,1.0,1.0,0.0
1478,2010.0,1.0,22.2,89.0,486.0,0.0,0.0,1.0,1.0,0.0
1479,2010.0,1.0,22.2,90.0,486.0,0.0,0.0,1.0,1.0,0.0
1480,2010.0,1.0,22.2,91.0,486.0,0.0,0.0,1.0,1.0,0.0
1481,2010.0,1.0,22.2,92.0,486.0,0.0,0.0,1.0,1.0,0.0
1482,2010.0,1.0,22.2,93.0,486.0,0.0,0.0,1.0,1.0,0.0
1483,2010.0,1.0,22.2,94.0,486.0,0.0,0.0,1.0,1.0,0.0
1484,2010.0,1.0,22.2,95.0,486.0,0.0,0.0,1.0,1.0,0.0
1485,2010.0,1.0,22.2,96.0,486.0,0.0,0.0,1.0,1.0,0.0
1486,2010.0,1.0,22.2,97.0,486.0,0.0,0.0,1.0,1.0,0.0
1487,2010.0,1.0,22.2,98.0,486.0,0.0,0.0,1.0,1.0,0.0
1488,2010.0,1.0,22.2,99.0,486.0,0.0,0.0,1.0,1.0,0.0
1489,2010.0,1.0,22.2,100.0,486.0,0.0,0.0,1.0,1.0,0.0
1490,2010.0,1.0,22.2,101.0,486.0,0.0,0.0,1.0,1.0,0.0
1491,2010.0,1.0,22.2,102.0,486.0,0.0,0.0,1.0,1.0,0.0
1492,2010.0,1.0,22.2,103.0,486.0,0.0,0.0,1.0,1.0,0.0
1493,2010.0,1.0,22.2,104.0,486.0,0.0,0.0,1.0,1.0,0.0
1494,2010.0,1.0,22.2,105.0,486.0,0.0,0.0,1.0,1.0,0.0
1495,2010.0,1.0,22.2,106.0,486.0,0.0,0.0,1.0,1.0,0.0
1496,2010.0,1.0,22.2,107.0,486.0,0.0,0.0,1.0,1.0,0.0
1497,2010.0,1.0,22.2,108.0,486.0,0.0,0.0,1.0,1.0,0.0
1498,2010.0,1.0,22.2,109.0,486.0,0.0,0.0,1.0,1.0,0.0
1499,2010.0,1.0,22.2,110.0,486.0,0.0,0.0,1.0,1.0,0.0
1500,2010.0,1.0,22.2,111.0,486.0,0.0,0.0,1.0,1.0,0.0
1501,2010.0,1.0,22.2,112.0,486.0,0.0,0.0,1.0,1.0,0.0
1502,2010.0,1.0,22.2,113.0,486.0,0.0,0.0,1.0,1.0,0.0
1503,2010.0,1.0,22.2,114.0,486.0,0.0,0.0,1.0,1.0,0.0
1504,2010.0,1.0,22.2,115.0,486.0,0.0,0.0,1.0,1.0,0.0
1505,2010.0,1.0,22.2,116.0,486.0,0.0,0.0,1.0,1.0,0.0
1506,2010.0,1.0,22.2,117.0,486.0,0.0,0.0,1.0,1.0,0.0
1507,2010.0,1.0,22.2,118.0,486.0,0.0,0.0,1.0,1.0,0.0
1508,2010.0,1.0,22.2,119.0,486.0,0.0,0.0,1.0,1.0,0.0
1509,2010.0,1.0,22.2,120.0,486.0,0.0,0.0,1.0,1.0,0.0
1510,2010.0,1.0,22.2,121.0,486.0,0.0,0.0,1.0,1.0,0.0
1511,2010.0,1.0,22.2,122.0,486.0,0.0,0.0,1.0,1.0,0.0
1512,2010.0,1.0,22.2,123.0,486.0,0.0,0.0,1.0,1.0,0.0
1513,2010.0,1.0,22.2,124.0,486.0,0.0,0.0,1.0,1.0,0.0
1514,2010.0,1.0,22.2,125.0,486.0,0.0,0.0,1.0,1.0,0.0
1515,2010.0,1.0,22.2,126.0,486.0,0.0,0.0,1.0,1.0,0.0
1516,2010.0,1.0,22.2,127.0,486.0,0.0,0.0,1.0,1.0,0.0
1517,2010.0,1.0,22.2,128.0,486.0,0.0,0.0,1.0,1.0,0.0
1518,2010.0,1.0,22.2,129.0,486.0,0.0,0.0,1.0,1.0,0.0
1519,2010.0,1.0,22.2,130.0,486.0,0.0,0.0,1.0,1.0,0.0
1520,2010.0,1.0,22.2,131.0,486.0,0.0,0.0,1.0,1.0,0.0
1521,2010.0,1.0,22.2,132.0,486.0,0.0,0.0,1.0,1.0,0.0
1522,2010.0,1.0,22.2,133.0,486.0,0.0,0.0,1.0,1.0,0.0
1523,2010.0,1.0,22.2,134.0,486.0,0.0,0.0,1.0,1.0,0.0
1524,2010.0,1.0,22.2,135.0,486.0,0.0,0.0,1.0,1.0,0.0
1525,2010.0,1.0,22.2,136.0,486.0,0.0,0.0,1.0,1.0,0.0
1526,2010.0,1.0,22.2,137.0,486.0,0.0,0.0,1.0,1.0,0.0
1527,2010.0,1.0,22.2,138.0,486.0,0.0,0.0,1.0,1.0,0.0
1528,2010.0,1.0,22.2,139.0,486.0,0.0,0.0,1.0,1.0,0.0
1529,2010.0,1.0,22.2,140.0,486.0,0.0,0.0,1.0,1.0,0.0
1530,2010.0,1.0,22.2,141.0,486.0,0.0,0.0,1.0,1.0,0.0
1531,2010.0,1.0,22.2,142.0,486.0,0.0,0.0,1.0,1.0,0.0
1532,2010.0,1.0,22.2,143.0,486.0,0.0,0.0,1.0,1.0,0.0
1533,2010.0,1.0,22.2,144.0,486.0,0.0,0.0,1.0,1.0,0.0
1534,2010.0,1.0,22.2,145.0,486.0,0.0,0.0,1.0,1.0,0.0
1535,2010.0,1.0,22.2,146.0,486.0,0.0,0.0,1.0,1.0,0.0
1536,2010.0,1.0,22.2,147.0,486.0,0.0,0.0,1.0,1.0,0.0
1537,2010.0,1.0,22.2,148.0,486.0,0.0,0.0,1.0,1.0,0.0
1538,2010.0,1.0,22.2,149.0,486.0,0.0,0.0,1.0,1.0,0.0
1539,2010.0,1.0,22.2,150.0,486.0,0.0,0.0,1.0,1.0,0.0
1540,2010.0,1.0,22.2,151.0,486.0,0.0,0.0,1.0,1.0,0.0
1541,2010.0,1.0,22.2,152.0,486.0,0.0,0.0,1.0,1.0,0.0
1542,2010.0,1.0,22.2,153.0,486.0,0.0,0.0,1.0,1.0,0.0
1543,2010.0,1.0,22.2,154.0,486.0,0.0,0.0,1.0,1.0,0.0
1544,2010.0,1.0,22.2,155.0,486.0,0.0,0.0,1.0,1.0,0.0
1545,2010.0,1.0,22.2,156.0,486.0,0.0,0.0,1.0,1.0,0.0
1546,2010.0,1.0,22.2,157.0,486.0,0.0,0.0,1.0,1.0,0.0
1547,2010.0,1.0,22.2,158.0,486.0,0.0,0.0,1.0,1.0,0.0
1548,2010.0,1.0,22.2,159.0,486.0,0.0,0.0,1.0,1.0,0.0
1549,2010.0,1.0,22.2,160.0,486.0,0.0,0.0,1.0,1.0,0.0
1550,2010.0,1.0,22.2,161.0,486.0,0.0,0.0,1.0,1.0,0.0
1551,2010.0,1.0,22.2,162.0,486.0,0.0,0.0,1.0,1.0,0.0
1552,2010.0,1.0,22.2,163.0,486.0,0.0,0.0,1.0,1.0,0.0
1553,2010.0,1.0,22.2,164.0,486.0,0.0,0.0,1.0,1.0,0.0
1554,2010.0,1.0,22.2,165.0,486.0,0.0,0.0,1.0,1.0,0.0
1555,2010.0,1.0,22.2,166.0,486.0,0.0,0.0,1.0,1.0,0.0
1556,2010.0,1.0,22.2,167.0,486.0,0.0,0.0,1.0,1.0,0.0
1557,2010.0,1.0,22.2,168.0,486.0,0.0,0.0,1.0,1.0,0.0
1558,2010.0,1.0,22.2,169.0,486.0,0.0,0.0,1.0,1.0,0.0
1559,2010.0,1.0,22.2,170.0,486.0,0.0,0.0,1.0,1.0,0.0
1560,2010.0,1.0,22.2,171.0,486.0,0.0,0.0,1.0,1.0,0.0
1561,2010.0,1.0,22.2,172.0,486.0,0.0,0.0,1.0,1.0,0.0
1562,2010.0,1.0,22.2,173.0,486.0,0.0,0.0,1.0,1.0,0.0
1563,2010.0,1.0,22.2,174.0,486.0,0.0,0.0,1.0,1.0,0.0
1564,2010.0,1.0,22.2,175.0,486.0,0.0,0.0,1.0,1.0,0.0
1565,2010.0,1.0,22.2,176.0,486.0,0.0,0.0,1.0,1.0,0.0
1566,2010.0,1.0,22.2,177.0,486.0,0.0,0.0,1.0,1.0,0.0
1567,2010.0,1.0,22.2,178.0,486.0,0.0,0.0,1.0,1.0,0.0
1568,2010.0,1.0,22.2,179.0,486.0,0.0,0.0,1.0,1.0,0.0
1569,2010.0,1.0,22.2,180.0,486.0,0.0,0.0,1.0,1.0,0.0
1570,2010.0,1.0,22.2,181.0,486.0,0.0,0.0,1.0,1.0,0.0
1571,2010.0,1.0,22.2,182.0,486.0,0.0,0.0,1.0,1.0,0.0
1572,2010.0,1.0,22.2,183.0,486.0,0.0,0.0,1.0,1.0,0.0
1573,2010.0,1.0,22.2,184.0,486.0,0.0,0.0,1.0,1.0,0.0
1574,2010.0,1.0,22.2,185.0,486.0,0.0,0.0,1.0,1.0,0.0
1575,2010.0,1.0,22.2,186.0,486.0,0.0,0.0,1.0,1.0,0.0
1576,2010.0,1.0,22.2,187.0,486.0,0.0,0.0,1.0,1.0,0.0
1577,2010.0,1.0,22.2,188.0,486.0,0.0,0.0,1.0,1.0,0.0
1578,2010.0,1.0,22.2,189.0,486.0,0.0,0.0,1.0,1.0,0.0
1579,2010.0,1.0,22.2,190.0,486.0,0.0,0.0,1.0,1.0,0.0
1580,2010.0,1.0,22.2,191.0,486.0,0.0,0.0,1.0,1.0,0.0
1581,2010.0,1.0,22.2,192.0,486.0,0.0,0.0,1.0,1.0,0.0
1582,2010.0,1.0,22.2,193.0,486.0,0.0,0.0,1.0,1.0,0.0
1583,2010.0,1.0,22.2,194.0,486.0,0.0,0.0,1.0,1.0,0.0
1584,2010.0,1.0,22.2,195.0,486.0,0.0,0.0,1.0,1.0,0.0
1585,2010.0,1.0,22.2,196.0,486.0,0.0,0.0,1.0,1.0,0.0
1586,2010.0,1.0,22.2,197.0,486.0,0.0,0.0,1.0,1.0,0.0
1587,2010.0,1.0,22.2,198.0,486.0,0.0,0.0,1.0,1.0,0.0
1588,2010.0,1.0,22.2,199.0,486.0,0.0,0.0,1.0,1.0,0.0
1589,2010.0,1.0,22.2,200.0,486.0,0.0,0.0,1.0,1.0,0.0
1590,2010.0,1.0,22.2,201.0,486.0,0.0,0.0,1.0,1.0,0.0
1591,2010.0,1.0,22.2,202.0,486.0,0.0,0.0,1.0,1.0,0.0
1592,2010.0,1.0,22.2,203.0,486.0,0.0,0.0,1.0,1.0,0.0
1593,2010.0,1.0,22.2,204.0,486.0,0.0,0.0,1.0,1.0,0.0
1594,2010.0,1.0,22.2,205.0,486.0,0.0,0.0,1.0,1.0,0.0
1595,2010.0,1.0,22.2,206.0,486.0,0.0,0.0,1.0,1.0,0.0
1596,2010.0,1.0,22.2,207.0,486.0,0.0,0.0,1.0,1.0,0.0
1597,2010.0,1.0,22.2,208.0,486.0,0.0,0.0,1.0,1.0,0.0
1598,2010.0,1.0,22.2,209.0,486.0,0.0,0.0,1.0,1.0,0.0
1599,2010.0,1.0,22.2,210.0,486.0,0.0,0.0,1.0,1.0,0.0
1600,2010.0,1.0,22.2,211.0,486.0,0.0,0.0,1.0,1.0,0.0
1601,2010.0,1.0,22.2,212.0,486.0,0.0,0.0,1.0,1.0,0.0
1602,2010.0,1.0,22.2,213.0,486.0,0.0,0.0,1.0,1.0,0.0
1603,2010.0,1.0,22.2,214.0,486.0,0.0,0.0,1.0,1.0,0.0
1604,2010.0,1.0,22.2,215.0,486.0,0.0,0.0,1.0,1.0,0.0
1605,2010.0,1.0,22.2,216.0,486.0,0.0,0.0,1.0,1.0,0.0
1606,2010.0,1.0,22.2,217.0,486.0,0.0,0.0,1.0,1.0,0.0
1607,2010.0,1.0,22.2,218.0,486.0,0.0,0.0,1.0,1.0,0.0
1608,2010.0,1.0,22.2,219.0,486.0,0.0,0.0,1.0,1.0,0.0
1609,2010.0,1.0,22.2,220.0,486.0,0.0,0.0,1.0,1.0,0.0
1610,2010.0,1.0,22.2,221.0,486.0,0.0,0.0,1.0,1.0,0.0
1611,2010.0,1.0,22.2,222.0,486.0,0.0,0.0,1.0,1.0,0.0
1612,2010.0,1.0,22.2,223.0,486.0,0.0,0.0,1.0,1.0,0.0
1613,2010.0,1.0,22.2,224.0,486.0,0.0,0.0,1.0,1.0,0.0
1614,2010.0,1.0,22.2,225.0,486.0,0.0,0.0,1.0,1.0,0.0
1615,2010.0,1.0,22.2,226.0,486.0,0.0,0.0,1.0,1.0,0.0
1616,2010.0,1.0,22.2,227.0,486.0,0.0,0.0,1.0,1.0,0.0
1617,2010.0,1.0,22.2,228.0,486.0,0.0,0.0,1.0,1.0,0.0
1618,2010.0,1.0,22.2,229.0,486.0,0.0,0.0,1.0,1.0,0.0
1619,2010.0,1.0,22.2,230.0,486.0,0.0,0.0,1.0,1.0,0.0
1620,2010.0,1.0,22.2,231.0,486.0,0.0,0.0,1.0,1.0,0.0
1621,2010.0,1.0,22.2,232.0,486.0,0.0,0.0,1.0,1.0,0.0
1622,2010.0,1.0,22.2,233.0,486.0,0.0,0.0,1.0,1.0,0.0
1623,2010.0,1.0,22.2,234.0,486.0,0.0,0.0,1.0,1.0,0.0
1624,2010.0,1.0,22.2,235.0,486.0,0.0,0.0,1.0,1.0,0.0
1625,2010.0,1.0,22.2,236.0,486.0,0.0,0.0,1.0,1.0,0.0
1626,2010.0,1.0,22.2,237.0,486.0,0.0,0.0,1.0,1.0,0.0
1627,2010.0,1.0,22.2,238.0,486.0,0.0,0.0,1.0,1.0,0.0
1628,2010.0,1.0,22.2,239.0,486.0,0.0,0.0,1.0,1.0,0.0
1629,2010.0,1.0,22.2,240.0,486.0,0.0,0.0,1.0,1.0,0.0
1630,2010.0,1.0,22.2,241.0,486.0,0.0,0.0,1.0,1.0,0.0
1631,2010.0,1.0,22.2,242.0,486.0,0.0,0.0,1.0,1.0,0.0
1632,2010.0,1.0,22.2,243.0,486.0,0.0,0.0,1.0,1.0,0.0
1633,2010.0,1.0,22.2,244.0,486.0,0.0,0.0,1.0,1.0,0.0
1634,2010.0,1.0,22.2,245.0,486.0,0.0,0.0,1.0,1.0,0.0
1635,2010.0,1.0,22.2,246.0,486.0,0.0,0.0,1.0,1.0,0.0
1636,2010.0,1.0,22.2,247.0,486.0,0.0,0.0,1.0,1.0,0.0
1637,2010.0,1.0,22.2,248.0,486.0,0.0,0.0,1.0,1.0,0.0
1638,2010.0,1.0,22.2,249.0,486.0,0.0,0.0,1.0,1.0,0.0
1639,2010.0,1.0,22.2,250.0,486.0,0.0,0.0,1.0,1.0,0.0
1640,2010.0,1.0,22.2,251.0,486.0,0.0,0.0,1.0,1.0,0.0
1641,2010.0,1.0,22.2,252.0,486.0,0.0,0.0,1.0,1.0,0.0
1642,2010.0,1.0,22.2,253.0,486.0,0.0,0.0,1.0,1.0,0.0
1643,2010.0,1.0,22.2,254.0,486.0,0.0,0.0,1.0,1.0,0.0
1644,2010.0,1.0,22.2,255.0,486.0,0.0,0.0,1.0,1.0,0.0
1645,2010.0,1.0,22.2,256.0,486.0,0.0,0.0,1.0,1.0,0.0
1646,2010.0,1.0,22.2,257.0,486.0,0.0,0.0,1.0,1.0,0.0
1647,2010.0,1.0,22.2,258.0,486.0,0.0,0.0,1.0,1.0,0.0
1648,2010.0,1.0,22.2,259.0,486.0,0.0,0.0,1.0,1.0,0.0
1649,2010.0,1.0,22.2,260.0,486.0,0.0,0.0,1.0,1.0,0.0
1650,2010.0,1.0,22.2,261.0,486.0,0.0,0.0,1.0,1.0,0.0
1651,2010.0,1.0,22.2,262.0,486.0,0.0,0.0,1.0,1.0,0.0
1652,2010.0,1.0,22.2,263.0,486.0,0.0,0.0,1.0,1.0,0.0
1653,2010.0,1.0,22.2,264.0,486.0,0.0,0.0,1.0,1.0,0.0
1654,2010.0,1.0,22.2,265.0,486.0,0.0,0.0,1.0,1.0,0.0
1655,2010.0,1.0,22.2,266.0,486.0,0.0,0.0,1.0,1.0,0.0
1656,2010.0,1.0,22.2,267.0,486.0,0.0,0.0,1.0,1.0,0.0
1657,2010.0,1.0,22.2,268.0,486.0,0.0,0.0,1.0,1.0,0.0
1658,2010.0,1.0,22.2,269.0,486.0,0.0,0.0,1.0,1.0,0.0
1659,2010.0,1.0,22.2,270.0,486.0,0.0,0.0,1.0,1.0,0.0
1660,2010.0,1.0,22.2,271.0,486.0,0.0,0.0,1.0,1.0,0.0
1661,2010.0,1.0,22.2,272.0,486.0,0.0,0.0,1.0,1.0,0.0
1662,2010.0,1.0,22.2,273.0,486.0,0.0,0.0,1.0,1.0,0.0
1663,2010.0,1.0,22.2,274.0,486.0,0.0,0.0,1.0,1.0,0.0
1664,2010.0,1.0,22.2,275.0,486.0,0.0,0.0,1.0,1.0,0.0
1665,2010.0,1.0,22.2,276.0,486.0,0.0,0.0,1.0,1.0,0.0
1666,2010.0,1.0,22.2,277.0,486.0,0.0,0.0,1.0,1.0,0.0
1667,2010.0,1.0,22.2,278.0,486.0,0.0,0.0,1.0,1.0,0.0
1668,2010.0,1.0,22.2,279.0,486.0,0.0,0.0,1.0,1.0,0.0
1669,2010.0,1.0,22.2,280.0,486.0,0.0,0.0,1.0,1.0,0.0
1670,2010.0,1.0,22.2,281.0,486.0,0.0,0.0,1.0,1.0,0.0
1671,2010.0,1.0,22.2,282.0,486.0,0.0,0.0,1.0,1.0,0.0
1672,2010.0,1.0,22.2,283.0,486.0,0.0,0.0,1.0,1.0,0.0
1673,2010.0,1.0,22.2,284.0,486.0,0.0,0.0,1.0,1.0,0.0
1674,2010.0,1.0,22.2,285.0,486.0,0.0,0.0,1.0,1.0,0.0
1675,2010.0,1.0,22.2,286.0,486.0,0.0,0.0,1.0,1.0,0.0
1676,2010.0,1.0,22.2,287.0,486.0,0.0,0.0,1.0,1.0,0.0
1677,2010.0,1.0,22.2,288.0,486.0,0.0,0.0,1.0,1.0,0.0
1678,2010.0,1.0,22.2,289.0,486.0,0.0,0.0,1.0,1.0,0.0
1679,2010.0,1.0,22.2,290.0,486.0,0.0,0.0,1.0,1.0,0.0
1680,2010.0,1.0,22.2,291.0,486.0,0.0,0.0,1.0,1.0,0.0
1681,2010.0,1.0,22.2,292.0,486.0,0.0,0.0,1.0,1.0,0.0
1682,2010.0,1.0,22.2,293.0,486.0,0.0,0.0,1.0,1.0,0.0
1683,2010.0,1.0,22.2,294.0,486.0,0.0,0.0,1.0,1.0,0.0
1684,2010.0,1.0,22.2,295.0,486.0,0.0,0.0,1.0,1.0,0.0
1685,2010.0,1.0,22.2,296.0,486.0,0.0,0.0,1.0,1.0,0.0
1686,2010.0,1.0,22.2,297.0,486.0,0.0,0.0,1.0,1.0,0.0
1687,2010.0,1.0,22.2,298.0,486.0,0.0,0.0,1.0,1.0,0.0
1688,2010.0,1.0,22.2,299.0,486.0,0.0,0.0,1.0,1.0,0.0
1689,2010.0,1.0,22.2,300.0,486.0,0.0,0.0,1.0,1.0,0.0
1690,2010.0,1.0,22.2,301.0,486.0,0.0,0.0,1.0,1.0,0.0
1691,2010.0,1.0,22.2,302.0,486.0,0.0,0.0,1.0,1.0,0.0
1692,2010.0,1.0,22.2,303.0,486.0,0.0,0.0,1.0,1.0,0.0
1693,2010.0,1.0,22.2,304.0,486.0,0.0,0.0,1.0,1.0,0.0
1694,2010.0,1.0,22.2,305.0,486.0,0.0,0.0,1.0,1.0,0.0
1695,2010.0,1.0,22.2,306.0,486.0,0.0,0.0,1.0,1.0,0.0
1696,2010.0,1.0,22.2,307.0,486.0,0.0,0.0,1.0,1.0,0.0
1697,2010.0,1.0,22.2,308.0,486.0,0.0,0.0,1.0,1.0,0.0
1698,2010.0,1.0,22.2,309.0,486.0,0.0,0.0,1.0,1.0,0.0
1699,2010.0,1.0,22.2,310.0,486.0,0.0,0.0,1.0,1.0,0.0
1700,2010.0,1.0,22.2,311.0,486.0,0.0,0.0,1.0,1.0,0.0
1701,2010.0,1.0,22.2,312.0,486.0,0.0,0.0,1.0,1.0,0.0
1702,2010.0,1.0,22.2,313.0,486.0,0.0,0.0,1.0,1.0,0.0
1703,2010.0,1.0,22.2,314.0,486.0,0.0,0.0,1.0,1.0,0.0
1704,2010.0,1.0,22.2,315.0,486.0,0.0,0.0,1.0,1.0,0.0
1705,2010.0,1.0,22.2,316.0,486.0,0.0,0.0,1.0,1.0,0.0
1706,2010.0,1.0,22.2,317.0,486.0,0.0,0.0,1.0,1.0,0.0
1707,2010.0,1.0,22.2,318.0,486.0,0.0,0.0,1.0,1.0,0.0
1708,2010.0,1.0,22.2,319.0,486.0,0.0,0.0,1.0,1.0,0.0
1709,2010.0,1.0,22.2,320.0,486.0,0.0,0.0,1.0,1.0,0.0
1710,2010.0,1.0,22.2,321.0,486.0,0.0,0.0,1.0,1.0,0.0
1711,2010.0,1.0,22.2,322.0,486.0,0.0,0.0,1.0,1.0,0.0
1712,2010.0,1.0,22.2,323.0,486.0,0.0,0.0,1.0,1.0,0.0
1713,2010.0,1.0,22.2,324.0,486.0,0.0,0.0,1.0,1.0,0.0
1714,2010.0,1.0,22.2,325.0,486.0,0.0,0.0,1.0,1.0,0.0
1715,2010.0,1.0,22.2,326.0,486.0,0.0,0.0,1.0,1.0,0.0
1716,2010.0,1.0,22.2,327.0,486.0,0.0,0.0,1.0,1.0,0.0
1717,2010.0,1.0,22.2,328.0,486.0,0.0,0.0,1.0,1.0,0.0
1718,2010.0,1.0,22.2,329.0,486.0,0.0,0.0,1.0,1.0,0.0
1719,2010.0,1.0,22.2,330.0,486.0,0.0,0.0,1.0,1.0,0.0
1720,2010.0,1.0,22.2,331.0,486.0,0.0,0.0,1.0,1.0,0.0
1721,2010.0,1.0,22.2,332.0,486.0,0.0,0.0,1.0,1.0,0.0
1722,2010.0,1.0,22.2,333.0,486.0,0.0,0.0,1.0,1.0,0.0
1723,2010.0,1.0,22.2,334.0,486.0,0.0,0.0,1.0,1.0,0.0
1724,2010.0,1.0,22.2,335.0,486.0,0.0,0.0,1.0,1.0,0.0
1725,2010.0,1.0,22.2,336.0,486.0,0.0,0.0,1.0,1.0,0.0
1726,2010.0,1.0,22.2,337.0,486.0,0.0,0.0,1.0,1.0,0.0
1727,2010.0,1.0,22.2,338.0,486.0,0.0,0.0,1.0,1.0,0.0
1728,2010.0,1.0,22.2,339.0,486.0,0.0,0.0,1.0,1.0,0.0
1729,2010.0,1.0,22.2,340.0,486.0,0.0,0.0,1.0,1.0,0.0
1730,2010.0,1.0,22.2,341.0,486.0,0.0,0.0,1.0,1.0,0.0
1731,2010.0,1.0,22.2,342.0,486.0,0.0,0.0,1.0,1.0,0.0
1732,2010.0,1.0,22.2,343.0,486.0,0.0,0.0,1.0,1.0,0.0
1733,2010.0,1.0,22.2,344.0,486.0,0.0,0.0,1.0,1.0,0.0
1734,2010.0,1.0,22.2,345.0,486.0,0.0,0.0,1.0,1.0,0.0
1735,2010.0,1.0,22.2,346.0,486.0,0.0,0.0,1.0,1.0,0.0
1736,2010.0,1.0,22.2,347.0,486.0,0.0,0.0,1.0,1.0,0.0
1737,2010.0,1.0,22.2,348.0,486.0,0.0,0.0,1.0,1.0,0.0
1738,2010.0,1.0,22.2,349.0,486.0,0.0,0.0,1.0,1.0,0.0
1739,2010.0,1.0,22.2,350.0,486.0,0.0,0.0,1.0,1.0,0.0
1740,2010.0,1.0,22.2,351.0,486.0,0.0,0.0,1.0,1.0,0.0
1741,2010.0,1.0,22.2,352.0,486.0,0.0,0.0,1.0,1.0,0.0
1742,2010.0,1.0,22.2,353.0,486.0,0.0,0.0,1.0,1.0,0.0
1743,2010.0,1.0,22.2,354.0,486.0,0.0,0.0,1.0,1.0,0.0
1744,2010.0,1.0,22.2,355.0,486.0,0.0,0.0,1.0,1.0,0.0
1745,2010.0,1.0,22.2,356.0,486.0,0.0,0.0,1.0,1.0,0.0
1746,2010.0,1.0,22.2,357.0,486.0,0.0,0.0,1.0,1.0,0.0
1747,2010.0,1.0,22.2,358.0,486.0,0.0,0.0,1.0,1.0,0.0
1748,2010.0,1.0,22.2,359.0,486.0,0.0,0.0,1.0,1.0,0.0
1749,2010.0,1.0,22.2,360.0,486.0,0.0,0.0,1.0,1.0,0.0
1750,2010.0,1.0,22.2,361.0,486.0,0.0,0.0,1.0,1.0,0.0
1751,2010.0,1.0,22.2,362.0,486.0,0.0,0.0,1.0,1.0,0.0
1752,2010.0,1.0,22.2,363.0,486.0,0.0,0.0,1.0,1.0,0.0
1753,2010.0,1.0,22.2,364.0,486.0,0.0,0.0,1.0,1.0,0.0
1754,2010.0,1.0,22.2,365.0,486.0,0.0,0.0,1.0,1.0,0.0
1755,2010.0,1.0,22.2,366.0,486.0,0.0,0.0,1.0,1.0,0.0
1756,2010.0,1.0,22.2,367.0,486.0,0.0,0.0,1.0,1.0,0.0
1757,2010.0,1.0,22.2,368.0,486.0,0.0,0.0,1.0,1.0,0.0
1758,2010.0,1.0,22.2,369.0,486.0,0.0,0.0,1.0,1.0,0.0
1759,2010.0,1.0,22.2,370.0,486.0,0.0,0.0,1.0,1.0,0.0
1760,2010.0,1.0,22.2,371.0,486.0,0.0,0.0,1.0,1.0,0.0
1761,2010.0,1.0,22.2,372.0,486.0,0.0,0.0,1.0,1.0,0.0
1762,2010.0,1.0,22.2,373.0,486.0,0.0,0.0,1.0,1.0,0.0
1763,2010.0,1.0,22.2,374.0,486.0,0.0,0.0,1.0,1.0,0.0
1764,2010.0,1.0,22.2,375.0,486.0,0.0,0.0,1.0,1.0,0.0
1765,2010.0,1.0,22.2,376.0,486.0,0.0,0.0,1.0,1.0,0.0
1766,2010.0,1.0,22.2,377.0,486.0,0.0,0.0,1.0,1.0,0.0
1767,2010.0,1.0,22.2,378.0,486.0,0.0,0.0,1.0,1.0,0.0
1768,2010.0,1.0,22.2,379.0,486.0,0.0,0.0,1.0,1.0,0.0
1769,2010.0,1.0,22.2,380.0,486.0,0.0,0.0,1.0,1.0,0.0
1770,2010.0,1.0,22.2,381.0,486.0,0.0,0.0,1.0,1.0,0.0
1771,2010.0,1.0,22.2,382.0,486.0,0.0,0.0,1.0,1.0,0.0
1772,2010.0,1.0,22.2,383.0,486.0,0.0,0.0,1.0,1.0,0.0
1773,2010.0,1.0,22.2,384.0,486.0,0.0,0.0,1.0,1.0,0.0
1774,2010.0,1.0,22.2,385.0,486.0,0.0,0.0,1.0,1.0,0.0
1775,2010.0,1.0,22.2,386.0,486.0,0.0,0.0,1.0,1.0,0.0
1776,2010.0,1.0,22.2,387.0,486.0,0.0,0.0,1.0,1.0,0.0
1777,2010.0,1.0,22.2,388.0,486.0,0.0,0.0,1.0,1.0,0.0
1778,2010.0,1.0,22.2,389.0,486.0,0.0,0.0,1.0,1.0,0.0
1779,2010.0,1.0,22.2,390.0,486.0,0.0,0.0,1.0,1.0,0.0
1780,2010.0,1.0,22.2,391.0,486.0,0.0,0.0,1.0,1.0,0.0
1781,2010.0,1.0,22.2,392.0,486.0,0.0,0.0,1.0,1.0,0.0
1782,2010.0,1.0,22.2,393.0,486.0,0.0,0.0,1.0,1.0,0.0
1783,2010.0,1.0,22.2,394.0,486.0,0.0,0.0,1.0,1.0,0.0
1784,2010.0,1.0,22.2,395.0,486.0,0.0,0.0,1.0,1.0,0.0
1785,2010.0,1.0,22.2,396.0,486.0,0.0,0.0,1.0,1.0,0.0
1786,2010.0,1.0,22.2,397.0,486.0,0.0,0.0,1.0,1.0,0.0
1787,2010.0,1.0,22.2,398.0,486.0,0.0,0.0,1.0,1.0,0.0
1788,2010.0,1.0,22.2,399.0,486.0,0.0,0.0,1.0,1.0,0.0
1789,2010.0,1.0,22.2,400.0,486.0,0.0,0.0,1.0,1.0,0.0
1790,2010.0,1.0,22.2,401.0,486.0,0.0,0.0,1.0,1.0,0.0
1791,2010.0,1.0,22.2,402.0,486.0,0.0,0.0,1.0,1.0,0.0
1792,2010.0,1.0,22.2,403.0,486.0,0.0,0.0,1.0,1.0,0.0
1793,2010.0,1.0,22.2,404.0,486.0,0.0,0.0,1.0,1.0,0.0
1794,2010.0,1.0,22.2,405.0,486.0,0.0,0.0,1.0,1.0,0.0
1795,2010.0,1.0,22.2,406.0,486.0,0.0,0.0,1.0,1.0,0.0
1796,2010.0,1.0,22.2,407.0,486.0,0.0,0.0,1.0,1.0,0.0
1797,2010.0,1.0,22.2,408.0,486.0,0.0,0.0,1.0,1.0,0.0
1798,2010.0,1.0,22.2,409.0,486.0,0.0,0.0,1.0,1.0,0.0
1799,2010.0,1.0,22.2,410.0,486.0,0.0,0.0,1.0,1.0,0.0
1800,2010.0,1.0,22.2,411.0,486.0,0.0,0.0,1.0,1.0,0.0
1801,2010.0,1.0,22.2,412.0,486.0,0.0,0.0,1.0,1.0,0.0
1802,2010.0,1.0,22.2,413.0,486.0,0.0,0.0,1.0,1.0,0.0
1803,2010.0,1.0,22.2,414.0,486.0,0.0,0.0,1.0,1.0,0.0
1804,2010.0,1.0,22.2,415.0,486.0,0.0,0.0,1.0,1.0,0.0
1805,2010.0,1.0,22.2,416.0,486.0,0.0,0.0,1.0,1.0,0.0
1806,2010.0,1.0,22.2,417.0,486.0,0.0,0.0,1.0,1.0,0.0
1807,2010.0,1.0,22.2,418.0,486.0,0.0,0.0,1.0,1.0,0.0
1808,2010.0,1.0,22.2,419.0,486.0,0.0,0.0,1.0,1.0,0.0
1809,2010.0,1.0,22.2,420.0,486.0,0.0,0.0,1.0,1.0,0.0
1810,2010.0,1.0,22.2,421.0,486.0,0.0,0.0,1.0,1.0,0.0
1811,2010.0,1.0,22.2,422.0,486.0,0.0,0.0,1.0,1.0,0.0
1812,2010.0,1.0,22.2,423.0,486.0,0.0,0.0,1.0,1.0,0.0
1813,2010.0,1.0,22.2,424.0,486.0,0.0,0.0,1.0,1.0,0.0
1814,2010.0,1.0,22.2,425.0,486.0,0.0,0.0,1.0,1.0,0.0
1815,2010.0,1.0,22.2,426.0,486.0,0.0,0.0,1.0,1.0,0.0
1816,2010.0,1.0,22.2,427.0,486.0,0.0,0.0,1.0,1.0,0.0
1817,2010.0,1.0,22.2,428.0,486.0,0.0,0.0,1.0,1.0,0.0
1818,2010.0,1.0,22.2,429.0,486.0,0.0,0.0,1.0,1.0,0.0
1819,2010.0,1.0,22.2,430.0,486.0,0.0,0.0,1.0,1.0,0.0
1820,2010.0,1.0,22.2,431.0,486.0,0.0,0.0,1.0,1.0,0.0
1821,2010.0,1.0,22.2,432.0,486.0,0.0,0.0,1.0,1.0,0.0
1822,2010.0,1.0,22.2,433.0,486.0,0.0,0.0,1.0,1.0,0.0
1823,2010.0,1.0,22.2,434.0,486.0,0.0,0.0,1.0,1.0,0.0
1824,2010.0,1.0,22.2,435.0,486.0,0.0,0.0,1.0,1.0,0.0
1825,2010.0,1.0,22.2,436.0,486.0,0.0,0.0,1.0,1.0,0.0
1826,2010.0,1.0,22.2,437.0,486.0,0.0,0.0,1.0,1.0,0.0
1827,2010.0,1.0,22.2,438.0,486.0,0.0,0.0,1.0,1.0,0.0
1828,2010.0,1.0,22.2,439.0,486.0,0.0,0.0,1.0,1.0,0.0
1829,2010.0,1.0,22.2,440.0,486.0,0.0,0.0,1.0,1.0,0.0
1830,2010.0,1.0,22.2,441.0,486.0,0.0,0.0,1.0,1.0,0.0
1831,2010.0,1.0,22.2,442.0,486.0,0.0,0.0,1.0,1.0,0.0
1832,2010.0,1.0,22.2,443.0,486.0,0.0,0.0,1.0,1.0,0.0
1833,2010.0,1.0,22.2,444.0,486.0,0.0,0.0,1.0,1.0,0.0
1834,2010.0,1.0,22.2,445.0,486.0,0.0,0.0,1.0,1.0,0.0
1835,2010.0,1.0,22.2,446.0,486.0,0.0,0.0,1.0,1.0,0.0
1836,2010.0,1.0,22.2,447.0,486.0,0.0,0.0,1.0,1.0,0.0
1837,2010.0,1.0,22.2,448.0,486.0,0.0,0.0,1.0,1.0,0.0
1838,2010.0,1.0,22.2,449.0,486.0,0.0,0.0,1.0,1.0,0.0
1839,2010.0,1.0,22.2,450.0,486.0,0.0,0.0,1.0,1.0,0.0
1840,2010.0,1.0,22.2,451.0,486.0,0.0,0.0,1.0,1.0,0.0
1841,2010.0,1.0,22.2,452.0,486.0,0.0,0.0,1.0,1.0,0.0
1842,2010.0,1.0,22.2,453.0,486.0,0.0,0.0,1.0,1.0,0.0
1843,2010.0,1.0,22.2,454.0,486.0,0.0,0.0,1.0,1.0,0.0
1844,2010.0,1.0,22.2,455.0,486.0,0.0,0.0,1.0,1.0,0.0
1845,2010.0,1.0,22.2,456.0,486.0,0.0,0.0,1.0,1.0,0.0
1846,2010.0,1.0,22.2,457.0,486.0,0.0,0.0,1.0,1.0,0.0
1847,2010.0,1.0,22.2,458.0,486.0,0.0,0.0,1.0,1.0,0.0
1848,2010.0,1.0,22.2,459.0,486.0,0.0,0.0,1.0,1.0,0.0
1849,2010.0,1.0,22.2,460.0,486.0,0.0,0.0,1.0,1.0,0.0
1850,2010.0,1.0,22.2,461.0,486.0,0.0,0.0,1.0,1.0,0.0
1851,2010.0,1.0,22.2,462.0,486.0,0.0,0.0,1.0,1.0,0.0
1852,2010.0,1.0,22.2,463.0,486.0,0.0,0.0,1.0,1.0,0.0
1853,2010.0,1.0,22.2,464.0,486.0,0.0,0.0,1.0,1.0,0.0
1854,2010.0,1.0,22.2,465.0,486.0,0.0,0.0,1.0,1.0,0.0
1855,2010.0,1.0,22.2,466.0,486.0,0.0,0.0,1.0,1.0,0.0
1856,2010.0,1.0,22.2,467.0,486.0,0.0,0.0,1.0,1.0,0.0
1857,2010.0,1.0,22.2,468.0,486.0,0.0,0.0,1.0,1.0,0.0
1858,2010.0,1.0,22.2,469.0,486.0,0.0,0.0,1.0,1.0,0.0
1859,2010.0,1.0,22.2,470.0,486.0,0.0,0.0,1.0,1.0,0.0
1860,2010.0,1.0,22.2,471.0,486.0,0.0,0.0,1.0,1.0,0.0
1861,2010.0,1.0,22.2,472.0,486.0,0.0,0.0,1.0,1.0,0.0
1862,2010.0,1.0,22.2,473.0,486.0,0.0,0.0,1.0,1.0,0.0
1863,2010.0,1.0,22.2,474.0,486.0,0.0,0.0,1.0,1.0,0.0
1864,2010.0,1.0,22.2,475.0,486.0,0.0,0.0,1.0,1.0,0.0
1865,2010.0,1.0,22.2,476.0,486.0,0.0,0.0,1.0,1.0,0.0
1866,2010.0,1.0,22.2,477.0,486.0,0.0,0.0,1.0,1.0,0.0
1867,2010.0,1.0,22.2,478.0,486.0,0.0,0.0,1.0,1.0,0.0
1868,2010.0,1.0,22.2,479.0,486.0,0.0,0.0,1.0,1.0,0.0
1869,2010.0,1.0,22.2,480.0,486.0,0.0,0.0,1.0,1.0,0.0
1870,2010.0,1.0,22.2,481.0,486.0,0.0,0.0,1.0,1.0,0.0
1871,2010.0,1.0,22.2,482.0,486.0,0.0,0.0,1.0,1.0,0.0
1872,2010.0,1.0,22.2,483.0,486.0,0.0,0.0,1.0,1.0,0.0
1873,2010.0,1.0,22.2,484.0,486.0,0.0,0.0,1.0,1.0,0.0
1874,2010.0,1.0,22.2,485.0,486.0,0.0,0.0,1.0,1.0,0.0
1875,2010.0,1.0,22.2,486.0,486.0,0.0,0.0,1.0,1.0,0.0
1876,2010.0,1.0,22.2,487.0,486.0,0.0,0.0,1.0,1.0,0.0
1877,2010.0,1.0,22.2,488.0,486.0,0.0,0.0,1.0,1.0,0.0
1878,2010.0,1.0,22.2,489.0,486.0,0.0,0.0,1.0,1.0,0.0
1879,2010.0,1.0,22.2,490.0,486.0,0.0,0.0,1.0,1.0,0.0
1880,2010.0,1.0,22.2,491.0,486.0,0.0,0.0,1.0,1.0,0.0
1881,2010.0,1.0,22.2,492.0,486.0,0.0,0.0,1.0,1.0,0.0
1882,2010.0,1.0,22.2,493.0,486.0,0.0,0.0,1.0,1.0,0.0
1883,2010.0,1.0,22.2,494.0,486.0,0.0,0.0,1.0,1.0,0.0
1884,2010.0,1.0,22.2,495.0,486.0,0.0,0.0,1.0,1.0,0.0
1885,2010.0,1.0,22.2,496.0,486.0,0.0,0.0,1.0,1.0,0.0
1886,2010.0,1.0,22.2,497.0,486.0,0.0,0.0,1.0,1.0,0.0
1887,2010.0,1.0,22.2,498.0,486.0,0.0,0.0,1.0,1.0,0.0
1888,2010.0,1.0,22.2,499.0,486.0,0.0,0.0,1.0,1.0,0.0
1889,2010.0,1.0,22.2,500.0,486.0,0.0,0.0,1.0,1.0,0.0
1890,2010.0,1.0,22.2,501.0,486.0,0.0,0.0,1.0,1.0,0.0
1891,2010.0,1.0,22.2,502.0,486.0,0.0,0.0,1.0,1.0,0.0
1892,2010.0,1.0,22.2,503.0,486.0,0.0,0.0,1.0,1.0,0.0
1893,2010.0,1.0,22.2,504.0,486.0,0.0,0.0,1.0,1.0,0.0
1894,2010.0,1.0,22.2,505.0,486.0,0.0,0.0,1.0,1.0,0.0
1895,2010.0,1.0,22.2,506.0,486.0,0.0,0.0,1.0,1.0,0.0
1896,2010.0,1.0,22.2,507.0,486.0,0.0,0.0,1.0,1.0,0.0
1897,2010.0,1.0,22.2,508.0,486.0,0.0,0.0,1.0,1.0,0.0
1898,2010.0,1.0,22.2,509.0,486.0,0.0,0.0,1.0,1.0,0.0
1899,2010.0,1.0,22.2,510.0,486.0,0.0,0.0,1.0,1.0,0.0
1900,2010.0,1.0,22.2,511.0,486.0,0.0,0.0,1.0,1.0,0.0
1901,2010.0,1.0,22.2,512.0,486.0,0.0,0.0,1.0,1.0,0.0
1902,2010.0,1.0,22.2,513.0,486.0,0.0,0.0,1.0,1.0,0.0
1903,2010.0,1.0,22.2,514.0,486.0,0.0,0.0,1.0,1.0,0.0
1904,2010.0,1.0,22.2,515.0,486.0,0.0,0.0,1.0,1.0,0.0
1905,2010.0,1.0,22.2,516.0,486.0,0.0,0.0,1.0,1.0,0.0
1906,2010.0,1.0,22.2,517.0,486.0,0.0,0.0,1.0,1.0,0.0
1907,2010.0,1.0,22.2,518.0,486.0,0.0,0.0,1.0,1.0,0.0
1908,2010.0,1.0,22.2,519.0,486.0,0.0,0.0,1.0,1.0,0.0
1909,2010.0,1.0,22.2,520.0,696.0,0.0,0.0,1.0,1.0,0.0
1910,2010.0,2.0,2.0,1.0,571.0,1.0,1.0,1.0,1.0,1.75131348511384
1911,2010.0,2.0,3.0,1.0,713.0,1.0,1.0,1.0,1.0,1.40252454417952
1912,2010.0,2.0,27.0,2.0,604.0,0.0,0.0,1.0,1.0,0.0
1913,2010.0,2.0,27.0,3.0,604.0,0.0,0.0,1.0,1.0,0.0
1914,2010.0,2.0,27.0,4.0,604.0,0.0,0.0,1.0,1.0,0.0
1915,2010.0,2.0,27.0,5.0,604.0,0.0,0.0,1.0,1.0,0.0
1916,2010.0,2.0,27.0,6.0,604.0,0.0,0.0,1.0,1.0,0.0
1917,2010.0,2.0,27.0,7.0,604.0,0.0,0.0,1.0,1.0,0.0
1918,2010.0,2.0,27.0,8.0,604.0,0.0,0.0,1.0,1.0,0.0
1919,2010.0,2.0,27.0,9.0,604.0,0.0,0.0,1.0,1.0,0.0
1920,2010.0,2.0,27.0,10.0,604.0,0.0,0.0,1.0,1.0,0.0
1921,2010.0,2.0,27.0,11.0,604.0,0.0,0.0,1.0,1.0,0.0
1922,2010.0,2.0,27.0,12.0,604.0,0.0,0.0,1.0,1.0,0.0
1923,2010.0,2.0,27.0,13.0,604.0,0.0,0.0,1.0,1.0,0.0
1924,2010.0,2.0,27.0,14.0,604.0,0.0,0.0,1.0,1.0,0.0
1925,2010.0,2.0,27.0,15.0,604.0,0.0,0.0,1.0,1.0,0.0
1926,2010.0,2.0,27.0,16.0,604.0,0.0,0.0,1.0,1.0,0.0
1927,2010.0,2.0,27.0,17.0,604.0,0.0,0.0,1.0,1.0,0.0
1928,2010.0,2.0,27.0,18.0,604.0,0.0,0.0,1.0,1.0,0.0
1929,2010.0,2.0,27.0,19.0,604.0,0.0,0.0,1.0,1.0,0.0
1930,2010.0,2.0,27.0,20.0,604.0,0.0,0.0,1.0,1.0,0.0
1931,2010.0,2.0,27.0,21.0,604.0,0.0,0.0,1.0,1.0,0.0
1932,2010.0,2.0,27.0,22.0,604.0,0.0,0.0,1.0,1.0,0.0
1933,2010.0,2.0,27.0,23.0,604.0,0.0,0.0,1.0,1.0,0.0
1934,2010.0,2.0,27.0,24.0,604.0,0.0,0.0,1.0,1.0,0.0
1935,2010.0,2.0,27.0,25.0,604.0,0.0,0.0,1.0,1.0,0.0
1936,2010.0,2.0,27.0,26.0,604.0,0.0,0.0,1.0,1.0,0.0
1937,2010.0,2.0,27.0,27.0,604.0,0.0,0.0,1.0,1.0,0.0
1938,2010.0,2.0,27.0,28.0,604.0,0.0,0.0,1.0,1.0,0.0
1939,2010.0,2.0,27.0,29.0,604.0,0.0,0.0,1.0,1.0,0.0
1940,2010.0,2.0,27.0,30.0,604.0,0.0,0.0,1.0,1.0,0.0
1941,2010.0,2.0,27.0,31.0,604.0,0.0,0.0,1.0,1.0,0.0
1942,2010.0,2.0,27.0,32.0,604.0,0.0,0.0,1.0,1.0,0.0
1943,2010.0,2.0,27.0,33.0,604.0,0.0,0.0,1.0,1.0,0.0
1944,2010.0,2.0,27.0,34.0,604.0,0.0,0.0,1.0,1.0,0.0
1945,2010.0,2.0,27.0,35.0,604.0,0.0,0.0,1.0,1.0,0.0
1946,2010.0,2.0,27.0,36.0,604.0,0.0,0.0,1.0,1.0,0.0
1947,2010.0,2.0,27.0,37.0,604.0,0.0,0.0,1.0,1.0,0.0
1948,2010.0,2.0,27.0,38.0,604.0,0.0,0.0,1.0,1.0,0.0
1949,2010.0,2.0,27.0,39.0,604.0,0.0,0.0,1.0,1.0,0.0
1950,2010.0,2.0,27.0,40.0,604.0,0.0,0.0,1.0,1.0,0.0
1951,2010.0,2.0,27.0,41.0,604.0,0.0,0.0,1.0,1.0,0.0
1952,2010.0,2.0,27.0,42.0,604.0,0.0,0.0,1.0,1.0,0.0
1953,2010.0,2.0,27.0,43.0,604.0,0.0,0.0,1.0,1.0,0.0
1954,2010.0,2.0,27.0,44.0,604.0,0.0,0.0,1.0,1.0,0.0
1955,2010.0,2.0,27.0,45.0,604.0,0.0,0.0,1.0,1.0,0.0
1956,2010.0,2.0,27.0,46.0,604.0,0.0,0.0,1.0,1.0,0.0
1957,2010.0,2.0,27.0,47.0,604.0,0.0,0.0,1.0,1.0,0.0
1958,2010.0,2.0,27.0,48.0,604.0,0.0,0.0,1.0,1.0,0.0
1959,2010.0,2.0,27.0,49.0,604.0,0.0,0.0,1.0,1.0,0.0
1960,2010.0,2.0,27.0,50.0,604.0,0.0,0.0,1.0,1.0,0.0
1961,2010.0,2.0,27.0,51.0,604.0,0.0,0.0,1.0,1.0,0.0
1962,2010.0,2.0,27.0,52.0,604.0,0.0,0.0,1.0,1.0,0.0
1963,2010.0,2.0,27.0,53.0,604.0,0.0,0.0,1.0,1.0,0.0
1964,2010.0,2.0,27.0,54.0,604.0,0.0,0.0,1.0,1.0,0.0
1965,2010.0,2.0,27.0,55.0,604.0,0.0,0.0,1.0,1.0,0.0
1966,2010.0,2.0,27.0,56.0,604.0,0.0,0.0,1.0,1.0,0.0
1967,2010.0,2.0,27.0,57.0,604.0,0.0,0.0,1.0,1.0,0.0
1968,2010.0,2.0,27.0,58.0,604.0,0.0,0.0,1.0,1.0,0.0
1969,2010.0,2.0,27.0,59.0,604.0,0.0,0.0,1.0,1.0,0.0
1970,2010.0,2.0,27.0,60.0,604.0,0.0,0.0,1.0,1.0,0.0
1971,2010.0,2.0,27.0,61.0,604.0,0.0,0.0,1.0,1.0,0.0
1972,2010.0,2.0,27.0,62.0,604.0,0.0,0.0,1.0,1.0,0.0
1973,2010.0,2.0,27.0,63.0,604.0,0.0,0.0,1.0,1.0,0.0
1974,2010.0,2.0,27.0,64.0,604.0,0.0,0.0,1.0,1.0,0.0
1975,2010.0,2.0,27.0,65.0,604.0,0.0,0.0,1.0,1.0,0.0
1976,2010.0,2.0,27.0,66.0,604.0,0.0,0.0,1.0,1.0,0.0
1977,2010.0,2.0,27.0,67.0,604.0,0.0,0.0,1.0,1.0,0.0
1978,2010.0,2.0,27.0,68.0,604.0,0.0,0.0,1.0,1.0,0.0
1979,2010.0,2.0,27.0,69.0,604.0,0.0,0.0,1.0,1.0,0.0
1980,2010.0,2.0,27.0,70.0,604.0,0.0,0.0,1.0,1.0,0.0
1981,2010.0,2.0,27.0,71.0,604.0,0.0,0.0,1.0,1.0,0.0
1982,2010.0,2.0,27.0,72.0,604.0,0.0,0.0,1.0,1.0,0.0
1983,2010.0,2.0,27.0,73.0,604.0,0.0,0.0,1.0,1.0,0.0
1984,2010.0,2.0,27.0,74.0,604.0,0.0,0.0,1.0,1.0,0.0
1985,2010.0,2.0,27.0,75.0,604.0,0.0,0.0,1.0,1.0,0.0
1986,2010.0,2.0,27.0,76.0,604.0,0.0,0.0,1.0,1.0,0.0
1987,2010.0,2.0,27.0,77.0,604.0,0.0,0.0,1.0,1.0,0.0
1988,2010.0,2.0,27.0,78.0,604.0,0.0,0.0,1.0,1.0,0.0
1989,2010.0,2.0,27.0,79.0,604.0,0.0,0.0,1.0,1.0,0.0
1990,2010.0,2.0,27.0,80.0,604.0,0.0,0.0,1.0,1.0,0.0
1991,2010.0,2.0,27.0,81.0,604.0,0.0,0.0,1.0,1.0,0.0
1992,2010.0,2.0,27.0,82.0,604.0,0.0,0.0,1.0,1.0,0.0
1993,2010.0,2.0,27.0,83.0,604.0,0.0,0.0,1.0,1.0,0.0
1994,2010.0,2.0,27.0,84.0,604.0,0.0,0.0,1.0,1.0,0.0
1995,2010.0,2.0,27.0,85.0,604.0,0.0,0.0,1.0,1.0,0.0
1996,2010.0,2.0,27.0,86.0,604.0,0.0,0.0,1.0,1.0,0.0
1997,2010.0,2.0,27.0,87.0,604.0,0.0,0.0,1.0,1.0,0.0
1998,2010.0,2.0,27.0,88.0,604.0,0.0,0.0,1.0,1.0,0.0
1999,2010.0,2.0,27.0,89.0,604.0,0.0,0.0,1.0,1.0,0.0
2000,2010.0,2.0,27.0,90.0,604.0,0.0,0.0,1.0,1.0,0.0
2001,2010.0,2.0,27.0,91.0,604.0,0.0,0.0,1.0,1.0,0.0
2002,2010.0,2.0,27.0,92.0,604.0,0.0,0.0,1.0,1.0,0.0
2003,2010.0,2.0,27.0,93.0,604.0,0.0,0.0,1.0,1.0,0.0
2004,2010.0,2.0,27.0,94.0,604.0,0.0,0.0,1.0,1.0,0.0
2005,2010.0,2.0,27.0,95.0,604.0,0.0,0.0,1.0,1.0,0.0
2006,2010.0,2.0,27.0,96.0,604.0,0.0,0.0,1.0,1.0,0.0
2007,2010.0,2.0,27.0,97.0,604.0,0.0,0.0,1.0,1.0,0.0
2008,2010.0,2.0,27.0,98.0,604.0,0.0,0.0,1.0,1.0,0.0
2009,2010.0,2.0,27.0,99.0,604.0,0.0,0.0,1.0,1.0,0.0
2010,2010.0,2.0,27.0,100.0,604.0,0.0,0.0,1.0,1.0,0.0
2011,2010.0,2.0,27.0,101.0,604.0,0.0,0.0,1.0,1.0,0.0
2012,2010.0,2.0,27.0,102.0,604.0,0.0,0.0,1.0,1.0,0.0
2013,2010.0,2.0,27.0,103.0,604.0,0.0,0.0,1.0,1.0,0.0
2014,2010.0,2.0,27.0,104.0,604.0,0.0,0.0,1.0,1.0,0.0
2015,2010.0,2.0,27.0,105.0,604.0,0.0,0.0,1.0,1.0,0.0
2016,2010.0,2.0,27.0,106.0,604.0,0.0,0.0,1.0,1.0,0.0
2017,2010.0,2.0,27.0,107.0,604.0,0.0,0.0,1.0,1.0,0.0
2018,2010.0,2.0,27.0,108.0,604.0,0.0,0.0,1.0,1.0,0.0
2019,2010.0,2.0,27.0,109.0,604.0,0.0,0.0,1.0,1.0,0.0
2020,2010.0,2.0,27.0,110.0,604.0,0.0,0.0,1.0,1.0,0.0
2021,2010.0,2.0,27.0,111.0,604.0,0.0,0.0,1.0,1.0,0.0
2022,2010.0,2.0,27.0,112.0,604.0,0.0,0.0,1.0,1.0,0.0
2023,2010.0,2.0,27.0,113.0,604.0,0.0,0.0,1.0,1.0,0.0
2024,2010.0,2.0,27.0,114.0,604.0,0.0,0.0,1.0,1.0,0.0
2025,2010.0,2.0,27.0,115.0,604.0,0.0,0.0,1.0,1.0,0.0
2026,2010.0,2.0,27.0,116.0,604.0,0.0,0.0,1.0,1.0,0.0
2027,2010.0,2.0,27.0,117.0,604.0,0.0,0.0,1.0,1.0,0.0
2028,2010.0,2.0,27.0,118.0,604.0,0.0,0.0,1.0,1.0,0.0
2029,2010.0,2.0,27.0,119.0,604.0,0.0,0.0,1.0,1.0,0.0
2030,2010.0,2.0,27.0,120.0,604.0,0.0,0.0,1.0,1.0,0.0
2031,2010.0,2.0,27.0,121.0,604.0,0.0,0.0,1.0,1.0,0.0
2032,2010.0,2.0,27.0,122.0,604.0,0.0,0.0,1.0,1.0,0.0
2033,2010.0,2.0,27.0,123.0,604.0,0.0,0.0,1.0,1.0,0.0
2034,2010.0,2.0,27.0,124.0,604.0,0.0,0.0,1.0,1.0,0.0
2035,2010.0,2.0,27.0,125.0,604.0,0.0,0.0,1.0,1.0,0.0
2036,2010.0,2.0,27.0,126.0,604.0,0.0,0.0,1.0,1.0,0.0
2037,2010.0,2.0,27.0,127.0,604.0,0.0,0.0,1.0,1.0,0.0
2038,2010.0,2.0,27.0,128.0,604.0,0.0,0.0,1.0,1.0,0.0
2039,2010.0,2.0,27.0,129.0,604.0,0.0,0.0,1.0,1.0,0.0
2040,2010.0,2.0,27.0,130.0,604.0,0.0,0.0,1.0,1.0,0.0
2041,2010.0,2.0,27.0,131.0,604.0,0.0,0.0,1.0,1.0,0.0
2042,2010.0,2.0,27.0,132.0,604.0,0.0,0.0,1.0,1.0,0.0
2043,2010.0,2.0,27.0,133.0,604.0,0.0,0.0,1.0,1.0,0.0
2044,2010.0,2.0,27.0,134.0,604.0,0.0,0.0,1.0,1.0,0.0
2045,2010.0,2.0,27.0,135.0,604.0,0.0,0.0,1.0,1.0,0.0
2046,2010.0,2.0,27.0,136.0,604.0,0.0,0.0,1.0,1.0,0.0
2047,2010.0,2.0,27.0,137.0,604.0,0.0,0.0,1.0,1.0,0.0
2048,2010.0,2.0,27.0,138.0,604.0,0.0,0.0,1.0,1.0,0.0
2049,2010.0,2.0,27.0,139.0,604.0,0.0,0.0,1.0,1.0,0.0
2050,2010.0,2.0,27.0,140.0,604.0,0.0,0.0,1.0,1.0,0.0
2051,2010.0,2.0,27.0,141.0,604.0,0.0,0.0,1.0,1.0,0.0
2052,2010.0,2.0,27.0,142.0,604.0,0.0,0.0,1.0,1.0,0.0
2053,2010.0,2.0,27.0,143.0,604.0,0.0,0.0,1.0,1.0,0.0
2054,2010.0,2.0,27.0,144.0,604.0,0.0,0.0,1.0,1.0,0.0
2055,2010.0,2.0,27.0,145.0,604.0,0.0,0.0,1.0,1.0,0.0
2056,2010.0,2.0,27.0,146.0,604.0,0.0,0.0,1.0,1.0,0.0
2057,2010.0,2.0,27.0,147.0,604.0,0.0,0.0,1.0,1.0,0.0
2058,2010.0,2.0,27.0,148.0,604.0,0.0,0.0,1.0,1.0,0.0
2059,2010.0,2.0,27.0,149.0,604.0,0.0,0.0,1.0,1.0,0.0
2060,2010.0,2.0,27.0,150.0,604.0,0.0,0.0,1.0,1.0,0.0
2061,2010.0,2.0,27.0,151.0,604.0,0.0,0.0,1.0,1.0,0.0
2062,2010.0,2.0,27.0,152.0,604.0,0.0,0.0,1.0,1.0,0.0
2063,2010.0,2.0,27.0,153.0,604.0,0.0,0.0,1.0,1.0,0.0
2064,2010.0,2.0,27.0,154.0,604.0,0.0,0.0,1.0,1.0,0.0
2065,2010.0,2.0,27.0,155.0,604.0,0.0,0.0,1.0,1.0,0.0
2066,2010.0,2.0,27.0,156.0,604.0,0.0,0.0,1.0,1.0,0.0
2067,2010.0,2.0,27.0,157.0,604.0,0.0,0.0,1.0,1.0,0.0
2068,2010.0,2.0,27.0,158.0,604.0,0.0,0.0,1.0,1.0,0.0
2069,2010.0,2.0,27.0,159.0,604.0,0.0,0.0,1.0,1.0,0.0
2070,2010.0,2.0,27.0,160.0,604.0,0.0,0.0,1.0,1.0,0.0
2071,2010.0,2.0,27.0,161.0,604.0,0.0,0.0,1.0,1.0,0.0
2072,2010.0,2.0,27.0,162.0,604.0,0.0,0.0,1.0,1.0,0.0
2073,2010.0,2.0,27.0,163.0,604.0,0.0,0.0,1.0,1.0,0.0
2074,2010.0,2.0,27.0,164.0,604.0,0.0,0.0,1.0,1.0,0.0
2075,2010.0,2.0,27.0,165.0,604.0,0.0,0.0,1.0,1.0,0.0
2076,2010.0,2.0,27.0,166.0,604.0,0.0,0.0,1.0,1.0,0.0
2077,2010.0,2.0,27.0,167.0,604.0,0.0,0.0,1.0,1.0,0.0
2078,2010.0,2.0,27.0,168.0,604.0,0.0,0.0,1.0,1.0,0.0
2079,2010.0,2.0,27.0,169.0,604.0,0.0,0.0,1.0,1.0,0.0
2080,2010.0,2.0,27.0,170.0,604.0,0.0,0.0,1.0,1.0,0.0
2081,2010.0,2.0,27.0,171.0,604.0,0.0,0.0,1.0,1.0,0.0
2082,2010.0,2.0,27.0,172.0,604.0,0.0,0.0,1.0,1.0,0.0
2083,2010.0,2.0,27.0,173.0,604.0,0.0,0.0,1.0,1.0,0.0
2084,2010.0,2.0,27.0,174.0,604.0,0.0,0.0,1.0,1.0,0.0
2085,2010.0,2.0,27.0,175.0,604.0,0.0,0.0,1.0,1.0,0.0
2086,2010.0,2.0,27.0,176.0,604.0,0.0,0.0,1.0,1.0,0.0
2087,2010.0,2.0,27.0,177.0,604.0,0.0,0.0,1.0,1.0,0.0
2088,2010.0,2.0,27.0,178.0,604.0,0.0,0.0,1.0,1.0,0.0
2089,2010.0,2.0,27.0,179.0,604.0,0.0,0.0,1.0,1.0,0.0
2090,2010.0,2.0,27.0,180.0,604.0,0.0,0.0,1.0,1.0,0.0
2091,2010.0,2.0,27.0,181.0,604.0,0.0,0.0,1.0,1.0,0.0
2092,2010.0,2.0,27.0,182.0,604.0,0.0,0.0,1.0,1.0,0.0
2093,2010.0,2.0,27.0,183.0,604.0,0.0,0.0,1.0,1.0,0.0
2094,2010.0,2.0,27.0,184.0,604.0,0.0,0.0,1.0,1.0,0.0
2095,2010.0,2.0,27.0,185.0,604.0,0.0,0.0,1.0,1.0,0.0
2096,2010.0,2.0,27.0,186.0,604.0,0.0,0.0,1.0,1.0,0.0
2097,2010.0,2.0,27.0,187.0,604.0,0.0,0.0,1.0,1.0,0.0
2098,2010.0,2.0,27.0,188.0,604.0,0.0,0.0,1.0,1.0,0.0
2099,2010.0,2.0,27.0,189.0,604.0,0.0,0.0,1.0,1.0,0.0
2100,2010.0,2.0,27.0,190.0,604.0,0.0,0.0,1.0,1.0,0.0
2101,2010.0,2.0,27.0,191.0,604.0,0.0,0.0,1.0,1.0,0.0
2102,2010.0,2.0,27.0,192.0,604.0,0.0,0.0,1.0,1.0,0.0
2103,2010.0,2.0,27.0,193.0,604.0,0.0,0.0,1.0,1.0,0.0
2104,2010.0,2.0,27.0,194.0,604.0,0.0,0.0,1.0,1.0,0.0
2105,2010.0,2.0,27.0,195.0,604.0,0.0,0.0,1.0,1.0,0.0
2106,2010.0,2.0,27.0,196.0,604.0,0.0,0.0,1.0,1.0,0.0
2107,2010.0,2.0,27.0,197.0,604.0,0.0,0.0,1.0,1.0,0.0
2108,2010.0,2.0,27.0,198.0,604.0,0.0,0.0,1.0,1.0,0.0
2109,2010.0,2.0,27.0,199.0,604.0,0.0,0.0,1.0,1.0,0.0
2110,2010.0,2.0,27.0,200.0,604.0,0.0,0.0,1.0,1.0,0.0
2111,2010.0,2.0,27.0,201.0,604.0,0.0,0.0,1.0,1.0,0.0
2112,2010.0,2.0,27.0,202.0,604.0,0.0,0.0,1.0,1.0,0.0
2113,2010.0,2.0,27.0,203.0,604.0,0.0,0.0,1.0,1.0,0.0
2114,2010.0,2.0,27.0,204.0,604.0,0.0,0.0,1.0,1.0,0.0
2115,2010.0,2.0,27.0,205.0,604.0,0.0,0.0,1.0,1.0,0.0
2116,2010.0,2.0,27.0,206.0,604.0,0.0,0.0,1.0,1.0,0.0
2117,2010.0,2.0,27.0,207.0,604.0,0.0,0.0,1.0,1.0,0.0
2118,2010.0,2.0,27.0,208.0,604.0,0.0,0.0,1.0,1.0,0.0
2119,2010.0,2.0,27.0,209.0,604.0,0.0,0.0,1.0,1.0,0.0
2120,2010.0,2.0,27.0,210.0,604.0,0.0,0.0,1.0,1.0,0.0
2121,2010.0,2.0,27.0,211.0,604.0,0.0,0.0,1.0,1.0,0.0
2122,2010.0,2.0,27.0,212.0,604.0,0.0,0.0,1.0,1.0,0.0
2123,2010.0,2.0,27.0,213.0,604.0,0.0,0.0,1.0,1.0,0.0
2124,2010.0,2.0,27.0,214.0,604.0,0.0,0.0,1.0,1.0,0.0
2125,2010.0,2.0,27.0,215.0,604.0,0.0,0.0,1.0,1.0,0.0
2126,2010.0,2.0,27.0,216.0,604.0,0.0,0.0,1.0,1.0,0.0
2127,2010.0,2.0,27.0,217.0,604.0,0.0,0.0,1.0,1.0,0.0
2128,2010.0,2.0,27.0,218.0,604.0,0.0,0.0,1.0,1.0,0.0
2129,2010.0,2.0,27.0,219.0,604.0,0.0,0.0,1.0,1.0,0.0
2130,2010.0,2.0,27.0,220.0,604.0,0.0,0.0,1.0,1.0,0.0
2131,2010.0,2.0,27.0,221.0,604.0,0.0,0.0,1.0,1.0,0.0
2132,2010.0,2.0,27.0,222.0,604.0,0.0,0.0,1.0,1.0,0.0
2133,2010.0,2.0,27.0,223.0,604.0,0.0,0.0,1.0,1.0,0.0
2134,2010.0,2.0,27.0,224.0,604.0,0.0,0.0,1.0,1.0,0.0
2135,2010.0,2.0,27.0,225.0,604.0,0.0,0.0,1.0,1.0,0.0
2136,2010.0,2.0,27.0,226.0,604.0,0.0,0.0,1.0,1.0,0.0
2137,2010.0,2.0,27.0,227.0,604.0,0.0,0.0,1.0,1.0,0.0
2138,2010.0,2.0,27.0,228.0,604.0,0.0,0.0,1.0,1.0,0.0
2139,2010.0,2.0,27.0,229.0,604.0,0.0,0.0,1.0,1.0,0.0
2140,2010.0,2.0,27.0,230.0,604.0,0.0,0.0,1.0,1.0,0.0
2141,2010.0,2.0,27.0,231.0,604.0,0.0,0.0,1.0,1.0,0.0
2142,2010.0,2.0,27.0,232.0,604.0,0.0,0.0,1.0,1.0,0.0
2143,2010.0,2.0,27.0,233.0,604.0,0.0,0.0,1.0,1.0,0.0
2144,2010.0,2.0,27.0,234.0,604.0,0.0,0.0,1.0,1.0,0.0
2145,2010.0,2.0,27.0,235.0,604.0,0.0,0.0,1.0,1.0,0.0
2146,2010.0,2.0,27.0,236.0,604.0,0.0,0.0,1.0,1.0,0.0
2147,2010.0,2.0,27.0,237.0,604.0,0.0,0.0,1.0,1.0,0.0
2148,2010.0,2.0,27.0,238.0,604.0,0.0,0.0,1.0,1.0,0.0
2149,2010.0,2.0,27.0,239.0,604.0,0.0,0.0,1.0,1.0,0.0
2150,2010.0,2.0,27.0,240.0,604.0,0.0,0.0,1.0,1.0,0.0
2151,2010.0,2.0,27.0,241.0,604.0,0.0,0.0,1.0,1.0,0.0
2152,2010.0,2.0,27.0,242.0,604.0,0.0,0.0,1.0,1.0,0.0
2153,2010.0,2.0,27.0,243.0,604.0,0.0,0.0,1.0,1.0,0.0
2154,2010.0,2.0,27.0,244.0,604.0,0.0,0.0,1.0,1.0,0.0
2155,2010.0,2.0,27.0,245.0,604.0,0.0,0.0,1.0,1.0,0.0
2156,2010.0,2.0,27.0,246.0,604.0,0.0,0.0,1.0,1.0,0.0
2157,2010.0,2.0,27.0,247.0,604.0,0.0,0.0,1.0,1.0,0.0
2158,2010.0,2.0,27.0,248.0,604.0,0.0,0.0,1.0,1.0,0.0
2159,2010.0,2.0,27.0,249.0,604.0,0.0,0.0,1.0,1.0,0.0
2160,2010.0,2.0,27.0,250.0,604.0,0.0,0.0,1.0,1.0,0.0
2161,2010.0,2.0,27.0,251.0,604.0,0.0,0.0,1.0,1.0,0.0
2162,2010.0,2.0,27.0,252.0,604.0,0.0,0.0,1.0,1.0,0.0
2163,2010.0,2.0,27.0,253.0,604.0,0.0,0.0,1.0,1.0,0.0
2164,2010.0,2.0,27.0,254.0,604.0,0.0,0.0,1.0,1.0,0.0
2165,2010.0,2.0,27.0,255.0,604.0,0.0,0.0,1.0,1.0,0.0
2166,2010.0,2.0,27.0,256.0,604.0,0.0,0.0,1.0,1.0,0.0
2167,2010.0,2.0,27.0,257.0,604.0,0.0,0.0,1.0,1.0,0.0
2168,2010.0,2.0,27.0,258.0,604.0,0.0,0.0,1.0,1.0,0.0
2169,2010.0,2.0,27.0,259.0,604.0,0.0,0.0,1.0,1.0,0.0
2170,2010.0,2.0,27.0,260.0,604.0,0.0,0.0,1.0,1.0,0.0
2171,2010.0,2.0,27.0,261.0,604.0,0.0,0.0,1.0,1.0,0.0
2172,2010.0,2.0,27.0,262.0,604.0,0.0,0.0,1.0,1.0,0.0
2173,2010.0,2.0,27.0,263.0,604.0,0.0,0.0,1.0,1.0,0.0
2174,2010.0,2.0,27.0,264.0,604.0,0.0,0.0,1.0,1.0,0.0
2175,2010.0,2.0,27.0,265.0,604.0,0.0,0.0,1.0,1.0,0.0
2176,2010.0,2.0,27.0,266.0,604.0,0.0,0.0,1.0,1.0,0.0
2177,2010.0,2.0,27.0,267.0,604.0,0.0,0.0,1.0,1.0,0.0
2178,2010.0,2.0,27.0,268.0,604.0,0.0,0.0,1.0,1.0,0.0
2179,2010.0,2.0,27.0,269.0,604.0,0.0,0.0,1.0,1.0,0.0
2180,2010.0,2.0,27.0,270.0,604.0,0.0,0.0,1.0,1.0,0.0
2181,2010.0,2.0,27.0,271.0,604.0,0.0,0.0,1.0,1.0,0.0
2182,2010.0,2.0,27.0,272.0,604.0,0.0,0.0,1.0,1.0,0.0
2183,2010.0,2.0,27.0,273.0,604.0,0.0,0.0,1.0,1.0,0.0
2184,2010.0,2.0,27.0,274.0,604.0,0.0,0.0,1.0,1.0,0.0
2185,2010.0,2.0,27.0,275.0,604.0,0.0,0.0,1.0,1.0,0.0
2186,2010.0,2.0,27.0,276.0,604.0,0.0,0.0,1.0,1.0,0.0
2187,2010.0,2.0,27.0,277.0,604.0,0.0,0.0,1.0,1.0,0.0
2188,2010.0,2.0,27.0,278.0,604.0,0.0,0.0,1.0,1.0,0.0
2189,2010.0,2.0,27.0,279.0,604.0,0.0,0.0,1.0,1.0,0.0
2190,2010.0,2.0,27.0,280.0,604.0,0.0,0.0,1.0,1.0,0.0
2191,2010.0,2.0,27.0,281.0,604.0,0.0,0.0,1.0,1.0,0.0
2192,2010.0,2.0,27.0,282.0,604.0,0.0,0.0,1.0,1.0,0.0
2193,2010.0,2.0,27.0,283.0,604.0,0.0,0.0,1.0,1.0,0.0
2194,2010.0,2.0,27.0,284.0,604.0,0.0,0.0,1.0,1.0,0.0
2195,2010.0,2.0,27.0,285.0,604.0,0.0,0.0,1.0,1.0,0.0
2196,2010.0,2.0,27.0,286.0,604.0,0.0,0.0,1.0,1.0,0.0
2197,2010.0,2.0,27.0,287.0,604.0,0.0,0.0,1.0,1.0,0.0
2198,2010.0,2.0,27.0,288.0,604.0,0.0,0.0,1.0,1.0,0.0
2199,2010.0,2.0,27.0,289.0,604.0,0.0,0.0,1.0,1.0,0.0
2200,2010.0,2.0,27.0,290.0,604.0,0.0,0.0,1.0,1.0,0.0
2201,2010.0,2.0,27.0,291.0,604.0,0.0,0.0,1.0,1.0,0.0
2202,2010.0,2.0,27.0,292.0,604.0,0.0,0.0,1.0,1.0,0.0
2203,2010.0,2.0,27.0,293.0,604.0,0.0,0.0,1.0,1.0,0.0
2204,2010.0,2.0,27.0,294.0,604.0,0.0,0.0,1.0,1.0,0.0
2205,2010.0,2.0,27.0,295.0,604.0,0.0,0.0,1.0,1.0,0.0
2206,2010.0,2.0,27.0,296.0,604.0,0.0,0.0,1.0,1.0,0.0
2207,2010.0,2.0,27.0,297.0,604.0,0.0,0.0,1.0,1.0,0.0
2208,2010.0,2.0,27.0,298.0,604.0,0.0,0.0,1.0,1.0,0.0
2209,2010.0,2.0,27.0,299.0,604.0,0.0,0.0,1.0,1.0,0.0
2210,2010.0,2.0,27.0,300.0,604.0,0.0,0.0,1.0,1.0,0.0
2211,2010.0,2.0,27.0,301.0,604.0,0.0,0.0,1.0,1.0,0.0
2212,2010.0,2.0,27.0,302.0,604.0,0.0,0.0,1.0,1.0,0.0
2213,2010.0,2.0,27.0,303.0,604.0,0.0,0.0,1.0,1.0,0.0
2214,2010.0,2.0,27.0,304.0,604.0,0.0,0.0,1.0,1.0,0.0
2215,2010.0,2.0,27.0,305.0,604.0,0.0,0.0,1.0,1.0,0.0
2216,2010.0,2.0,27.0,306.0,604.0,0.0,0.0,1.0,1.0,0.0
2217,2010.0,2.0,27.0,307.0,604.0,0.0,0.0,1.0,1.0,0.0
2218,2010.0,2.0,27.0,308.0,604.0,0.0,0.0,1.0,1.0,0.0
2219,2010.0,2.0,27.0,309.0,604.0,0.0,0.0,1.0,1.0,0.0
2220,2010.0,2.0,27.0,310.0,604.0,0.0,0.0,1.0,1.0,0.0
2221,2010.0,2.0,27.0,311.0,604.0,0.0,0.0,1.0,1.0,0.0
2222,2010.0,2.0,27.0,312.0,604.0,0.0,0.0,1.0,1.0,0.0
2223,2010.0,2.0,27.0,313.0,604.0,0.0,0.0,1.0,1.0,0.0
2224,2010.0,2.0,27.0,314.0,604.0,0.0,0.0,1.0,1.0,0.0
2225,2010.0,2.0,27.0,315.0,604.0,0.0,0.0,1.0,1.0,0.0
2226,2010.0,2.0,27.0,316.0,604.0,0.0,0.0,1.0,1.0,0.0
2227,2010.0,2.0,27.0,317.0,604.0,0.0,0.0,1.0,1.0,0.0
2228,2010.0,2.0,27.0,318.0,604.0,0.0,0.0,1.0,1.0,0.0
2229,2010.0,2.0,27.0,319.0,604.0,0.0,0.0,1.0,1.0,0.0
2230,2010.0,2.0,27.0,320.0,604.0,0.0,0.0,1.0,1.0,0.0
2231,2010.0,2.0,27.0,321.0,604.0,0.0,0.0,1.0,1.0,0.0
2232,2010.0,2.0,27.0,322.0,604.0,0.0,0.0,1.0,1.0,0.0
2233,2010.0,2.0,27.0,323.0,604.0,0.0,0.0,1.0,1.0,0.0
2234,2010.0,2.0,27.0,324.0,604.0,0.0,0.0,1.0,1.0,0.0
2235,2010.0,2.0,27.0,325.0,604.0,0.0,0.0,1.0,1.0,0.0
2236,2010.0,2.0,27.0,326.0,604.0,0.0,0.0,1.0,1.0,0.0
2237,2010.0,2.0,27.0,327.0,604.0,0.0,0.0,1.0,1.0,0.0
2238,2010.0,2.0,27.0,328.0,604.0,0.0,0.0,1.0,1.0,0.0
2239,2010.0,2.0,27.0,329.0,604.0,0.0,0.0,1.0,1.0,0.0
2240,2010.0,2.0,27.0,330.0,604.0,0.0,0.0,1.0,1.0,0.0
2241,2010.0,2.0,27.0,331.0,604.0,0.0,0.0,1.0,1.0,0.0
2242,2010.0,2.0,27.0,332.0,604.0,0.0,0.0,1.0,1.0,0.0
2243,2010.0,2.0,27.0,333.0,604.0,0.0,0.0,1.0,1.0,0.0
2244,2010.0,2.0,27.0,334.0,604.0,0.0,0.0,1.0,1.0,0.0
2245,2010.0,2.0,27.0,335.0,604.0,0.0,0.0,1.0,1.0,0.0
2246,2010.0,2.0,27.0,336.0,604.0,0.0,0.0,1.0,1.0,0.0
2247,2010.0,2.0,27.0,337.0,604.0,0.0,0.0,1.0,1.0,0.0
2248,2010.0,2.0,27.0,338.0,604.0,0.0,0.0,1.0,1.0,0.0
2249,2010.0,2.0,27.0,339.0,604.0,0.0,0.0,1.0,1.0,0.0
2250,2010.0,2.0,27.0,340.0,604.0,0.0,0.0,1.0,1.0,0.0
2251,2010.0,2.0,27.0,341.0,604.0,0.0,0.0,1.0,1.0,0.0
2252,2010.0,2.0,27.0,342.0,604.0,0.0,0.0,1.0,1.0,0.0
2253,2010.0,2.0,27.0,343.0,604.0,0.0,0.0,1.0,1.0,0.0
2254,2010.0,2.0,27.0,344.0,604.0,0.0,0.0,1.0,1.0,0.0
2255,2010.0,2.0,27.0,345.0,604.0,0.0,0.0,1.0,1.0,0.0
2256,2010.0,2.0,27.0,346.0,604.0,0.0,0.0,1.0,1.0,0.0
2257,2010.0,2.0,27.0,347.0,604.0,0.0,0.0,1.0,1.0,0.0
2258,2010.0,2.0,27.0,348.0,604.0,0.0,0.0,1.0,1.0,0.0
2259,2010.0,2.0,27.0,349.0,604.0,0.0,0.0,1.0,1.0,0.0
2260,2010.0,2.0,27.0,350.0,604.0,0.0,0.0,1.0,1.0,0.0
2261,2010.0,2.0,27.0,351.0,604.0,0.0,0.0,1.0,1.0,0.0
2262,2010.0,2.0,27.0,352.0,604.0,0.0,0.0,1.0,1.0,0.0
2263,2010.0,2.0,27.0,353.0,604.0,0.0,0.0,1.0,1.0,0.0
2264,2010.0,2.0,27.0,354.0,604.0,0.0,0.0,1.0,1.0,0.0
2265,2010.0,2.0,27.0,355.0,604.0,0.0,0.0,1.0,1.0,0.0
2266,2010.0,2.0,27.0,356.0,604.0,0.0,0.0,1.0,1.0,0.0
2267,2010.0,2.0,27.0,357.0,604.0,0.0,0.0,1.0,1.0,0.0
2268,2010.0,2.0,27.0,358.0,604.0,0.0,0.0,1.0,1.0,0.0
2269,2010.0,2.0,27.0,359.0,604.0,0.0,0.0,1.0,1.0,0.0
2270,2010.0,2.0,27.0,360.0,604.0,0.0,0.0,1.0,1.0,0.0
2271,2010.0,2.0,27.0,361.0,604.0,0.0,0.0,1.0,1.0,0.0
2272,2010.0,2.0,27.0,362.0,604.0,0.0,0.0,1.0,1.0,0.0
2273,2010.0,2.0,27.0,363.0,604.0,0.0,0.0,1.0,1.0,0.0
2274,2010.0,2.0,27.0,364.0,604.0,0.0,0.0,1.0,1.0,0.0
2275,2010.0,2.0,27.0,365.0,604.0,0.0,0.0,1.0,1.0,0.0
2276,2010.0,2.0,27.0,366.0,604.0,0.0,0.0,1.0,1.0,0.0
2277,2010.0,2.0,27.0,367.0,604.0,0.0,0.0,1.0,1.0,0.0
2278,2010.0,2.0,27.0,368.0,604.0,0.0,0.0,1.0,1.0,0.0
2279,2010.0,2.0,27.0,369.0,604.0,0.0,0.0,1.0,1.0,0.0
2280,2010.0,2.0,27.0,370.0,604.0,0.0,0.0,1.0,1.0,0.0
2281,2010.0,2.0,27.0,371.0,604.0,0.0,0.0,1.0,1.0,0.0
2282,2010.0,2.0,27.0,372.0,604.0,0.0,0.0,1.0,1.0,0.0
2283,2010.0,2.0,27.0,373.0,604.0,0.0,0.0,1.0,1.0,0.0
2284,2010.0,2.0,27.0,374.0,604.0,0.0,0.0,1.0,1.0,0.0
2285,2010.0,2.0,27.0,375.0,604.0,0.0,0.0,1.0,1.0,0.0
2286,2010.0,2.0,27.0,376.0,604.0,0.0,0.0,1.0,1.0,0.0
2287,2010.0,2.0,27.0,377.0,604.0,0.0,0.0,1.0,1.0,0.0
2288,2010.0,2.0,27.0,378.0,604.0,0.0,0.0,1.0,1.0,0.0
2289,2010.0,2.0,27.0,379.0,604.0,0.0,0.0,1.0,1.0,0.0
2290,2010.0,2.0,27.0,380.0,604.0,0.0,0.0,1.0,1.0,0.0
2291,2010.0,2.0,27.0,381.0,604.0,0.0,0.0,1.0,1.0,0.0
2292,2010.0,2.0,27.0,382.0,604.0,0.0,0.0,1.0,1.0,0.0
2293,2010.0,2.0,27.0,383.0,604.0,0.0,0.0,1.0,1.0,0.0
2294,2010.0,2.0,27.0,384.0,604.0,0.0,0.0,1.0,1.0,0.0
2295,2010.0,2.0,27.0,385.0,604.0,0.0,0.0,1.0,1.0,0.0
2296,2010.0,2.0,27.0,386.0,604.0,0.0,0.0,1.0,1.0,0.0
2297,2010.0,2.0,27.0,387.0,604.0,0.0,0.0,1.0,1.0,0.0
2298,2010.0,2.0,27.0,388.0,604.0,0.0,0.0,1.0,1.0,0.0
2299,2010.0,2.0,27.0,389.0,604.0,0.0,0.0,1.0,1.0,0.0
2300,2010.0,2.0,27.0,390.0,604.0,0.0,0.0,1.0,1.0,0.0
2301,2010.0,2.0,27.0,391.0,604.0,0.0,0.0,1.0,1.0,0.0
2302,2010.0,2.0,27.0,392.0,604.0,0.0,0.0,1.0,1.0,0.0
2303,2010.0,2.0,27.0,393.0,604.0,0.0,0.0,1.0,1.0,0.0
2304,2010.0,2.0,27.0,394.0,604.0,0.0,0.0,1.0,1.0,0.0
2305,2010.0,2.0,27.0,395.0,604.0,0.0,0.0,1.0,1.0,0.0
2306,2010.0,2.0,27.0,396.0,604.0,0.0,0.0,1.0,1.0,0.0
2307,2010.0,2.0,27.0,397.0,604.0,0.0,0.0,1.0,1.0,0.0
2308,2010.0,2.0,27.0,398.0,604.0,0.0,0.0,1.0,1.0,0.0
2309,2010.0,2.0,27.0,399.0,604.0,0.0,0.0,1.0,1.0,0.0
2310,2010.0,2.0,27.0,400.0,604.0,0.0,0.0,1.0,1.0,0.0
2311,2010.0,2.0,27.0,401.0,604.0,0.0,0.0,1.0,1.0,0.0
2312,2010.0,2.0,27.0,402.0,604.0,0.0,0.0,1.0,1.0,0.0
2313,2010.0,2.0,27.0,403.0,604.0,0.0,0.0,1.0,1.0,0.0
2314,2010.0,2.0,27.0,404.0,604.0,0.0,0.0,1.0,1.0,0.0
2315,2010.0,2.0,27.0,405.0,604.0,0.0,0.0,1.0,1.0,0.0
2316,2010.0,2.0,27.0,406.0,604.0,0.0,0.0,1.0,1.0,0.0
2317,2010.0,2.0,27.0,407.0,604.0,0.0,0.0,1.0,1.0,0.0
2318,2010.0,2.0,27.0,408.0,604.0,0.0,0.0,1.0,1.0,0.0
2319,2010.0,2.0,27.0,409.0,604.0,0.0,0.0,1.0,1.0,0.0
2320,2010.0,2.0,27.0,410.0,604.0,0.0,0.0,1.0,1.0,0.0
2321,2010.0,2.0,27.0,411.0,604.0,0.0,0.0,1.0,1.0,0.0
2322,2010.0,2.0,27.0,412.0,604.0,0.0,0.0,1.0,1.0,0.0
2323,2010.0,2.0,27.0,413.0,604.0,0.0,0.0,1.0,1.0,0.0
2324,2010.0,2.0,27.0,414.0,604.0,0.0,0.0,1.0,1.0,0.0
2325,2010.0,2.0,27.0,415.0,604.0,0.0,0.0,1.0,1.0,0.0
2326,2010.0,2.0,27.0,416.0,604.0,0.0,0.0,1.0,1.0,0.0
2327,2010.0,2.0,27.0,417.0,604.0,0.0,0.0,1.0,1.0,0.0
2328,2010.0,2.0,27.0,418.0,604.0,0.0,0.0,1.0,1.0,0.0
2329,2010.0,2.0,27.0,419.0,604.0,0.0,0.0,1.0,1.0,0.0
2330,2010.0,2.0,27.0,420.0,604.0,0.0,0.0,1.0,1.0,0.0
2331,2010.0,2.0,27.0,421.0,604.0,0.0,0.0,1.0,1.0,0.0
2332,2010.0,2.0,27.0,422.0,604.0,0.0,0.0,1.0,1.0,0.0
2333,2010.0,2.0,27.0,423.0,604.0,0.0,0.0,1.0,1.0,0.0
2334,2010.0,2.0,27.0,424.0,604.0,0.0,0.0,1.0,1.0,0.0
2335,2010.0,2.0,27.0,425.0,604.0,0.0,0.0,1.0,1.0,0.0
2336,2010.0,2.0,27.0,426.0,604.0,0.0,0.0,1.0,1.0,0.0
2337,2010.0,2.0,27.0,427.0,604.0,0.0,0.0,1.0,1.0,0.0
2338,2010.0,2.0,27.0,428.0,604.0,0.0,0.0,1.0,1.0,0.0
2339,2010.0,2.0,27.0,429.0,604.0,0.0,0.0,1.0,1.0,0.0
2340,2010.0,2.0,27.0,430.0,604.0,0.0,0.0,1.0,1.0,0.0
2341,2010.0,2.0,27.0,431.0,604.0,0.0,0.0,1.0,1.0,0.0
2342,2010.0,2.0,27.0,432.0,604.0,0.0,0.0,1.0,1.0,0.0
2343,2010.0,2.0,27.0,433.0,604.0,0.0,0.0,1.0,1.0,0.0
2344,2010.0,2.0,27.0,434.0,604.0,0.0,0.0,1.0,1.0,0.0
2345,2010.0,2.0,27.0,435.0,604.0,0.0,0.0,1.0,1.0,0.0
2346,2010.0,2.0,27.0,436.0,604.0,0.0,0.0,1.0,1.0,0.0
2347,2010.0,2.0,27.0,437.0,604.0,0.0,0.0,1.0,1.0,0.0
2348,2010.0,2.0,27.0,438.0,604.0,0.0,0.0,1.0,1.0,0.0
2349,2010.0,2.0,27.0,439.0,604.0,0.0,0.0,1.0,1.0,0.0
2350,2010.0,2.0,27.0,440.0,604.0,0.0,0.0,1.0,1.0,0.0
2351,2010.0,2.0,27.0,441.0,604.0,0.0,0.0,1.0,1.0,0.0
2352,2010.0,2.0,27.0,442.0,604.0,0.0,0.0,1.0,1.0,0.0
2353,2010.0,2.0,27.0,443.0,604.0,0.0,0.0,1.0,1.0,0.0
2354,2010.0,2.0,27.0,444.0,604.0,0.0,0.0,1.0,1.0,0.0
2355,2010.0,2.0,27.0,445.0,604.0,0.0,0.0,1.0,1.0,0.0
2356,2010.0,2.0,27.0,446.0,604.0,0.0,0.0,1.0,1.0,0.0
2357,2010.0,2.0,27.0,447.0,604.0,0.0,0.0,1.0,1.0,0.0
2358,2010.0,2.0,27.0,448.0,604.0,0.0,0.0,1.0,1.0,0.0
2359,2010.0,2.0,27.0,449.0,604.0,0.0,0.0,1.0,1.0,0.0
2360,2010.0,2.0,27.0,450.0,604.0,0.0,0.0,1.0,1.0,0.0
2361,2010.0,2.0,27.0,451.0,604.0,0.0,0.0,1.0,1.0,0.0
2362,2010.0,2.0,27.0,452.0,604.0,0.0,0.0,1.0,1.0,0.0
2363,2010.0,2.0,27.0,453.0,604.0,0.0,0.0,1.0,1.0,0.0
2364,2010.0,2.0,27.0,454.0,604.0,0.0,0.0,1.0,1.0,0.0
2365,2010.0,2.0,27.0,455.0,604.0,0.0,0.0,1.0,1.0,0.0
2366,2010.0,2.0,27.0,456.0,604.0,0.0,0.0,1.0,1.0,0.0
2367,2010.0,2.0,27.0,457.0,604.0,0.0,0.0,1.0,1.0,0.0
2368,2010.0,2.0,27.0,458.0,604.0,0.0,0.0,1.0,1.0,0.0
2369,2010.0,2.0,27.0,459.0,604.0,0.0,0.0,1.0,1.0,0.0
2370,2010.0,2.0,27.0,460.0,604.0,0.0,0.0,1.0,1.0,0.0
2371,2010.0,2.0,27.0,461.0,604.0,0.0,0.0,1.0,1.0,0.0
2372,2010.0,2.0,27.0,462.0,604.0,0.0,0.0,1.0,1.0,0.0
2373,2010.0,2.0,27.0,463.0,604.0,0.0,0.0,1.0,1.0,0.0
2374,2010.0,2.0,27.0,464.0,604.0,0.0,0.0,1.0,1.0,0.0
2375,2010.0,2.0,27.0,465.0,604.0,0.0,0.0,1.0,1.0,0.0
2376,2010.0,2.0,27.0,466.0,604.0,0.0,0.0,1.0,1.0,0.0
2377,2010.0,2.0,27.0,467.0,604.0,0.0,0.0,1.0,1.0,0.0
2378,2010.0,2.0,27.0,468.0,604.0,0.0,0.0,1.0,1.0,0.0
2379,2010.0,2.0,27.0,469.0,604.0,0.0,0.0,1.0,1.0,0.0
2380,2010.0,2.0,27.0,470.0,604.0,0.0,0.0,1.0,1.0,0.0
2381,2010.0,2.0,27.0,471.0,604.0,0.0,0.0,1.0,1.0,0.0
2382,2010.0,2.0,27.0,472.0,604.0,0.0,0.0,1.0,1.0,0.0
2383,2010.0,2.0,27.0,473.0,604.0,0.0,0.0,1.0,1.0,0.0
2384,2010.0,2.0,27.0,474.0,604.0,0.0,0.0,1.0,1.0,0.0
2385,2010.0,2.0,27.0,475.0,604.0,0.0,0.0,1.0,1.0,0.0
2386,2010.0,2.0,27.0,476.0,604.0,0.0,0.0,1.0,1.0,0.0
2387,2010.0,2.0,27.0,477.0,604.0,0.0,0.0,1.0,1.0,0.0
2388,2010.0,2.0,27.0,478.0,604.0,0.0,0.0,1.0,1.0,0.0
2389,2010.0,2.0,27.0,479.0,604.0,0.0,0.0,1.0,1.0,0.0
2390,2010.0,2.0,27.0,480.0,604.0,0.0,0.0,1.0,1.0,0.0
2391,2010.0,2.0,27.0,481.0,604.0,0.0,0.0,1.0,1.0,0.0
2392,2010.0,2.0,27.0,482.0,604.0,0.0,0.0,1.0,1.0,0.0
2393,2010.0,2.0,27.0,483.0,604.0,0.0,0.0,1.0,1.0,0.0
2394,2010.0,2.0,27.0,484.0,604.0,0.0,0.0,1.0,1.0,0.0
2395,2010.0,2.0,27.0,485.0,604.0,0.0,0.0,1.0,1.0,0.0
2396,2010.0,2.0,27.0,486.0,604.0,0.0,0.0,1.0,1.0,0.0
2397,2010.0,2.0,27.0,487.0,604.0,0.0,0.0,1.0,1.0,0.0
2398,2010.0,2.0,27.0,488.0,604.0,0.0,0.0,1.0,1.0,0.0
2399,2010.0,2.0,27.0,489.0,604.0,0.0,0.0,1.0,1.0,0.0
2400,2010.0,2.0,27.0,490.0,604.0,0.0,0.0,1.0,1.0,0.0
2401,2010.0,2.0,27.0,491.0,604.0,0.0,0.0,1.0,1.0,0.0
2402,2010.0,2.0,27.0,492.0,604.0,0.0,0.0,1.0,1.0,0.0
2403,2010.0,2.0,27.0,493.0,604.0,0.0,0.0,1.0,1.0,0.0
2404,2010.0,2.0,27.0,494.0,604.0,0.0,0.0,1.0,1.0,0.0
2405,2010.0,2.0,27.0,495.0,604.0,0.0,0.0,1.0,1.0,0.0
2406,2010.0,2.0,27.0,496.0,604.0,0.0,0.0,1.0,1.0,0.0
2407,2010.0,2.0,27.0,497.0,604.0,0.0,0.0,1.0,1.0,0.0
2408,2010.0,2.0,27.0,498.0,604.0,0.0,0.0,1.0,1.0,0.0
2409,2010.0,2.0,27.0,499.0,604.0,0.0,0.0,1.0,1.0,0.0
2410,2010.0,2.0,27.0,500.0,604.0,0.0,0.0,1.0,1.0,0.0
2411,2010.0,2.0,27.0,501.0,604.0,0.0,0.0,1.0,1.0,0.0
2412,2010.0,2.0,27.0,502.0,604.0,0.0,0.0,1.0,1.0,0.0
2413,2010.0,2.0,27.0,503.0,604.0,0.0,0.0,1.0,1.0,0.0
2414,2010.0,2.0,27.0,504.0,604.0,0.0,0.0,1.0,1.0,0.0
2415,2010.0,2.0,27.0,505.0,604.0,0.0,0.0,1.0,1.0,0.0
2416,2010.0,2.0,27.0,506.0,604.0,0.0,0.0,1.0,1.0,0.0
2417,2010.0,2.0,27.0,507.0,604.0,0.0,0.0,1.0,1.0,0.0
2418,2010.0,2.0,27.0,508.0,604.0,0.0,0.0,1.0,1.0,0.0
2419,2010.0,2.0,27.0,509.0,604.0,0.0,0.0,1.0,1.0,0.0
2420,2010.0,2.0,27.0,510.0,604.0,0.0,0.0,1.0,1.0,0.0
2421,2010.0,2.0,27.0,511.0,604.0,0.0,0.0,1.0,1.0,0.0
2422,2010.0,2.0,27.0,512.0,604.0,0.0,0.0,1.0,1.0,0.0
2423,2010.0,2.0,27.0,513.0,604.0,0.0,0.0,1.0,1.0,0.0
2424,2010.0,2.0,27.0,514.0,604.0,0.0,0.0,1.0,1.0,0.0
2425,2010.0,2.0,27.0,515.0,604.0,0.0,0.0,1.0,1.0,0.0
2426,2010.0,2.0,27.0,516.0,604.0,0.0,0.0,1.0,1.0,0.0
2427,2010.0,2.0,27.0,517.0,604.0,0.0,0.0,1.0,1.0,0.0
2428,2010.0,2.0,27.0,518.0,604.0,0.0,0.0,1.0,1.0,0.0
2429,2010.0,2.0,27.0,519.0,604.0,0.0,0.0,1.0,1.0,0.0
2430,2010.0,2.0,27.0,520.0,604.0,0.0,0.0,1.0,1.0,0.0
2431,2010.0,2.0,27.0,521.0,604.0,0.0,0.0,1.0,1.0,0.0
2432,2010.0,2.0,27.0,522.0,604.0,0.0,0.0,1.0,1.0,0.0
2433,2010.0,2.0,27.0,523.0,604.0,0.0,0.0,1.0,1.0,0.0
2434,2010.0,2.0,27.0,524.0,604.0,0.0,0.0,1.0,1.0,0.0
2435,2010.0,2.0,27.0,525.0,604.0,0.0,0.0,1.0,1.0,0.0
2436,2010.0,2.0,27.0,526.0,604.0,0.0,0.0,1.0,1.0,0.0
2437,2010.0,2.0,27.0,527.0,604.0,0.0,0.0,1.0,1.0,0.0
2438,2010.0,2.0,27.0,528.0,604.0,0.0,0.0,1.0,1.0,0.0
2439,2010.0,2.0,27.0,529.0,604.0,0.0,0.0,1.0,1.0,0.0
2440,2010.0,2.0,27.0,530.0,604.0,0.0,0.0,1.0,1.0,0.0
2441,2010.0,2.0,27.0,531.0,604.0,0.0,0.0,1.0,1.0,0.0
2442,2010.0,2.0,27.0,532.0,604.0,0.0,0.0,1.0,1.0,0.0
2443,2010.0,2.0,27.0,533.0,604.0,0.0,0.0,1.0,1.0,0.0
2444,2010.0,2.0,27.0,534.0,604.0,0.0,0.0,1.0,1.0,0.0
2445,2010.0,2.0,27.0,535.0,604.0,0.0,0.0,1.0,1.0,0.0
2446,2010.0,2.0,27.0,536.0,604.0,0.0,0.0,1.0,1.0,0.0
2447,2010.0,2.0,27.0,537.0,604.0,0.0,0.0,1.0,1.0,0.0
2448,2010.0,2.0,27.0,538.0,604.0,0.0,0.0,1.0,1.0,0.0
2449,2010.0,2.0,27.0,539.0,604.0,0.0,0.0,1.0,1.0,0.0
2450,2010.0,2.0,27.0,540.0,604.0,0.0,0.0,1.0,1.0,0.0
2451,2010.0,2.0,27.0,541.0,604.0,0.0,0.0,1.0,1.0,0.0
2452,2010.0,2.0,27.0,542.0,604.0,0.0,0.0,1.0,1.0,0.0
2453,2010.0,2.0,27.0,543.0,604.0,0.0,0.0,1.0,1.0,0.0
2454,2010.0,2.0,27.0,544.0,604.0,0.0,0.0,1.0,1.0,0.0
2455,2010.0,2.0,27.0,545.0,604.0,0.0,0.0,1.0,1.0,0.0
2456,2010.0,2.0,27.0,546.0,604.0,0.0,0.0,1.0,1.0,0.0
2457,2010.0,2.0,27.0,547.0,604.0,0.0,0.0,1.0,1.0,0.0
2458,2010.0,2.0,27.0,548.0,604.0,0.0,0.0,1.0,1.0,0.0
2459,2010.0,2.0,27.0,549.0,604.0,0.0,0.0,1.0,1.0,0.0
2460,2010.0,2.0,27.0,550.0,604.0,0.0,0.0,1.0,1.0,0.0
2461,2010.0,2.0,27.0,551.0,604.0,0.0,0.0,1.0,1.0,0.0
2462,2010.0,2.0,27.0,552.0,604.0,0.0,0.0,1.0,1.0,0.0
2463,2010.0,2.0,27.0,553.0,604.0,0.0,0.0,1.0,1.0,0.0
2464,2010.0,2.0,27.0,554.0,604.0,0.0,0.0,1.0,1.0,0.0
2465,2010.0,2.0,27.0,555.0,604.0,0.0,0.0,1.0,1.0,0.0
2466,2010.0,2.0,27.0,556.0,604.0,0.0,0.0,1.0,1.0,0.0
2467,2010.0,2.0,27.0,557.0,604.0,0.0,0.0,1.0,1.0,0.0
2468,2010.0,2.0,27.0,558.0,604.0,0.0,0.0,1.0,1.0,0.0
2469,2010.0,2.0,27.0,559.0,604.0,0.0,0.0,1.0,1.0,0.0
2470,2010.0,2.0,27.0,560.0,604.0,0.0,0.0,1.0,1.0,0.0
2471,2010.0,2.0,27.0,561.0,604.0,0.0,0.0,1.0,1.0,0.0
2472,2010.0,2.0,27.0,562.0,604.0,0.0,0.0,1.0,1.0,0.0
2473,2010.0,2.0,27.0,563.0,604.0,0.0,0.0,1.0,1.0,0.0
2474,2010.0,2.0,27.0,564.0,604.0,0.0,0.0,1.0,1.0,0.0
2475,2010.0,2.0,27.0,565.0,604.0,0.0,0.0,1.0,1.0,0.0
2476,2010.0,2.0,27.0,566.0,604.0,0.0,0.0,1.0,1.0,0.0
2477,2010.0,2.0,27.0,567.0,604.0,0.0,0.0,1.0,1.0,0.0
2478,2010.0,2.0,27.0,568.0,604.0,0.0,0.0,1.0,1.0,0.0
2479,2010.0,2.0,27.0,569.0,604.0,0.0,0.0,1.0,1.0,0.0
2480,2010.0,2.0,27.0,570.0,604.0,0.0,0.0,1.0,1.0,0.0
2481,2010.0,2.0,27.0,571.0,604.0,0.0,0.0,1.0,1.0,0.0
2482,2010.0,2.0,27.0,572.0,604.0,0.0,0.0,1.0,1.0,0.0
2483,2010.0,2.0,27.0,573.0,604.0,0.0,0.0,1.0,1.0,0.0
2484,2010.0,2.0,27.0,574.0,604.0,0.0,0.0,1.0,1.0,0.0
2485,2010.0,2.0,27.0,575.0,604.0,0.0,0.0,1.0,1.0,0.0
2486,2010.0,2.0,27.0,576.0,604.0,0.0,0.0,1.0,1.0,0.0
2487,2010.0,2.0,27.0,577.0,604.0,0.0,0.0,1.0,1.0,0.0
2488,2010.0,2.0,27.0,578.0,604.0,0.0,0.0,1.0,1.0,0.0
2489,2010.0,2.0,27.0,579.0,604.0,0.0,0.0,1.0,1.0,0.0
2490,2010.0,2.0,27.0,580.0,604.0,0.0,0.0,1.0,1.0,0.0
2491,2010.0,2.0,27.0,581.0,604.0,0.0,0.0,1.0,1.0,0.0
2492,2010.0,2.0,27.0,582.0,604.0,0.0,0.0,1.0,1.0,0.0
2493,2010.0,2.0,27.0,583.0,604.0,0.0,0.0,1.0,1.0,0.0
2494,2010.0,2.0,27.0,584.0,604.0,0.0,0.0,1.0,1.0,0.0
2495,2010.0,2.0,27.0,585.0,604.0,0.0,0.0,1.0,1.0,0.0
2496,2010.0,2.0,27.0,586.0,604.0,0.0,0.0,1.0,1.0,0.0
2497,2010.0,2.0,27.0,587.0,604.0,0.0,0.0,1.0,1.0,0.0
2498,2010.0,2.0,27.0,588.0,604.0,0.0,0.0,1.0,1.0,0.0
2499,2010.0,2.0,27.0,589.0,604.0,0.0,0.0,1.0,1.0,0.0
2500,2010.0,2.0,27.0,590.0,604.0,0.0,0.0,1.0,1.0,0.0
2501,2010.0,2.0,27.0,591.0,604.0,0.0,0.0,1.0,1.0,0.0
2502,2010.0,2.0,27.0,592.0,604.0,0.0,0.0,1.0,1.0,0.0
2503,2010.0,2.0,27.0,593.0,604.0,0.0,0.0,1.0,1.0,0.0
2504,2010.0,2.0,27.0,594.0,604.0,0.0,0.0,1.0,1.0,0.0
2505,2010.0,2.0,27.0,595.0,604.0,0.0,0.0,1.0,1.0,0.0
2506,2010.0,2.0,27.0,596.0,604.0,0.0,0.0,1.0,1.0,0.0
2507,2010.0,2.0,27.0,597.0,604.0,0.0,0.0,1.0,1.0,0.0
2508,2010.0,2.0,27.0,598.0,604.0,0.0,0.0,1.0,1.0,0.0
2509,2010.0,2.0,27.0,599.0,604.0,0.0,0.0,1.0,1.0,0.0
2510,2010.0,2.0,27.0,600.0,604.0,0.0,0.0,1.0,1.0,0.0
2511,2010.0,2.0,27.0,601.0,604.0,0.0,0.0,1.0,1.0,0.0
2512,2010.0,2.0,27.0,602.0,604.0,0.0,0.0,1.0,1.0,0.0
2513,2010.0,2.0,27.0,603.0,604.0,0.0,0.0,1.0,1.0,0.0
2514,2010.0,2.0,27.0,604.0,604.0,0.0,0.0,1.0,1.0,0.0
2515,2010.0,2.0,27.0,605.0,604.0,0.0,0.0,1.0,1.0,0.0
2516,2010.0,2.0,27.0,606.0,604.0,0.0,0.0,1.0,1.0,0.0
2517,2010.0,2.0,27.0,607.0,604.0,0.0,0.0,1.0,1.0,0.0
2518,2010.0,2.0,27.0,608.0,604.0,0.0,0.0,1.0,1.0,0.0
2519,2010.0,2.0,27.0,609.0,604.0,0.0,0.0,1.0,1.0,0.0
2520,2010.0,2.0,27.0,610.0,604.0,0.0,0.0,1.0,1.0,0.0
2521,2010.0,2.0,27.0,611.0,604.0,0.0,0.0,1.0,1.0,0.0
2522,2010.0,2.0,27.0,612.0,604.0,0.0,0.0,1.0,1.0,0.0
2523,2010.0,2.0,27.0,613.0,604.0,0.0,0.0,1.0,1.0,0.0
2524,2010.0,2.0,27.0,614.0,604.0,0.0,0.0,1.0,1.0,0.0
2525,2010.0,2.0,27.0,615.0,604.0,0.0,0.0,1.0,1.0,0.0
2526,2010.0,2.0,27.0,616.0,604.0,0.0,0.0,1.0,1.0,0.0
2527,2010.0,2.0,27.0,617.0,604.0,0.0,0.0,1.0,1.0,0.0
2528,2010.0,2.0,27.0,618.0,604.0,0.0,0.0,1.0,1.0,0.0
2529,2010.0,2.0,27.0,619.0,604.0,0.0,0.0,1.0,1.0,0.0
2530,2010.0,2.0,27.0,620.0,604.0,0.0,0.0,1.0,1.0,0.0
2531,2010.0,2.0,27.0,621.0,604.0,0.0,0.0,1.0,1.0,0.0
2532,2010.0,2.0,27.0,622.0,604.0,0.0,0.0,1.0,1.0,0.0
2533,2010.0,2.0,27.0,623.0,604.0,0.0,0.0,1.0,1.0,0.0
2534,2010.0,2.0,27.0,624.0,604.0,0.0,0.0,1.0,1.0,0.0
2535,2010.0,2.0,27.0,625.0,604.0,0.0,0.0,1.0,1.0,0.0
2536,2010.0,2.0,27.0,626.0,604.0,0.0,0.0,1.0,1.0,0.0
2537,2010.0,2.0,27.0,627.0,604.0,0.0,0.0,1.0,1.0,0.0
2538,2010.0,2.0,27.0,628.0,604.0,0.0,0.0,1.0,1.0,0.0
2539,2010.0,2.0,27.0,629.0,604.0,0.0,0.0,1.0,1.0,0.0
2540,2010.0,2.0,27.0,630.0,604.0,0.0,0.0,1.0,1.0,0.0
2541,2010.0,2.0,27.0,631.0,604.0,0.0,0.0,1.0,1.0,0.0
2542,2010.0,2.0,27.0,632.0,604.0,0.0,0.0,1.0,1.0,0.0
2543,2010.0,2.0,27.0,633.0,604.0,0.0,0.0,1.0,1.0,0.0
2544,2010.0,2.0,27.0,634.0,604.0,0.0,0.0,1.0,1.0,0.0
2545,2010.0,2.0,27.0,635.0,604.0,0.0,0.0,1.0,1.0,0.0
2546,2010.0,2.0,27.0,636.0,604.0,0.0,0.0,1.0,1.0,0.0
2547,2010.0,2.0,27.0,637.0,604.0,0.0,0.0,1.0,1.0,0.0
2548,2010.0,2.0,27.0,638.0,604.0,0.0,0.0,1.0,1.0,0.0
2549,2010.0,2.0,27.0,639.0,604.0,0.0,0.0,1.0,1.0,0.0
2550,2010.0,2.0,27.0,640.0,604.0,0.0,0.0,1.0,1.0,0.0
2551,2010.0,2.0,27.0,641.0,604.0,0.0,0.0,1.0,1.0,0.0
2552,2010.0,2.0,27.0,642.0,604.0,0.0,0.0,1.0,1.0,0.0
2553,2010.0,2.0,27.0,643.0,604.0,0.0,0.0,1.0,1.0,0.0
2554,2010.0,2.0,27.0,644.0,604.0,0.0,0.0,1.0,1.0,0.0
2555,2010.0,2.0,27.0,645.0,604.0,0.0,0.0,1.0,1.0,0.0
2556,2010.0,2.0,27.0,646.0,604.0,0.0,0.0,1.0,1.0,0.0
2557,2010.0,2.0,27.0,647.0,604.0,0.0,0.0,1.0,1.0,0.0
2558,2010.0,2.0,27.0,648.0,604.0,0.0,0.0,1.0,1.0,0.0
2559,2010.0,2.0,27.0,649.0,604.0,0.0,0.0,1.0,1.0,0.0
2560,2010.0,2.0,27.0,650.0,604.0,0.0,0.0,1.0,1.0,0.0
2561,2010.0,2.0,27.0,651.0,604.0,0.0,0.0,1.0,1.0,0.0
2562,2010.0,2.0,27.0,652.0,604.0,0.0,0.0,1.0,1.0,0.0
2563,2010.0,2.0,27.0,653.0,604.0,0.0,0.0,1.0,1.0,0.0
2564,2010.0,2.0,27.0,654.0,604.0,0.0,0.0,1.0,1.0,0.0
2565,2010.0,2.0,27.0,655.0,604.0,0.0,0.0,1.0,1.0,0.0
2566,2010.0,2.0,27.0,656.0,604.0,0.0,0.0,1.0,1.0,0.0
2567,2010.0,2.0,27.0,657.0,604.0,0.0,0.0,1.0,1.0,0.0
2568,2010.0,2.0,27.0,658.0,604.0,0.0,0.0,1.0,1.0,0.0
2569,2010.0,2.0,27.0,659.0,604.0,0.0,0.0,1.0,1.0,0.0
2570,2010.0,2.0,27.0,660.0,604.0,0.0,0.0,1.0,1.0,0.0
2571,2010.0,2.0,27.0,661.0,604.0,0.0,0.0,1.0,1.0,0.0
2572,2010.0,2.0,27.0,662.0,604.0,0.0,0.0,1.0,1.0,0.0
2573,2010.0,2.0,27.0,663.0,604.0,0.0,0.0,1.0,1.0,0.0
2574,2010.0,2.0,27.0,664.0,604.0,0.0,0.0,1.0,1.0,0.0
2575,2010.0,2.0,27.0,665.0,604.0,0.0,0.0,1.0,1.0,0.0
2576,2010.0,2.0,27.0,666.0,604.0,0.0,0.0,1.0,1.0,0.0
2577,2010.0,2.0,27.0,667.0,604.0,0.0,0.0,1.0,1.0,0.0
2578,2010.0,2.0,27.0,668.0,604.0,0.0,0.0,1.0,1.0,0.0
2579,2010.0,2.0,27.0,669.0,604.0,0.0,0.0,1.0,1.0,0.0
2580,2010.0,2.0,27.0,670.0,604.0,0.0,0.0,1.0,1.0,0.0
2581,2010.0,2.0,27.0,671.0,604.0,0.0,0.0,1.0,1.0,0.0
2582,2010.0,2.0,27.0,672.0,604.0,0.0,0.0,1.0,1.0,0.0
2583,2010.0,2.0,27.0,673.0,604.0,0.0,0.0,1.0,1.0,0.0
2584,2010.0,2.0,27.0,674.0,604.0,0.0,0.0,1.0,1.0,0.0
2585,2010.0,2.0,27.0,675.0,604.0,0.0,0.0,1.0,1.0,0.0
2586,2010.0,2.0,27.0,676.0,604.0,0.0,0.0,1.0,1.0,0.0
2587,2010.0,2.0,27.0,677.0,604.0,0.0,0.0,1.0,1.0,0.0
2588,2010.0,2.0,27.0,678.0,604.0,0.0,0.0,1.0,1.0,0.0
2589,2010.0,2.0,27.0,679.0,604.0,0.0,0.0,1.0,1.0,0.0
2590,2010.0,2.0,27.0,680.0,604.0,0.0,0.0,1.0,1.0,0.0
2591,2010.0,2.0,27.0,681.0,604.0,0.0,0.0,1.0,1.0,0.0
2592,2010.0,2.0,27.0,682.0,604.0,0.0,0.0,1.0,1.0,0.0
2593,2010.0,2.0,27.0,683.0,604.0,0.0,0.0,1.0,1.0,0.0
2594,2010.0,2.0,27.0,684.0,604.0,0.0,0.0,1.0,1.0,0.0
2595,2010.0,2.0,27.0,685.0,604.0,0.0,0.0,1.0,1.0,0.0
2596,2010.0,2.0,27.0,686.0,604.0,0.0,0.0,1.0,1.0,0.0
2597,2010.0,2.0,27.0,687.0,604.0,0.0,0.0,1.0,1.0,0.0
2598,2010.0,2.0,27.0,688.0,604.0,0.0,0.0,1.0,1.0,0.0
2599,2010.0,2.0,27.0,689.0,604.0,0.0,0.0,1.0,1.0,0.0
2600,2010.0,2.0,27.0,690.0,604.0,0.0,0.0,1.0,1.0,0.0
2601,2010.0,2.0,27.0,691.0,604.0,0.0,0.0,1.0,1.0,0.0
2602,2010.0,2.0,27.0,692.0,604.0,0.0,0.0,1.0,1.0,0.0
2603,2010.0,2.0,27.0,693.0,604.0,0.0,0.0,1.0,1.0,0.0
2604,2010.0,2.0,27.0,694.0,604.0,0.0,0.0,1.0,1.0,0.0
2605,2010.0,2.0,27.0,695.0,604.0,0.0,0.0,1.0,1.0,0.0
2606,2010.0,2.0,27.0,696.0,604.0,0.0,0.0,1.0,1.0,0.0
2607,2010.0,2.0,27.0,697.0,604.0,0.0,0.0,1.0,1.0,0.0
2608,2010.0,2.0,27.0,698.0,604.0,0.0,0.0,1.0,1.0,0.0
2609,2010.0,2.0,27.0,699.0,604.0,0.0,0.0,1.0,1.0,0.0
2610,2010.0,2.0,27.0,700.0,604.0,0.0,0.0,1.0,1.0,0.0
2611,2010.0,2.0,27.0,701.0,604.0,0.0,0.0,1.0,1.0,0.0
2612,2010.0,2.0,27.0,702.0,604.0,0.0,0.0,1.0,1.0,0.0
2613,2010.0,2.0,27.0,703.0,604.0,0.0,0.0,1.0,1.0,0.0
2614,2010.0,2.0,27.0,704.0,604.0,0.0,0.0,1.0,1.0,0.0
2615,2010.0,2.0,27.0,705.0,604.0,0.0,0.0,1.0,1.0,0.0
2616,2010.0,2.0,27.0,706.0,604.0,0.0,0.0,1.0,1.0,0.0
2617,2010.0,2.0,27.0,707.0,604.0,0.0,0.0,1.0,1.0,0.0
2618,2010.0,2.0,27.0,708.0,604.0,0.0,0.0,1.0,1.0,0.0
2619,2010.0,2.0,27.0,709.0,604.0,0.0,0.0,1.0,1.0,0.0
2620,2010.0,2.0,27.0,710.0,604.0,0.0,0.0,1.0,1.0,0.0
2621,2010.0,2.0,27.0,711.0,604.0,0.0,0.0,1.0,1.0,0.0
2622,2010.0,2.0,27.0,712.0,604.0,0.0,0.0,1.0,1.0,0.0
2623,2010.0,2.0,27.0,713.0,604.0,0.0,0.0,1.0,1.0,0.0
2624,2010.0,2.0,27.0,714.0,604.0,0.0,0.0,1.0,1.0,0.0
2625,2010.0,2.0,27.0,715.0,604.0,0.0,0.0,1.0,1.0,0.0
2626,2010.0,2.0,27.0,716.0,604.0,0.0,0.0,1.0,1.0,0.0
2627,2010.0,2.0,27.0,717.0,604.0,0.0,0.0,1.0,1.0,0.0
2628,2010.0,2.0,27.0,718.0,604.0,0.0,0.0,1.0,1.0,0.0
2629,2010.0,2.0,27.0,719.0,604.0,0.0,0.0,1.0,1.0,0.0
2630,2010.0,2.0,27.0,720.0,604.0,0.0,0.0,1.0,1.0,0.0
2631,2010.0,2.0,27.0,721.0,604.0,0.0,0.0,1.0,1.0,0.0
2632,2010.0,2.0,27.0,722.0,604.0,0.0,0.0,1.0,1.0,0.0
2633,2010.0,2.0,27.0,723.0,604.0,0.0,0.0,1.0,1.0,0.0
2634,2010.0,2.0,27.0,724.0,604.0,0.0,0.0,1.0,1.0,0.0
2635,2010.0,2.0,27.0,725.0,604.0,0.0,0.0,1.0,1.0,0.0
2636,2010.0,2.0,27.0,726.0,604.0,0.0,0.0,1.0,1.0,0.0
2637,2010.0,2.0,27.0,727.0,604.0,0.0,0.0,1.0,1.0,0.0
2638,2010.0,2.0,27.0,728.0,604.0,0.0,0.0,1.0,1.0,0.0
2639,2010.0,2.0,27.0,729.0,604.0,0.0,0.0,1.0,1.0,0.0
2640,2010.0,2.0,27.0,730.0,604.0,0.0,0.0,1.0,1.0,0.0
2641,2010.0,2.0,27.0,731.0,604.0,0.0,0.0,1.0,1.0,0.0
2642,2010.0,2.0,27.0,732.0,604.0,0.0,0.0,1.0,1.0,0.0
2643,2010.0,2.0,27.0,733.0,604.0,0.0,0.0,1.0,1.0,0.0
2644,2010.0,2.0,27.0,734.0,604.0,0.0,0.0,1.0,1.0,0.0
2645,2010.0,2.0,27.0,735.0,604.0,0.0,0.0,1.0,1.0,0.0
2646,2010.0,2.0,27.0,736.0,604.0,0.0,0.0,1.0,1.0,0.0
2647,2010.0,2.0,27.0,737.0,604.0,0.0,0.0,1.0,1.0,0.0
2648,2010.0,2.0,27.0,738.0,604.0,0.0,0.0,1.0,1.0,0.0
2649,2010.0,2.0,27.0,739.0,604.0,0.0,0.0,1.0,1.0,0.0
2650,2010.0,2.0,27.0,740.0,604.0,0.0,0.0,1.0,1.0,0.0
2651,2010.0,2.0,27.0,741.0,604.0,0.0,0.0,1.0,1.0,0.0
2652,2010.0,2.0,27.0,742.0,604.0,0.0,0.0,1.0,1.0,0.0
2653,2010.0,2.0,27.0,743.0,604.0,0.0,0.0,1.0,1.0,0.0
2654,2010.0,2.0,27.0,744.0,604.0,0.0,0.0,1.0,1.0,0.0
2655,2010.0,2.0,27.0,745.0,604.0,0.0,0.0,1.0,1.0,0.0
2656,2010.0,2.0,27.0,746.0,604.0,0.0,0.0,1.0,1.0,0.0
2657,2010.0,2.0,27.0,747.0,1190.0,0.0,0.0,1.0,1.0,0.0
2658,2010.0,1.0,17.0,1.0,614.0,0.0,0.0,2.0,1.0,0.0
2659,2010.0,1.0,17.0,2.0,614.0,0.0,0.0,2.0,1.0,0.0
2660,2010.0,1.0,17.0,3.0,614.0,0.0,0.0,2.0,1.0,0.0
2661,2010.0,1.0,17.0,4.0,614.0,0.0,0.0,2.0,1.0,0.0
2662,2010.0,1.0,17.0,5.0,614.0,0.0,0.0,2.0,1.0,0.0
2663,2010.0,1.0,17.0,6.0,614.0,0.0,0.0,2.0,1.0,0.0
2664,2010.0,1.0,17.0,7.0,614.0,0.0,0.0,2.0,1.0,0.0
2665,2010.0,1.0,17.0,8.0,614.0,0.0,0.0,2.0,1.0,0.0
2666,2010.0,1.0,17.0,9.0,614.0,0.0,0.0,2.0,1.0,0.0
2667,2010.0,1.0,17.0,10.0,614.0,0.0,0.0,2.0,1.0,0.0
2668,2010.0,1.0,17.0,11.0,614.0,0.0,0.0,2.0,1.0,0.0
2669,2010.0,1.0,17.0,12.0,614.0,0.0,0.0,2.0,1.0,0.0
2670,2010.0,1.0,17.0,13.0,614.0,0.0,0.0,2.0,1.0,0.0
2671,2010.0,1.0,17.0,14.0,614.0,0.0,0.0,2.0,1.0,0.0
2672,2010.0,1.0,17.0,15.0,614.0,0.0,0.0,2.0,1.0,0.0
2673,2010.0,1.0,17.0,16.0,614.0,0.0,0.0,2.0,1.0,0.0
2674,2010.0,1.0,17.0,17.0,614.0,0.0,0.0,2.0,1.0,0.0
2675,2010.0,1.0,17.0,18.0,614.0,0.0,0.0,2.0,1.0,0.0
2676,2010.0,1.0,17.0,19.0,614.0,0.0,0.0,2.0,1.0,0.0
2677,2010.0,1.0,17.0,20.0,614.0,0.0,0.0,2.0,1.0,0.0
2678,2010.0,1.0,17.0,21.0,614.0,0.0,0.0,2.0,1.0,0.0
2679,2010.0,1.0,17.0,22.0,614.0,0.0,0.0,2.0,1.0,0.0
2680,2010.0,1.0,17.0,23.0,614.0,0.0,0.0,2.0,1.0,0.0
2681,2010.0,1.0,17.0,24.0,614.0,0.0,0.0,2.0,1.0,0.0
2682,2010.0,1.0,17.0,25.0,614.0,0.0,0.0,2.0,1.0,0.0
2683,2010.0,1.0,17.0,26.0,614.0,0.0,0.0,2.0,1.0,0.0
2684,2010.0,1.0,17.0,27.0,614.0,0.0,0.0,2.0,1.0,0.0
2685,2010.0,1.0,17.0,28.0,614.0,0.0,0.0,2.0,1.0,0.0
2686,2010.0,1.0,17.0,29.0,614.0,0.0,0.0,2.0,1.0,0.0
2687,2010.0,1.0,17.0,30.0,614.0,0.0,0.0,2.0,1.0,0.0
2688,2010.0,1.0,17.0,31.0,614.0,0.0,0.0,2.0,1.0,0.0
2689,2010.0,1.0,17.0,32.0,614.0,0.0,0.0,2.0,1.0,0.0
2690,2010.0,1.0,17.0,33.0,614.0,0.0,0.0,2.0,1.0,0.0
2691,2010.0,1.0,17.0,34.0,614.0,0.0,0.0,2.0,1.0,0.0
2692,2010.0,1.0,17.0,35.0,614.0,0.0,0.0,2.0,1.0,0.0
2693,2010.0,1.0,17.0,36.0,614.0,0.0,0.0,2.0,1.0,0.0
2694,2010.0,1.0,17.0,37.0,614.0,0.0,0.0,2.0,1.0,0.0
2695,2010.0,1.0,17.0,38.0,614.0,0.0,0.0,2.0,1.0,0.0
2696,2010.0,1.0,17.0,39.0,614.0,0.0,0.0,2.0,1.0,0.0
2697,2010.0,1.0,17.0,40.0,614.0,0.0,0.0,2.0,1.0,0.0
2698,2010.0,1.0,17.0,41.0,614.0,0.0,0.0,2.0,1.0,0.0
2699,2010.0,1.0,17.0,42.0,614.0,0.0,0.0,2.0,1.0,0.0
2700,2010.0,1.0,17.0,43.0,614.0,0.0,0.0,2.0,1.0,0.0
2701,2010.0,1.0,17.0,44.0,614.0,0.0,0.0,2.0,1.0,0.0
2702,2010.0,1.0,17.0,45.0,614.0,0.0,0.0,2.0,1.0,0.0
2703,2010.0,1.0,17.0,46.0,614.0,0.0,0.0,2.0,1.0,0.0
2704,2010.0,1.0,17.0,47.0,614.0,0.0,0.0,2.0,1.0,0.0
2705,2010.0,1.0,17.0,48.0,614.0,0.0,0.0,2.0,1.0,0.0
2706,2010.0,1.0,17.0,49.0,614.0,0.0,0.0,2.0,1.0,0.0
2707,2010.0,1.0,17.0,50.0,614.0,0.0,0.0,2.0,1.0,0.0
2708,2010.0,1.0,17.0,51.0,614.0,0.0,0.0,2.0,1.0,0.0
2709,2010.0,1.0,17.0,52.0,614.0,0.0,0.0,2.0,1.0,0.0
2710,2010.0,1.0,17.0,53.0,614.0,0.0,0.0,2.0,1.0,0.0
2711,2010.0,1.0,17.0,54.0,614.0,0.0,0.0,2.0,1.0,0.0
2712,2010.0,1.0,17.0,55.0,614.0,0.0,0.0,2.0,1.0,0.0
2713,2010.0,1.0,17.0,56.0,614.0,0.0,0.0,2.0,1.0,0.0
2714,2010.0,1.0,17.0,57.0,614.0,0.0,0.0,2.0,1.0,0.0
2715,2010.0,1.0,17.0,58.0,614.0,0.0,0.0,2.0,1.0,0.0
2716,2010.0,1.0,17.0,59.0,614.0,0.0,0.0,2.0,1.0,0.0
2717,2010.0,1.0,17.0,60.0,614.0,0.0,0.0,2.0,1.0,0.0
2718,2010.0,1.0,17.0,61.0,614.0,0.0,0.0,2.0,1.0,0.0
2719,2010.0,1.0,17.0,62.0,614.0,0.0,0.0,2.0,1.0,0.0
2720,2010.0,1.0,17.0,63.0,614.0,0.0,0.0,2.0,1.0,0.0
2721,2010.0,1.0,17.0,64.0,614.0,0.0,0.0,2.0,1.0,0.0
2722,2010.0,1.0,17.0,65.0,614.0,0.0,0.0,2.0,1.0,0.0
2723,2010.0,1.0,17.0,66.0,614.0,0.0,0.0,2.0,1.0,0.0
2724,2010.0,1.0,17.0,67.0,614.0,0.0,0.0,2.0,1.0,0.0
2725,2010.0,1.0,17.0,68.0,614.0,0.0,0.0,2.0,1.0,0.0
2726,2010.0,1.0,17.0,69.0,614.0,0.0,0.0,2.0,1.0,0.0
2727,2010.0,1.0,17.0,70.0,614.0,0.0,0.0,2.0,1.0,0.0
2728,2010.0,1.0,17.0,71.0,614.0,0.0,0.0,2.0,1.0,0.0
2729,2010.0,1.0,17.0,72.0,614.0,0.0,0.0,2.0,1.0,0.0
2730,2010.0,1.0,17.0,73.0,614.0,0.0,0.0,2.0,1.0,0.0
2731,2010.0,1.0,17.0,74.0,614.0,0.0,0.0,2.0,1.0,0.0
2732,2010.0,1.0,17.0,75.0,614.0,0.0,0.0,2.0,1.0,0.0
2733,2010.0,1.0,17.0,76.0,614.0,0.0,0.0,2.0,1.0,0.0
2734,2010.0,1.0,17.0,77.0,614.0,0.0,0.0,2.0,1.0,0.0
2735,2010.0,1.0,17.0,78.0,614.0,0.0,0.0,2.0,1.0,0.0
2736,2010.0,1.0,17.0,79.0,614.0,0.0,0.0,2.0,1.0,0.0
2737,2010.0,1.0,17.0,80.0,614.0,0.0,0.0,2.0,1.0,0.0
2738,2010.0,1.0,17.0,81.0,614.0,0.0,0.0,2.0,1.0,0.0
2739,2010.0,1.0,17.0,82.0,614.0,0.0,0.0,2.0,1.0,0.0
2740,2010.0,1.0,17.0,83.0,614.0,0.0,0.0,2.0,1.0,0.0
2741,2010.0,1.0,17.0,84.0,614.0,0.0,0.0,2.0,1.0,0.0
2742,2010.0,1.0,17.0,85.0,614.0,0.0,0.0,2.0,1.0,0.0
2743,2010.0,1.0,17.0,86.0,614.0,0.0,0.0,2.0,1.0,0.0
2744,2010.0,1.0,17.0,87.0,614.0,0.0,0.0,2.0,1.0,0.0
2745,2010.0,1.0,17.0,88.0,614.0,0.0,0.0,2.0,1.0,0.0
2746,2010.0,1.0,17.0,89.0,614.0,0.0,0.0,2.0,1.0,0.0
2747,2010.0,1.0,17.0,90.0,614.0,0.0,0.0,2.0,1.0,0.0
2748,2010.0,1.0,17.0,91.0,614.0,0.0,0.0,2.0,1.0,0.0
2749,2010.0,1.0,17.0,92.0,614.0,0.0,0.0,2.0,1.0,0.0
2750,2010.0,1.0,17.0,93.0,614.0,0.0,0.0,2.0,1.0,0.0
2751,2010.0,1.0,17.0,94.0,614.0,0.0,0.0,2.0,1.0,0.0
2752,2010.0,1.0,17.0,95.0,614.0,0.0,0.0,2.0,1.0,0.0
2753,2010.0,1.0,17.0,96.0,614.0,0.0,0.0,2.0,1.0,0.0
2754,2010.0,1.0,17.0,97.0,614.0,0.0,0.0,2.0,1.0,0.0
2755,2010.0,1.0,17.0,98.0,614.0,0.0,0.0,2.0,1.0,0.0
2756,2010.0,1.0,17.0,99.0,614.0,0.0,0.0,2.0,1.0,0.0
2757,2010.0,1.0,17.0,100.0,614.0,0.0,0.0,2.0,1.0,0.0
2758,2010.0,1.0,17.0,101.0,614.0,0.0,0.0,2.0,1.0,0.0
2759,2010.0,1.0,17.0,102.0,614.0,0.0,0.0,2.0,1.0,0.0
2760,2010.0,1.0,17.0,103.0,614.0,0.0,0.0,2.0,1.0,0.0
2761,2010.0,1.0,17.0,104.0,614.0,0.0,0.0,2.0,1.0,0.0
2762,2010.0,1.0,17.0,105.0,614.0,0.0,0.0,2.0,1.0,0.0
2763,2010.0,1.0,17.0,106.0,614.0,0.0,0.0,2.0,1.0,0.0
2764,2010.0,1.0,17.0,107.0,614.0,0.0,0.0,2.0,1.0,0.0
2765,2010.0,1.0,17.0,108.0,614.0,0.0,0.0,2.0,1.0,0.0
2766,2010.0,1.0,17.0,109.0,614.0,0.0,0.0,2.0,1.0,0.0
2767,2010.0,1.0,17.0,110.0,614.0,0.0,0.0,2.0,1.0,0.0
2768,2010.0,1.0,17.0,111.0,614.0,0.0,0.0,2.0,1.0,0.0
2769,2010.0,1.0,17.0,112.0,614.0,0.0,0.0,2.0,1.0,0.0
2770,2010.0,1.0,17.0,113.0,614.0,0.0,0.0,2.0,1.0,0.0
2771,2010.0,1.0,17.0,114.0,614.0,0.0,0.0,2.0,1.0,0.0
2772,2010.0,1.0,17.0,115.0,614.0,0.0,0.0,2.0,1.0,0.0
2773,2010.0,1.0,17.0,116.0,614.0,0.0,0.0,2.0,1.0,0.0
2774,2010.0,1.0,17.0,117.0,614.0,0.0,0.0,2.0,1.0,0.0
2775,2010.0,1.0,17.0,118.0,614.0,0.0,0.0,2.0,1.0,0.0
2776,2010.0,1.0,17.0,119.0,614.0,0.0,0.0,2.0,1.0,0.0
2777,2010.0,1.0,17.0,120.0,614.0,0.0,0.0,2.0,1.0,0.0
2778,2010.0,1.0,17.0,121.0,614.0,0.0,0.0,2.0,1.0,0.0
2779,2010.0,1.0,17.0,122.0,614.0,0.0,0.0,2.0,1.0,0.0
2780,2010.0,1.0,17.0,123.0,614.0,0.0,0.0,2.0,1.0,0.0
2781,2010.0,1.0,17.0,124.0,614.0,0.0,0.0,2.0,1.0,0.0
2782,2010.0,1.0,17.0,125.0,614.0,0.0,0.0,2.0,1.0,0.0
2783,2010.0,1.0,17.0,126.0,614.0,0.0,0.0,2.0,1.0,0.0
2784,2010.0,1.0,17.0,127.0,614.0,0.0,0.0,2.0,1.0,0.0
2785,2010.0,1.0,17.0,128.0,614.0,0.0,0.0,2.0,1.0,0.0
2786,2010.0,1.0,17.0,129.0,614.0,0.0,0.0,2.0,1.0,0.0
2787,2010.0,1.0,17.0,130.0,614.0,0.0,0.0,2.0,1.0,0.0
2788,2010.0,1.0,17.0,131.0,614.0,0.0,0.0,2.0,1.0,0.0
2789,2010.0,1.0,17.0,132.0,614.0,0.0,0.0,2.0,1.0,0.0
2790,2010.0,1.0,17.0,133.0,614.0,0.0,0.0,2.0,1.0,0.0
2791,2010.0,1.0,17.0,134.0,614.0,0.0,0.0,2.0,1.0,0.0
2792,2010.0,1.0,17.0,135.0,614.0,0.0,0.0,2.0,1.0,0.0
2793,2010.0,1.0,17.0,136.0,614.0,0.0,0.0,2.0,1.0,0.0
2794,2010.0,1.0,17.0,137.0,614.0,0.0,0.0,2.0,1.0,0.0
2795,2010.0,1.0,17.0,138.0,614.0,0.0,0.0,2.0,1.0,0.0
2796,2010.0,1.0,17.0,139.0,614.0,0.0,0.0,2.0,1.0,0.0
2797,2010.0,1.0,17.0,140.0,614.0,0.0,0.0,2.0,1.0,0.0
2798,2010.0,1.0,17.0,141.0,614.0,0.0,0.0,2.0,1.0,0.0
2799,2010.0,1.0,17.0,142.0,614.0,0.0,0.0,2.0,1.0,0.0
2800,2010.0,1.0,17.0,143.0,614.0,0.0,0.0,2.0,1.0,0.0
2801,2010.0,1.0,17.0,144.0,614.0,0.0,0.0,2.0,1.0,0.0
2802,2010.0,1.0,17.0,145.0,614.0,0.0,0.0,2.0,1.0,0.0
2803,2010.0,1.0,17.0,146.0,614.0,0.0,0.0,2.0,1.0,0.0
2804,2010.0,1.0,17.0,147.0,614.0,0.0,0.0,2.0,1.0,0.0
2805,2010.0,1.0,17.0,148.0,614.0,0.0,0.0,2.0,1.0,0.0
2806,2010.0,1.0,17.0,149.0,614.0,0.0,0.0,2.0,1.0,0.0
2807,2010.0,1.0,17.0,150.0,614.0,0.0,0.0,2.0,1.0,0.0
2808,2010.0,1.0,17.0,151.0,614.0,0.0,0.0,2.0,1.0,0.0
2809,2010.0,1.0,17.0,152.0,614.0,0.0,0.0,2.0,1.0,0.0
2810,2010.0,1.0,17.0,153.0,614.0,0.0,0.0,2.0,1.0,0.0
2811,2010.0,1.0,17.0,154.0,614.0,0.0,0.0,2.0,1.0,0.0
2812,2010.0,1.0,17.0,155.0,614.0,0.0,0.0,2.0,1.0,0.0
2813,2010.0,1.0,17.0,156.0,614.0,0.0,0.0,2.0,1.0,0.0
2814,2010.0,1.0,17.0,157.0,614.0,0.0,0.0,2.0,1.0,0.0
2815,2010.0,1.0,17.0,158.0,614.0,0.0,0.0,2.0,1.0,0.0
2816,2010.0,1.0,17.0,159.0,614.0,0.0,0.0,2.0,1.0,0.0
2817,2010.0,1.0,17.0,160.0,614.0,0.0,0.0,2.0,1.0,0.0
2818,2010.0,1.0,17.0,161.0,614.0,0.0,0.0,2.0,1.0,0.0
2819,2010.0,1.0,17.0,162.0,614.0,0.0,0.0,2.0,1.0,0.0
2820,2010.0,1.0,17.0,163.0,614.0,0.0,0.0,2.0,1.0,0.0
2821,2010.0,1.0,17.0,164.0,614.0,0.0,0.0,2.0,1.0,0.0
2822,2010.0,1.0,17.0,165.0,614.0,0.0,0.0,2.0,1.0,0.0
2823,2010.0,1.0,17.0,166.0,614.0,0.0,0.0,2.0,1.0,0.0
2824,2010.0,1.0,17.0,167.0,614.0,0.0,0.0,2.0,1.0,0.0
2825,2010.0,1.0,17.0,168.0,614.0,0.0,0.0,2.0,1.0,0.0
2826,2010.0,1.0,17.0,169.0,614.0,0.0,0.0,2.0,1.0,0.0
2827,2010.0,1.0,17.0,170.0,614.0,0.0,0.0,2.0,1.0,0.0
2828,2010.0,1.0,17.0,171.0,614.0,0.0,0.0,2.0,1.0,0.0
2829,2010.0,1.0,17.0,172.0,614.0,0.0,0.0,2.0,1.0,0.0
2830,2010.0,1.0,17.0,173.0,614.0,0.0,0.0,2.0,1.0,0.0
2831,2010.0,1.0,17.0,174.0,614.0,0.0,0.0,2.0,1.0,0.0
2832,2010.0,1.0,17.0,175.0,614.0,0.0,0.0,2.0,1.0,0.0
2833,2010.0,1.0,17.0,176.0,614.0,0.0,0.0,2.0,1.0,0.0
2834,2010.0,1.0,17.0,177.0,614.0,0.0,0.0,2.0,1.0,0.0
2835,2010.0,1.0,17.0,178.0,614.0,0.0,0.0,2.0,1.0,0.0
2836,2010.0,1.0,17.0,179.0,614.0,0.0,0.0,2.0,1.0,0.0
2837,2010.0,1.0,17.0,180.0,614.0,0.0,0.0,2.0,1.0,0.0
2838,2010.0,1.0,17.0,181.0,614.0,0.0,0.0,2.0,1.0,0.0
2839,2010.0,1.0,17.0,182.0,614.0,0.0,0.0,2.0,1.0,0.0
2840,2010.0,1.0,17.0,183.0,614.0,0.0,0.0,2.0,1.0,0.0
2841,2010.0,1.0,17.0,184.0,614.0,0.0,0.0,2.0,1.0,0.0
2842,2010.0,1.0,17.0,185.0,614.0,0.0,0.0,2.0,1.0,0.0
2843,2010.0,1.0,17.0,186.0,614.0,0.0,0.0,2.0,1.0,0.0
2844,2010.0,1.0,17.0,187.0,614.0,0.0,0.0,2.0,1.0,0.0
2845,2010.0,1.0,17.0,188.0,614.0,0.0,0.0,2.0,1.0,0.0
2846,2010.0,1.0,17.0,189.0,614.0,0.0,0.0,2.0,1.0,0.0
2847,2010.0,1.0,17.0,190.0,614.0,0.0,0.0,2.0,1.0,0.0
2848,2010.0,1.0,17.0,191.0,614.0,0.0,0.0,2.0,1.0,0.0
2849,2010.0,1.0,17.0,192.0,614.0,0.0,0.0,2.0,1.0,0.0
2850,2010.0,1.0,17.0,193.0,614.0,0.0,0.0,2.0,1.0,0.0
2851,2010.0,1.0,17.0,194.0,614.0,0.0,0.0,2.0,1.0,0.0
2852,2010.0,1.0,17.0,195.0,614.0,0.0,0.0,2.0,1.0,0.0
2853,2010.0,1.0,17.0,196.0,614.0,0.0,0.0,2.0,1.0,0.0
2854,2010.0,1.0,17.0,197.0,614.0,0.0,0.0,2.0,1.0,0.0
2855,2010.0,1.0,17.0,198.0,614.0,0.0,0.0,2.0,1.0,0.0
2856,2010.0,1.0,17.0,199.0,614.0,0.0,0.0,2.0,1.0,0.0
2857,2010.0,1.0,17.0,200.0,614.0,0.0,0.0,2.0,1.0,0.0
2858,2010.0,1.0,17.0,201.0,614.0,0.0,0.0,2.0,1.0,0.0
2859,2010.0,1.0,17.0,202.0,614.0,0.0,0.0,2.0,1.0,0.0
2860,2010.0,1.0,17.0,203.0,614.0,0.0,0.0,2.0,1.0,0.0
2861,2010.0,1.0,17.0,204.0,614.0,0.0,0.0,2.0,1.0,0.0
2862,2010.0,1.0,17.0,205.0,614.0,0.0,0.0,2.0,1.0,0.0
2863,2010.0,1.0,17.0,206.0,614.0,0.0,0.0,2.0,1.0,0.0
2864,2010.0,1.0,17.0,207.0,614.0,0.0,0.0,2.0,1.0,0.0
2865,2010.0,1.0,17.0,208.0,614.0,0.0,0.0,2.0,1.0,0.0
2866,2010.0,1.0,17.0,209.0,614.0,0.0,0.0,2.0,1.0,0.0
2867,2010.0,1.0,17.0,210.0,614.0,0.0,0.0,2.0,1.0,0.0
2868,2010.0,1.0,17.0,211.0,614.0,0.0,0.0,2.0,1.0,0.0
2869,2010.0,1.0,17.0,212.0,614.0,0.0,0.0,2.0,1.0,0.0
2870,2010.0,1.0,17.0,213.0,614.0,0.0,0.0,2.0,1.0,0.0
2871,2010.0,1.0,17.0,214.0,614.0,0.0,0.0,2.0,1.0,0.0
2872,2010.0,1.0,17.0,215.0,614.0,0.0,0.0,2.0,1.0,0.0
2873,2010.0,1.0,17.0,216.0,614.0,0.0,0.0,2.0,1.0,0.0
2874,2010.0,1.0,17.0,217.0,614.0,0.0,0.0,2.0,1.0,0.0
2875,2010.0,1.0,17.0,218.0,614.0,0.0,0.0,2.0,1.0,0.0
2876,2010.0,1.0,17.0,219.0,614.0,0.0,0.0,2.0,1.0,0.0
2877,2010.0,1.0,17.0,220.0,614.0,0.0,0.0,2.0,1.0,0.0
2878,2010.0,1.0,17.0,221.0,614.0,0.0,0.0,2.0,1.0,0.0
2879,2010.0,1.0,17.0,222.0,614.0,0.0,0.0,2.0,1.0,0.0
2880,2010.0,1.0,17.0,223.0,614.0,0.0,0.0,2.0,1.0,0.0
2881,2010.0,1.0,17.0,224.0,614.0,0.0,0.0,2.0,1.0,0.0
2882,2010.0,1.0,17.0,225.0,614.0,0.0,0.0,2.0,1.0,0.0
2883,2010.0,1.0,17.0,226.0,614.0,0.0,0.0,2.0,1.0,0.0
2884,2010.0,1.0,17.0,227.0,614.0,0.0,0.0,2.0,1.0,0.0
2885,2010.0,1.0,17.0,228.0,614.0,0.0,0.0,2.0,1.0,0.0
2886,2010.0,1.0,17.0,229.0,614.0,0.0,0.0,2.0,1.0,0.0
2887,2010.0,1.0,17.0,230.0,614.0,0.0,0.0,2.0,1.0,0.0
2888,2010.0,1.0,17.0,231.0,614.0,0.0,0.0,2.0,1.0,0.0
2889,2010.0,1.0,17.0,232.0,614.0,0.0,0.0,2.0,1.0,0.0
2890,2010.0,1.0,17.0,233.0,614.0,0.0,0.0,2.0,1.0,0.0
2891,2010.0,1.0,17.0,234.0,614.0,0.0,0.0,2.0,1.0,0.0
2892,2010.0,1.0,17.0,235.0,614.0,0.0,0.0,2.0,1.0,0.0
2893,2010.0,1.0,17.0,236.0,614.0,0.0,0.0,2.0,1.0,0.0
2894,2010.0,1.0,17.0,237.0,614.0,0.0,0.0,2.0,1.0,0.0
2895,2010.0,1.0,17.0,238.0,614.0,0.0,0.0,2.0,1.0,0.0
2896,2010.0,1.0,17.0,239.0,614.0,0.0,0.0,2.0,1.0,0.0
2897,2010.0,1.0,17.0,240.0,614.0,0.0,0.0,2.0,1.0,0.0
2898,2010.0,1.0,17.0,241.0,614.0,0.0,0.0,2.0,1.0,0.0
2899,2010.0,1.0,17.0,242.0,614.0,0.0,0.0,2.0,1.0,0.0
2900,2010.0,1.0,17.0,243.0,614.0,0.0,0.0,2.0,1.0,0.0
2901,2010.0,1.0,17.0,244.0,614.0,0.0,0.0,2.0,1.0,0.0
2902,2010.0,1.0,17.0,245.0,614.0,0.0,0.0,2.0,1.0,0.0
2903,2010.0,1.0,17.0,246.0,614.0,0.0,0.0,2.0,1.0,0.0
2904,2010.0,1.0,17.0,247.0,614.0,0.0,0.0,2.0,1.0,0.0
2905,2010.0,1.0,17.0,248.0,614.0,0.0,0.0,2.0,1.0,0.0
2906,2010.0,1.0,17.0,249.0,614.0,0.0,0.0,2.0,1.0,0.0
2907,2010.0,1.0,17.0,250.0,614.0,0.0,0.0,2.0,1.0,0.0
2908,2010.0,1.0,17.0,251.0,614.0,0.0,0.0,2.0,1.0,0.0
2909,2010.0,1.0,17.0,252.0,614.0,0.0,0.0,2.0,1.0,0.0
2910,2010.0,1.0,17.0,253.0,614.0,0.0,0.0,2.0,1.0,0.0
2911,2010.0,1.0,17.0,254.0,614.0,0.0,0.0,2.0,1.0,0.0
2912,2010.0,1.0,17.0,255.0,614.0,0.0,0.0,2.0,1.0,0.0
2913,2010.0,1.0,17.0,256.0,614.0,0.0,0.0,2.0,1.0,0.0
2914,2010.0,1.0,17.0,257.0,614.0,0.0,0.0,2.0,1.0,0.0
2915,2010.0,1.0,17.0,258.0,614.0,0.0,0.0,2.0,1.0,0.0
2916,2010.0,1.0,17.0,259.0,614.0,0.0,0.0,2.0,1.0,0.0
2917,2010.0,1.0,17.0,260.0,614.0,0.0,0.0,2.0,1.0,0.0
2918,2010.0,1.0,17.0,261.0,614.0,0.0,0.0,2.0,1.0,0.0
2919,2010.0,1.0,17.0,262.0,614.0,0.0,0.0,2.0,1.0,0.0
2920,2010.0,1.0,17.0,263.0,614.0,0.0,0.0,2.0,1.0,0.0
2921,2010.0,1.0,17.0,264.0,614.0,0.0,0.0,2.0,1.0,0.0
2922,2010.0,1.0,17.0,265.0,614.0,0.0,0.0,2.0,1.0,0.0
2923,2010.0,1.0,17.0,266.0,614.0,0.0,0.0,2.0,1.0,0.0
2924,2010.0,1.0,17.0,267.0,614.0,0.0,0.0,2.0,1.0,0.0
2925,2010.0,1.0,17.0,268.0,614.0,0.0,0.0,2.0,1.0,0.0
2926,2010.0,1.0,17.0,269.0,614.0,0.0,0.0,2.0,1.0,0.0
2927,2010.0,1.0,17.0,270.0,614.0,0.0,0.0,2.0,1.0,0.0
2928,2010.0,1.0,17.0,271.0,614.0,0.0,0.0,2.0,1.0,0.0
2929,2010.0,1.0,17.0,272.0,614.0,0.0,0.0,2.0,1.0,0.0
2930,2010.0,1.0,17.0,273.0,614.0,0.0,0.0,2.0,1.0,0.0
2931,2010.0,1.0,17.0,274.0,614.0,0.0,0.0,2.0,1.0,0.0
2932,2010.0,1.0,17.0,275.0,614.0,0.0,0.0,2.0,1.0,0.0
2933,2010.0,1.0,17.0,276.0,614.0,0.0,0.0,2.0,1.0,0.0
2934,2010.0,1.0,17.0,277.0,614.0,0.0,0.0,2.0,1.0,0.0
2935,2010.0,1.0,17.0,278.0,614.0,0.0,0.0,2.0,1.0,0.0
2936,2010.0,1.0,17.0,279.0,614.0,0.0,0.0,2.0,1.0,0.0
2937,2010.0,1.0,17.0,280.0,614.0,0.0,0.0,2.0,1.0,0.0
2938,2010.0,1.0,17.0,281.0,614.0,0.0,0.0,2.0,1.0,0.0
2939,2010.0,1.0,17.0,282.0,614.0,0.0,0.0,2.0,1.0,0.0
2940,2010.0,1.0,17.0,283.0,614.0,0.0,0.0,2.0,1.0,0.0
2941,2010.0,1.0,17.0,284.0,614.0,0.0,0.0,2.0,1.0,0.0
2942,2010.0,1.0,17.0,285.0,614.0,0.0,0.0,2.0,1.0,0.0
2943,2010.0,1.0,17.0,286.0,614.0,0.0,0.0,2.0,1.0,0.0
2944,2010.0,1.0,17.0,287.0,614.0,0.0,0.0,2.0,1.0,0.0
2945,2010.0,1.0,17.0,288.0,614.0,0.0,0.0,2.0,1.0,0.0
2946,2010.0,1.0,17.0,289.0,614.0,0.0,0.0,2.0,1.0,0.0
2947,2010.0,1.0,17.0,290.0,614.0,0.0,0.0,2.0,1.0,0.0
2948,2010.0,1.0,17.0,291.0,614.0,0.0,0.0,2.0,1.0,0.0
2949,2010.0,1.0,17.0,292.0,614.0,0.0,0.0,2.0,1.0,0.0
2950,2010.0,1.0,17.0,293.0,614.0,0.0,0.0,2.0,1.0,0.0
2951,2010.0,1.0,17.0,294.0,614.0,0.0,0.0,2.0,1.0,0.0
2952,2010.0,1.0,17.0,295.0,614.0,0.0,0.0,2.0,1.0,0.0
2953,2010.0,1.0,17.0,296.0,614.0,0.0,0.0,2.0,1.0,0.0
2954,2010.0,1.0,17.0,297.0,614.0,0.0,0.0,2.0,1.0,0.0
2955,2010.0,1.0,17.0,298.0,614.0,0.0,0.0,2.0,1.0,0.0
2956,2010.0,1.0,17.0,299.0,614.0,0.0,0.0,2.0,1.0,0.0
2957,2010.0,1.0,17.0,300.0,614.0,0.0,0.0,2.0,1.0,0.0
2958,2010.0,1.0,17.0,301.0,614.0,0.0,0.0,2.0,1.0,0.0
2959,2010.0,1.0,17.0,302.0,614.0,0.0,0.0,2.0,1.0,0.0
2960,2010.0,1.0,17.0,303.0,614.0,0.0,0.0,2.0,1.0,0.0
2961,2010.0,1.0,17.0,304.0,614.0,0.0,0.0,2.0,1.0,0.0
2962,2010.0,1.0,17.0,305.0,614.0,0.0,0.0,2.0,1.0,0.0
2963,2010.0,1.0,17.0,306.0,614.0,0.0,0.0,2.0,1.0,0.0
2964,2010.0,1.0,17.0,307.0,614.0,0.0,0.0,2.0,1.0,0.0
2965,2010.0,1.0,17.0,308.0,614.0,0.0,0.0,2.0,1.0,0.0
2966,2010.0,1.0,17.0,309.0,614.0,0.0,0.0,2.0,1.0,0.0
2967,2010.0,1.0,17.0,310.0,614.0,0.0,0.0,2.0,1.0,0.0
2968,2010.0,1.0,17.0,311.0,614.0,0.0,0.0,2.0,1.0,0.0
2969,2010.0,1.0,17.0,312.0,614.0,0.0,0.0,2.0,1.0,0.0
2970,2010.0,1.0,17.0,313.0,614.0,0.0,0.0,2.0,1.0,0.0
2971,2010.0,1.0,17.0,314.0,614.0,0.0,0.0,2.0,1.0,0.0
2972,2010.0,1.0,17.0,315.0,614.0,0.0,0.0,2.0,1.0,0.0
2973,2010.0,1.0,17.0,316.0,614.0,0.0,0.0,2.0,1.0,0.0
2974,2010.0,1.0,17.0,317.0,614.0,0.0,0.0,2.0,1.0,0.0
2975,2010.0,1.0,17.0,318.0,614.0,0.0,0.0,2.0,1.0,0.0
2976,2010.0,1.0,17.0,319.0,614.0,0.0,0.0,2.0,1.0,0.0
2977,2010.0,1.0,17.0,320.0,614.0,0.0,0.0,2.0,1.0,0.0
2978,2010.0,1.0,17.0,321.0,614.0,0.0,0.0,2.0,1.0,0.0
2979,2010.0,1.0,17.0,322.0,614.0,0.0,0.0,2.0,1.0,0.0
2980,2010.0,1.0,17.0,323.0,614.0,0.0,0.0,2.0,1.0,0.0
2981,2010.0,1.0,17.0,324.0,614.0,0.0,0.0,2.0,1.0,0.0
2982,2010.0,1.0,17.0,325.0,614.0,0.0,0.0,2.0,1.0,0.0
2983,2010.0,1.0,17.0,326.0,614.0,0.0,0.0,2.0,1.0,0.0
2984,2010.0,1.0,17.0,327.0,614.0,0.0,0.0,2.0,1.0,0.0
2985,2010.0,1.0,17.0,328.0,614.0,0.0,0.0,2.0,1.0,0.0
2986,2010.0,1.0,17.0,329.0,614.0,0.0,0.0,2.0,1.0,0.0
2987,2010.0,1.0,17.0,330.0,614.0,0.0,0.0,2.0,1.0,0.0
2988,2010.0,1.0,17.0,331.0,614.0,0.0,0.0,2.0,1.0,0.0
2989,2010.0,1.0,17.0,332.0,614.0,0.0,0.0,2.0,1.0,0.0
2990,2010.0,1.0,17.0,333.0,614.0,0.0,0.0,2.0,1.0,0.0
2991,2010.0,1.0,17.0,334.0,614.0,0.0,0.0,2.0,1.0,0.0
2992,2010.0,1.0,17.0,335.0,614.0,0.0,0.0,2.0,1.0,0.0
2993,2010.0,1.0,17.0,336.0,614.0,0.0,0.0,2.0,1.0,0.0
2994,2010.0,1.0,17.0,337.0,614.0,0.0,0.0,2.0,1.0,0.0
2995,2010.0,1.0,17.0,338.0,614.0,0.0,0.0,2.0,1.0,0.0
2996,2010.0,1.0,17.0,339.0,614.0,0.0,0.0,2.0,1.0,0.0
2997,2010.0,1.0,17.0,340.0,614.0,0.0,0.0,2.0,1.0,0.0
2998,2010.0,1.0,17.0,341.0,614.0,0.0,0.0,2.0,1.0,0.0
2999,2010.0,1.0,17.0,342.0,614.0,0.0,0.0,2.0,1.0,0.0
3000,2010.0,1.0,17.0,343.0,614.0,0.0,0.0,2.0,1.0,0.0
3001,2010.0,1.0,17.0,344.0,614.0,0.0,0.0,2.0,1.0,0.0
3002,2010.0,1.0,17.0,345.0,614.0,0.0,0.0,2.0,1.0,0.0
3003,2010.0,1.0,17.0,346.0,614.0,0.0,0.0,2.0,1.0,0.0
3004,2010.0,1.0,17.0,347.0,614.0,0.0,0.0,2.0,1.0,0.0
3005,2010.0,1.0,17.0,348.0,614.0,0.0,0.0,2.0,1.0,0.0
3006,2010.0,1.0,17.0,349.0,614.0,0.0,0.0,2.0,1.0,0.0
3007,2010.0,1.0,17.0,350.0,614.0,0.0,0.0,2.0,1.0,0.0
3008,2010.0,1.0,17.0,351.0,614.0,0.0,0.0,2.0,1.0,0.0
3009,2010.0,1.0,17.0,352.0,614.0,0.0,0.0,2.0,1.0,0.0
3010,2010.0,1.0,17.0,353.0,614.0,0.0,0.0,2.0,1.0,0.0
3011,2010.0,1.0,17.0,354.0,614.0,0.0,0.0,2.0,1.0,0.0
3012,2010.0,1.0,17.0,355.0,614.0,0.0,0.0,2.0,1.0,0.0
3013,2010.0,1.0,17.0,356.0,614.0,0.0,0.0,2.0,1.0,0.0
3014,2010.0,1.0,17.0,357.0,614.0,0.0,0.0,2.0,1.0,0.0
3015,2010.0,1.0,17.0,358.0,614.0,0.0,0.0,2.0,1.0,0.0
3016,2010.0,1.0,17.0,359.0,614.0,0.0,0.0,2.0,1.0,0.0
3017,2010.0,1.0,17.0,360.0,614.0,0.0,0.0,2.0,1.0,0.0
3018,2010.0,1.0,17.0,361.0,614.0,0.0,0.0,2.0,1.0,0.0
3019,2010.0,1.0,17.0,362.0,614.0,0.0,0.0,2.0,1.0,0.0
3020,2010.0,1.0,17.0,363.0,614.0,0.0,0.0,2.0,1.0,0.0
3021,2010.0,1.0,17.0,364.0,614.0,0.0,0.0,2.0,1.0,0.0
3022,2010.0,1.0,17.0,365.0,614.0,0.0,0.0,2.0,1.0,0.0
3023,2010.0,1.0,17.0,366.0,614.0,0.0,0.0,2.0,1.0,0.0
3024,2010.0,1.0,17.0,367.0,614.0,0.0,0.0,2.0,1.0,0.0
3025,2010.0,1.0,17.0,368.0,614.0,0.0,0.0,2.0,1.0,0.0
3026,2010.0,1.0,17.0,369.0,614.0,0.0,0.0,2.0,1.0,0.0
3027,2010.0,1.0,17.0,370.0,614.0,0.0,0.0,2.0,1.0,0.0
3028,2010.0,1.0,17.0,371.0,614.0,0.0,0.0,2.0,1.0,0.0
3029,2010.0,1.0,17.0,372.0,614.0,0.0,0.0,2.0,1.0,0.0
3030,2010.0,1.0,17.0,373.0,614.0,0.0,0.0,2.0,1.0,0.0
3031,2010.0,1.0,17.0,374.0,614.0,0.0,0.0,2.0,1.0,0.0
3032,2010.0,1.0,17.0,375.0,614.0,0.0,0.0,2.0,1.0,0.0
3033,2010.0,1.0,17.0,376.0,614.0,0.0,0.0,2.0,1.0,0.0
3034,2010.0,1.0,17.0,377.0,614.0,0.0,0.0,2.0,1.0,0.0
3035,2010.0,1.0,17.0,378.0,614.0,0.0,0.0,2.0,1.0,0.0
3036,2010.0,1.0,17.0,379.0,614.0,0.0,0.0,2.0,1.0,0.0
3037,2010.0,1.0,17.0,380.0,614.0,0.0,0.0,2.0,1.0,0.0
3038,2010.0,1.0,17.0,381.0,614.0,0.0,0.0,2.0,1.0,0.0
3039,2010.0,1.0,17.0,382.0,614.0,0.0,0.0,2.0,1.0,0.0
3040,2010.0,1.0,17.0,383.0,614.0,0.0,0.0,2.0,1.0,0.0
3041,2010.0,1.0,17.0,384.0,614.0,0.0,0.0,2.0,1.0,0.0
3042,2010.0,1.0,17.0,385.0,614.0,0.0,0.0,2.0,1.0,0.0
3043,2010.0,1.0,17.0,386.0,614.0,0.0,0.0,2.0,1.0,0.0
3044,2010.0,1.0,17.0,387.0,614.0,0.0,0.0,2.0,1.0,0.0
3045,2010.0,1.0,17.0,388.0,614.0,0.0,0.0,2.0,1.0,0.0
3046,2010.0,1.0,17.0,389.0,614.0,0.0,0.0,2.0,1.0,0.0
3047,2010.0,1.0,17.0,390.0,614.0,0.0,0.0,2.0,1.0,0.0
3048,2010.0,1.0,17.0,391.0,614.0,0.0,0.0,2.0,1.0,0.0
3049,2010.0,1.0,17.0,392.0,614.0,0.0,0.0,2.0,1.0,0.0
3050,2010.0,1.0,17.0,393.0,614.0,0.0,0.0,2.0,1.0,0.0
3051,2010.0,1.0,17.0,394.0,614.0,0.0,0.0,2.0,1.0,0.0
3052,2010.0,1.0,17.0,395.0,614.0,0.0,0.0,2.0,1.0,0.0
3053,2010.0,1.0,17.0,396.0,614.0,0.0,0.0,2.0,1.0,0.0
3054,2010.0,1.0,17.0,397.0,614.0,0.0,0.0,2.0,1.0,0.0
3055,2010.0,1.0,17.0,398.0,614.0,0.0,0.0,2.0,1.0,0.0
3056,2010.0,1.0,17.0,399.0,614.0,0.0,0.0,2.0,1.0,0.0
3057,2010.0,1.0,17.0,400.0,614.0,0.0,0.0,2.0,1.0,0.0
3058,2010.0,1.0,17.0,401.0,614.0,0.0,0.0,2.0,1.0,0.0
3059,2010.0,1.0,17.0,402.0,614.0,0.0,0.0,2.0,1.0,0.0
3060,2010.0,1.0,17.0,403.0,614.0,0.0,0.0,2.0,1.0,0.0
3061,2010.0,1.0,17.0,404.0,614.0,0.0,0.0,2.0,1.0,0.0
3062,2010.0,1.0,17.0,405.0,614.0,0.0,0.0,2.0,1.0,0.0
3063,2010.0,1.0,17.0,406.0,614.0,0.0,0.0,2.0,1.0,0.0
3064,2010.0,1.0,17.0,407.0,614.0,0.0,0.0,2.0,1.0,0.0
3065,2010.0,1.0,17.0,408.0,614.0,0.0,0.0,2.0,1.0,0.0
3066,2010.0,1.0,17.0,409.0,614.0,0.0,0.0,2.0,1.0,0.0
3067,2010.0,1.0,17.0,410.0,614.0,0.0,0.0,2.0,1.0,0.0
3068,2010.0,1.0,17.0,411.0,614.0,0.0,0.0,2.0,1.0,0.0
3069,2010.0,1.0,17.0,412.0,614.0,0.0,0.0,2.0,1.0,0.0
3070,2010.0,1.0,17.0,413.0,614.0,0.0,0.0,2.0,1.0,0.0
3071,2010.0,1.0,17.0,414.0,614.0,0.0,0.0,2.0,1.0,0.0
3072,2010.0,1.0,17.0,415.0,614.0,0.0,0.0,2.0,1.0,0.0
3073,2010.0,1.0,17.0,416.0,614.0,0.0,0.0,2.0,1.0,0.0
3074,2010.0,1.0,17.0,417.0,614.0,0.0,0.0,2.0,1.0,0.0
3075,2010.0,1.0,17.0,418.0,614.0,0.0,0.0,2.0,1.0,0.0
3076,2010.0,1.0,17.0,419.0,614.0,0.0,0.0,2.0,1.0,0.0
3077,2010.0,1.0,17.0,420.0,614.0,0.0,0.0,2.0,1.0,0.0
3078,2010.0,1.0,17.0,421.0,989.0,0.0,0.0,2.0,1.0,0.0
3079,2010.0,2.0,6.0,1.0,598.0,0.0,0.0,2.0,1.0,0.0
3080,2010.0,2.0,6.0,2.0,598.0,0.0,0.0,2.0,1.0,0.0
3081,2010.0,2.0,6.0,3.0,598.0,0.0,0.0,2.0,1.0,0.0
3082,2010.0,2.0,6.0,4.0,598.0,0.0,0.0,2.0,1.0,0.0
3083,2010.0,2.0,6.0,5.0,598.0,0.0,0.0,2.0,1.0,0.0
3084,2010.0,2.0,6.0,6.0,598.0,0.0,0.0,2.0,1.0,0.0
3085,2010.0,2.0,6.0,7.0,598.0,0.0,0.0,2.0,1.0,0.0
3086,2010.0,2.0,6.0,8.0,598.0,0.0,0.0,2.0,1.0,0.0
3087,2010.0,2.0,6.0,9.0,598.0,0.0,0.0,2.0,1.0,0.0
3088,2010.0,2.0,6.0,10.0,598.0,0.0,0.0,2.0,1.0,0.0
3089,2010.0,2.0,6.0,11.0,598.0,0.0,0.0,2.0,1.0,0.0
3090,2010.0,2.0,6.0,12.0,598.0,0.0,0.0,2.0,1.0,0.0
3091,2010.0,2.0,6.0,13.0,598.0,0.0,0.0,2.0,1.0,0.0
3092,2010.0,2.0,6.0,14.0,598.0,0.0,0.0,2.0,1.0,0.0
3093,2010.0,2.0,6.0,15.0,598.0,0.0,0.0,2.0,1.0,0.0
3094,2010.0,2.0,6.0,16.0,598.0,0.0,0.0,2.0,1.0,0.0
3095,2010.0,2.0,6.0,17.0,598.0,0.0,0.0,2.0,1.0,0.0
3096,2010.0,2.0,6.0,18.0,598.0,0.0,0.0,2.0,1.0,0.0
3097,2010.0,2.0,6.0,19.0,598.0,0.0,0.0,2.0,1.0,0.0
3098,2010.0,2.0,6.0,20.0,598.0,0.0,0.0,2.0,1.0,0.0
3099,2010.0,2.0,6.0,21.0,598.0,0.0,0.0,2.0,1.0,0.0
3100,2010.0,2.0,6.0,22.0,598.0,0.0,0.0,2.0,1.0,0.0
3101,2010.0,2.0,6.0,23.0,598.0,0.0,0.0,2.0,1.0,0.0
3102,2010.0,2.0,6.0,24.0,598.0,0.0,0.0,2.0,1.0,0.0
3103,2010.0,2.0,6.0,25.0,598.0,0.0,0.0,2.0,1.0,0.0
3104,2010.0,2.0,6.0,26.0,598.0,0.0,0.0,2.0,1.0,0.0
3105,2010.0,2.0,6.0,27.0,598.0,0.0,0.0,2.0,1.0,0.0
3106,2010.0,2.0,6.0,28.0,598.0,0.0,0.0,2.0,1.0,0.0
3107,2010.0,2.0,6.0,29.0,598.0,0.0,0.0,2.0,1.0,0.0
3108,2010.0,2.0,6.0,30.0,598.0,0.0,0.0,2.0,1.0,0.0
3109,2010.0,2.0,6.0,31.0,598.0,0.0,0.0,2.0,1.0,0.0
3110,2010.0,2.0,6.0,32.0,598.0,0.0,0.0,2.0,1.0,0.0
3111,2010.0,2.0,6.0,33.0,598.0,0.0,0.0,2.0,1.0,0.0
3112,2010.0,2.0,6.0,34.0,598.0,0.0,0.0,2.0,1.0,0.0
3113,2010.0,2.0,6.0,35.0,598.0,0.0,0.0,2.0,1.0,0.0
3114,2010.0,2.0,6.0,36.0,598.0,0.0,0.0,2.0,1.0,0.0
3115,2010.0,2.0,6.0,37.0,598.0,0.0,0.0,2.0,1.0,0.0
3116,2010.0,2.0,6.0,38.0,598.0,0.0,0.0,2.0,1.0,0.0
3117,2010.0,2.0,6.0,39.0,598.0,0.0,0.0,2.0,1.0,0.0
3118,2010.0,2.0,6.0,40.0,598.0,0.0,0.0,2.0,1.0,0.0
3119,2010.0,2.0,6.0,41.0,598.0,0.0,0.0,2.0,1.0,0.0
3120,2010.0,2.0,6.0,42.0,598.0,0.0,0.0,2.0,1.0,0.0
3121,2010.0,2.0,6.0,43.0,598.0,0.0,0.0,2.0,1.0,0.0
3122,2010.0,2.0,6.0,44.0,598.0,0.0,0.0,2.0,1.0,0.0
3123,2010.0,2.0,6.0,45.0,598.0,0.0,0.0,2.0,1.0,0.0
3124,2010.0,2.0,6.0,46.0,598.0,0.0,0.0,2.0,1.0,0.0
3125,2010.0,2.0,6.0,47.0,598.0,0.0,0.0,2.0,1.0,0.0
3126,2010.0,2.0,6.0,48.0,598.0,0.0,0.0,2.0,1.0,0.0
3127,2010.0,2.0,6.0,49.0,598.0,0.0,0.0,2.0,1.0,0.0
3128,2010.0,2.0,6.0,50.0,598.0,0.0,0.0,2.0,1.0,0.0
3129,2010.0,2.0,6.0,51.0,598.0,0.0,0.0,2.0,1.0,0.0
3130,2010.0,2.0,6.0,52.0,598.0,0.0,0.0,2.0,1.0,0.0
3131,2010.0,2.0,6.0,53.0,598.0,0.0,0.0,2.0,1.0,0.0
3132,2010.0,2.0,6.0,54.0,598.0,0.0,0.0,2.0,1.0,0.0
3133,2010.0,2.0,6.0,55.0,598.0,0.0,0.0,2.0,1.0,0.0
3134,2010.0,2.0,6.0,56.0,598.0,0.0,0.0,2.0,1.0,0.0
3135,2010.0,2.0,6.0,57.0,598.0,0.0,0.0,2.0,1.0,0.0
3136,2010.0,2.0,6.0,58.0,598.0,0.0,0.0,2.0,1.0,0.0
3137,2010.0,2.0,6.0,59.0,598.0,0.0,0.0,2.0,1.0,0.0
3138,2010.0,2.0,6.0,60.0,598.0,0.0,0.0,2.0,1.0,0.0
3139,2010.0,2.0,6.0,61.0,598.0,0.0,0.0,2.0,1.0,0.0
3140,2010.0,2.0,6.0,62.0,598.0,0.0,0.0,2.0,1.0,0.0
3141,2010.0,2.0,6.0,63.0,598.0,0.0,0.0,2.0,1.0,0.0
3142,2010.0,2.0,6.0,64.0,598.0,0.0,0.0,2.0,1.0,0.0
3143,2010.0,2.0,6.0,65.0,598.0,0.0,0.0,2.0,1.0,0.0
3144,2010.0,2.0,6.0,66.0,598.0,0.0,0.0,2.0,1.0,0.0
3145,2010.0,2.0,6.0,67.0,598.0,0.0,0.0,2.0,1.0,0.0
3146,2010.0,2.0,6.0,68.0,598.0,0.0,0.0,2.0,1.0,0.0
3147,2010.0,2.0,6.0,69.0,598.0,0.0,0.0,2.0,1.0,0.0
3148,2010.0,2.0,6.0,70.0,598.0,0.0,0.0,2.0,1.0,0.0
3149,2010.0,2.0,6.0,71.0,598.0,0.0,0.0,2.0,1.0,0.0
3150,2010.0,2.0,6.0,72.0,598.0,0.0,0.0,2.0,1.0,0.0
3151,2010.0,2.0,6.0,73.0,598.0,0.0,0.0,2.0,1.0,0.0
3152,2010.0,2.0,6.0,74.0,598.0,0.0,0.0,2.0,1.0,0.0
3153,2010.0,2.0,6.0,75.0,598.0,0.0,0.0,2.0,1.0,0.0
3154,2010.0,2.0,6.0,76.0,598.0,0.0,0.0,2.0,1.0,0.0
3155,2010.0,2.0,6.0,77.0,598.0,0.0,0.0,2.0,1.0,0.0
3156,2010.0,2.0,6.0,78.0,598.0,0.0,0.0,2.0,1.0,0.0
3157,2010.0,2.0,6.0,79.0,598.0,0.0,0.0,2.0,1.0,0.0
3158,2010.0,2.0,6.0,80.0,598.0,0.0,0.0,2.0,1.0,0.0
3159,2010.0,2.0,6.0,81.0,598.0,0.0,0.0,2.0,1.0,0.0
3160,2010.0,2.0,6.0,82.0,598.0,0.0,0.0,2.0,1.0,0.0
3161,2010.0,2.0,6.0,83.0,598.0,0.0,0.0,2.0,1.0,0.0
3162,2010.0,2.0,6.0,84.0,598.0,0.0,0.0,2.0,1.0,0.0
3163,2010.0,2.0,6.0,85.0,598.0,0.0,0.0,2.0,1.0,0.0
3164,2010.0,2.0,6.0,86.0,598.0,0.0,0.0,2.0,1.0,0.0
3165,2010.0,2.0,6.0,87.0,598.0,0.0,0.0,2.0,1.0,0.0
3166,2010.0,2.0,6.0,88.0,598.0,0.0,0.0,2.0,1.0,0.0
3167,2010.0,2.0,6.0,89.0,598.0,0.0,0.0,2.0,1.0,0.0
3168,2010.0,2.0,6.0,90.0,598.0,0.0,0.0,2.0,1.0,0.0
3169,2010.0,2.0,6.0,91.0,598.0,0.0,0.0,2.0,1.0,0.0
3170,2010.0,2.0,6.0,92.0,598.0,0.0,0.0,2.0,1.0,0.0
3171,2010.0,2.0,6.0,93.0,598.0,0.0,0.0,2.0,1.0,0.0
3172,2010.0,2.0,6.0,94.0,598.0,0.0,0.0,2.0,1.0,0.0
3173,2010.0,2.0,6.0,95.0,598.0,0.0,0.0,2.0,1.0,0.0
3174,2010.0,2.0,6.0,96.0,598.0,0.0,0.0,2.0,1.0,0.0
3175,2010.0,2.0,6.0,97.0,598.0,0.0,0.0,2.0,1.0,0.0
3176,2010.0,2.0,6.0,98.0,598.0,0.0,0.0,2.0,1.0,0.0
3177,2010.0,2.0,6.0,99.0,598.0,0.0,0.0,2.0,1.0,0.0
3178,2010.0,2.0,6.0,100.0,598.0,0.0,0.0,2.0,1.0,0.0
3179,2010.0,2.0,6.0,101.0,598.0,0.0,0.0,2.0,1.0,0.0
3180,2010.0,2.0,6.0,102.0,598.0,0.0,0.0,2.0,1.0,0.0
3181,2010.0,2.0,6.0,103.0,598.0,0.0,0.0,2.0,1.0,0.0
3182,2010.0,2.0,6.0,104.0,598.0,0.0,0.0,2.0,1.0,0.0
3183,2010.0,2.0,6.0,105.0,598.0,0.0,0.0,2.0,1.0,0.0
3184,2010.0,2.0,6.0,106.0,598.0,0.0,0.0,2.0,1.0,0.0
3185,2010.0,2.0,6.0,107.0,598.0,0.0,0.0,2.0,1.0,0.0
3186,2010.0,2.0,6.0,108.0,598.0,0.0,0.0,2.0,1.0,0.0
3187,2010.0,2.0,6.0,109.0,598.0,0.0,0.0,2.0,1.0,0.0
3188,2010.0,2.0,6.0,110.0,598.0,0.0,0.0,2.0,1.0,0.0
3189,2010.0,2.0,6.0,111.0,598.0,0.0,0.0,2.0,1.0,0.0
3190,2010.0,2.0,6.0,112.0,598.0,0.0,0.0,2.0,1.0,0.0
3191,2010.0,2.0,6.0,113.0,598.0,0.0,0.0,2.0,1.0,0.0
3192,2010.0,2.0,6.0,114.0,598.0,0.0,0.0,2.0,1.0,0.0
3193,2010.0,2.0,6.0,115.0,598.0,0.0,0.0,2.0,1.0,0.0
3194,2010.0,2.0,6.0,116.0,598.0,0.0,0.0,2.0,1.0,0.0
3195,2010.0,2.0,6.0,117.0,598.0,0.0,0.0,2.0,1.0,0.0
3196,2010.0,2.0,6.0,118.0,598.0,0.0,0.0,2.0,1.0,0.0
3197,2010.0,2.0,6.0,119.0,598.0,0.0,0.0,2.0,1.0,0.0
3198,2010.0,2.0,6.0,120.0,598.0,0.0,0.0,2.0,1.0,0.0
3199,2010.0,2.0,6.0,121.0,598.0,0.0,0.0,2.0,1.0,0.0
3200,2010.0,2.0,6.0,122.0,598.0,0.0,0.0,2.0,1.0,0.0
3201,2010.0,2.0,6.0,123.0,636.0,0.0,0.0,2.0,1.0,0.0
3202,2011.0,1.0,1.0,1.0,1000.0,1.0,1.0,1.0,1.0,1.0
3203,2011.0,1.0,2.0,1.0,1000.0,1.0,1.0,1.0,1.0,1.0
3204,2011.0,1.0,61.8,2.0,955.0,0.0,0.0,1.0,1.0,0.0
3205,2011.0,1.0,61.8,3.0,955.0,0.0,0.0,1.0,1.0,0.0
3206,2011.0,1.0,61.8,4.0,955.0,0.0,0.0,1.0,1.0,0.0
3207,2011.0,1.0,61.8,5.0,955.0,0.0,0.0,1.0,1.0,0.0
3208,2011.0,1.0,61.8,6.0,955.0,0.0,0.0,1.0,1.0,0.0
3209,2011.0,1.0,61.8,7.0,955.0,0.0,0.0,1.0,1.0,0.0
3210,2011.0,1.0,61.8,8.0,955.0,0.0,0.0,1.0,1.0,0.0
3211,2011.0,1.0,61.8,9.0,955.0,0.0,0.0,1.0,1.0,0.0
3212,2011.0,1.0,61.8,10.0,955.0,0.0,0.0,1.0,1.0,0.0
3213,2011.0,1.0,61.8,11.0,955.0,0.0,0.0,1.0,1.0,0.0
3214,2011.0,1.0,61.8,12.0,955.0,0.0,0.0,1.0,1.0,0.0
3215,2011.0,1.0,61.8,13.0,955.0,0.0,0.0,1.0,1.0,0.0
3216,2011.0,1.0,61.8,14.0,955.0,0.0,0.0,1.0,1.0,0.0
3217,2011.0,1.0,61.8,15.0,955.0,0.0,0.0,1.0,1.0,0.0
3218,2011.0,1.0,61.8,16.0,955.0,0.0,0.0,1.0,1.0,0.0
3219,2011.0,1.0,61.8,17.0,955.0,0.0,0.0,1.0,1.0,0.0
3220,2011.0,1.0,61.8,18.0,955.0,0.0,0.0,1.0,1.0,0.0
3221,2011.0,1.0,61.8,19.0,955.0,0.0,0.0,1.0,1.0,0.0
3222,2011.0,1.0,61.8,20.0,955.0,0.0,0.0,1.0,1.0,0.0
3223,2011.0,1.0,61.8,21.0,955.0,0.0,0.0,1.0,1.0,0.0
3224,2011.0,1.0,61.8,22.0,955.0,0.0,0.0,1.0,1.0,0.0
3225,2011.0,1.0,61.8,23.0,955.0,0.0,0.0,1.0,1.0,0.0
3226,2011.0,1.0,61.8,24.0,955.0,0.0,0.0,1.0,1.0,0.0
3227,2011.0,1.0,61.8,25.0,955.0,0.0,0.0,1.0,1.0,0.0
3228,2011.0,1.0,61.8,26.0,955.0,0.0,0.0,1.0,1.0,0.0
3229,2011.0,1.0,61.8,27.0,955.0,0.0,0.0,1.0,1.0,0.0
3230,2011.0,1.0,61.8,28.0,955.0,0.0,0.0,1.0,1.0,0.0
3231,2011.0,1.0,61.8,29.0,955.0,0.0,0.0,1.0,1.0,0.0
3232,2011.0,1.0,61.8,30.0,955.0,0.0,0.0,1.0,1.0,0.0
3233,2011.0,1.0,61.8,31.0,955.0,0.0,0.0,1.0,1.0,0.0
3234,2011.0,1.0,61.8,32.0,955.0,0.0,0.0,1.0,1.0,0.0
3235,2011.0,1.0,61.8,33.0,955.0,0.0,0.0,1.0,1.0,0.0
3236,2011.0,1.0,61.8,34.0,955.0,0.0,0.0,1.0,1.0,0.0
3237,2011.0,1.0,61.8,35.0,955.0,0.0,0.0,1.0,1.0,0.0
3238,2011.0,1.0,61.8,36.0,955.0,0.0,0.0,1.0,1.0,0.0
3239,2011.0,1.0,61.8,37.0,955.0,0.0,0.0,1.0,1.0,0.0
3240,2011.0,1.0,61.8,38.0,955.0,0.0,0.0,1.0,1.0,0.0
3241,2011.0,1.0,61.8,39.0,955.0,0.0,0.0,1.0,1.0,0.0
3242,2011.0,1.0,61.8,40.0,955.0,0.0,0.0,1.0,1.0,0.0
3243,2011.0,1.0,61.8,41.0,955.0,0.0,0.0,1.0,1.0,0.0
3244,2011.0,1.0,61.8,42.0,955.0,0.0,0.0,1.0,1.0,0.0
3245,2011.0,1.0,61.8,43.0,955.0,0.0,0.0,1.0,1.0,0.0
3246,2011.0,1.0,61.8,44.0,955.0,0.0,0.0,1.0,1.0,0.0
3247,2011.0,1.0,61.8,45.0,955.0,0.0,0.0,1.0,1.0,0.0
3248,2011.0,1.0,61.8,46.0,955.0,0.0,0.0,1.0,1.0,0.0
3249,2011.0,1.0,61.8,47.0,955.0,0.0,0.0,1.0,1.0,0.0
3250,2011.0,1.0,61.8,48.0,955.0,0.0,0.0,1.0,1.0,0.0
3251,2011.0,1.0,61.8,49.0,955.0,0.0,0.0,1.0,1.0,0.0
3252,2011.0,1.0,61.8,50.0,955.0,0.0,0.0,1.0,1.0,0.0
3253,2011.0,1.0,61.8,51.0,955.0,0.0,0.0,1.0,1.0,0.0
3254,2011.0,1.0,61.8,52.0,955.0,0.0,0.0,1.0,1.0,0.0
3255,2011.0,1.0,61.8,53.0,955.0,0.0,0.0,1.0,1.0,0.0
3256,2011.0,1.0,61.8,54.0,955.0,0.0,0.0,1.0,1.0,0.0
3257,2011.0,1.0,61.8,55.0,955.0,0.0,0.0,1.0,1.0,0.0
3258,2011.0,1.0,61.8,56.0,955.0,0.0,0.0,1.0,1.0,0.0
3259,2011.0,1.0,61.8,57.0,955.0,0.0,0.0,1.0,1.0,0.0
3260,2011.0,1.0,61.8,58.0,955.0,0.0,0.0,1.0,1.0,0.0
3261,2011.0,1.0,61.8,59.0,955.0,0.0,0.0,1.0,1.0,0.0
3262,2011.0,1.0,61.8,60.0,955.0,0.0,0.0,1.0,1.0,0.0
3263,2011.0,1.0,61.8,61.0,955.0,0.0,0.0,1.0,1.0,0.0
3264,2011.0,1.0,61.8,62.0,955.0,0.0,0.0,1.0,1.0,0.0
3265,2011.0,1.0,61.8,63.0,955.0,0.0,0.0,1.0,1.0,0.0
3266,2011.0,1.0,61.8,64.0,955.0,0.0,0.0,1.0,1.0,0.0
3267,2011.0,1.0,61.8,65.0,955.0,0.0,0.0,1.0,1.0,0.0
3268,2011.0,1.0,61.8,66.0,955.0,0.0,0.0,1.0,1.0,0.0
3269,2011.0,1.0,61.8,67.0,955.0,0.0,0.0,1.0,1.0,0.0
3270,2011.0,1.0,61.8,68.0,955.0,0.0,0.0,1.0,1.0,0.0
3271,2011.0,1.0,61.8,69.0,955.0,0.0,0.0,1.0,1.0,0.0
3272,2011.0,1.0,61.8,70.0,955.0,0.0,0.0,1.0,1.0,0.0
3273,2011.0,1.0,61.8,71.0,955.0,0.0,0.0,1.0,1.0,0.0
3274,2011.0,1.0,61.8,72.0,955.0,0.0,0.0,1.0,1.0,0.0
3275,2011.0,1.0,61.8,73.0,955.0,0.0,0.0,1.0,1.0,0.0
3276,2011.0,1.0,61.8,74.0,955.0,0.0,0.0,1.0,1.0,0.0
3277,2011.0,1.0,61.8,75.0,955.0,0.0,0.0,1.0,1.0,0.0
3278,2011.0,1.0,61.8,76.0,955.0,0.0,0.0,1.0,1.0,0.0
3279,2011.0,1.0,61.8,77.0,955.0,0.0,0.0,1.0,1.0,0.0
3280,2011.0,1.0,61.8,78.0,955.0,0.0,0.0,1.0,1.0,0.0
3281,2011.0,1.0,61.8,79.0,955.0,0.0,0.0,1.0,1.0,0.0
3282,2011.0,1.0,61.8,80.0,955.0,0.0,0.0,1.0,1.0,0.0
3283,2011.0,1.0,61.8,81.0,955.0,0.0,0.0,1.0,1.0,0.0
3284,2011.0,1.0,61.8,82.0,955.0,0.0,0.0,1.0,1.0,0.0
3285,2011.0,1.0,61.8,83.0,955.0,0.0,0.0,1.0,1.0,0.0
3286,2011.0,1.0,61.8,84.0,955.0,0.0,0.0,1.0,1.0,0.0
3287,2011.0,1.0,61.8,85.0,955.0,0.0,0.0,1.0,1.0,0.0
3288,2011.0,1.0,61.8,86.0,955.0,0.0,0.0,1.0,1.0,0.0
3289,2011.0,1.0,61.8,87.0,955.0,0.0,0.0,1.0,1.0,0.0
3290,2011.0,1.0,61.8,88.0,955.0,0.0,0.0,1.0,1.0,0.0
3291,2011.0,1.0,61.8,89.0,955.0,0.0,0.0,1.0,1.0,0.0
3292,2011.0,1.0,61.8,90.0,955.0,0.0,0.0,1.0,1.0,0.0
3293,2011.0,1.0,61.8,91.0,955.0,0.0,0.0,1.0,1.0,0.0
3294,2011.0,1.0,61.8,92.0,955.0,0.0,0.0,1.0,1.0,0.0
3295,2011.0,1.0,61.8,93.0,955.0,0.0,0.0,1.0,1.0,0.0
3296,2011.0,1.0,61.8,94.0,955.0,0.0,0.0,1.0,1.0,0.0
3297,2011.0,1.0,61.8,95.0,955.0,0.0,0.0,1.0,1.0,0.0
3298,2011.0,1.0,61.8,96.0,955.0,0.0,0.0,1.0,1.0,0.0
3299,2011.0,1.0,61.8,97.0,955.0,0.0,0.0,1.0,1.0,0.0
3300,2011.0,1.0,61.8,98.0,955.0,0.0,0.0,1.0,1.0,0.0
3301,2011.0,1.0,61.8,99.0,955.0,0.0,0.0,1.0,1.0,0.0
3302,2011.0,1.0,61.8,100.0,955.0,0.0,0.0,1.0,1.0,0.0
3303,2011.0,1.0,61.8,101.0,955.0,0.0,0.0,1.0,1.0,0.0
3304,2011.0,1.0,61.8,102.0,955.0,0.0,0.0,1.0,1.0,0.0
3305,2011.0,1.0,61.8,103.0,955.0,0.0,0.0,1.0,1.0,0.0
3306,2011.0,1.0,61.8,104.0,955.0,0.0,0.0,1.0,1.0,0.0
3307,2011.0,1.0,61.8,105.0,955.0,0.0,0.0,1.0,1.0,0.0
3308,2011.0,1.0,61.8,106.0,955.0,0.0,0.0,1.0,1.0,0.0
3309,2011.0,1.0,61.8,107.0,955.0,0.0,0.0,1.0,1.0,0.0
3310,2011.0,1.0,61.8,108.0,955.0,0.0,0.0,1.0,1.0,0.0
3311,2011.0,1.0,61.8,109.0,955.0,0.0,0.0,1.0,1.0,0.0
3312,2011.0,1.0,61.8,110.0,955.0,0.0,0.0,1.0,1.0,0.0
3313,2011.0,1.0,61.8,111.0,955.0,0.0,0.0,1.0,1.0,0.0
3314,2011.0,1.0,61.8,112.0,955.0,0.0,0.0,1.0,1.0,0.0
3315,2011.0,1.0,61.8,113.0,955.0,0.0,0.0,1.0,1.0,0.0
3316,2011.0,1.0,61.8,114.0,955.0,0.0,0.0,1.0,1.0,0.0
3317,2011.0,1.0,61.8,115.0,955.0,0.0,0.0,1.0,1.0,0.0
3318,2011.0,1.0,61.8,116.0,955.0,0.0,0.0,1.0,1.0,0.0
3319,2011.0,1.0,61.8,117.0,955.0,0.0,0.0,1.0,1.0,0.0
3320,2011.0,1.0,61.8,118.0,955.0,0.0,0.0,1.0,1.0,0.0
3321,2011.0,1.0,61.8,119.0,955.0,0.0,0.0,1.0,1.0,0.0
3322,2011.0,1.0,61.8,120.0,955.0,0.0,0.0,1.0,1.0,0.0
3323,2011.0,1.0,61.8,121.0,955.0,0.0,0.0,1.0,1.0,0.0
3324,2011.0,1.0,61.8,122.0,955.0,0.0,0.0,1.0,1.0,0.0
3325,2011.0,1.0,61.8,123.0,955.0,0.0,0.0,1.0,1.0,0.0
3326,2011.0,1.0,61.8,124.0,955.0,0.0,0.0,1.0,1.0,0.0
3327,2011.0,1.0,61.8,125.0,955.0,0.0,0.0,1.0,1.0,0.0
3328,2011.0,1.0,61.8,126.0,955.0,0.0,0.0,1.0,1.0,0.0
3329,2011.0,1.0,61.8,127.0,955.0,0.0,0.0,1.0,1.0,0.0
3330,2011.0,1.0,61.8,128.0,955.0,0.0,0.0,1.0,1.0,0.0
3331,2011.0,1.0,61.8,129.0,955.0,0.0,0.0,1.0,1.0,0.0
3332,2011.0,1.0,61.8,130.0,955.0,0.0,0.0,1.0,1.0,0.0
3333,2011.0,1.0,61.8,131.0,955.0,0.0,0.0,1.0,1.0,0.0
3334,2011.0,1.0,61.8,132.0,955.0,0.0,0.0,1.0,1.0,0.0
3335,2011.0,1.0,61.8,133.0,955.0,0.0,0.0,1.0,1.0,0.0
3336,2011.0,1.0,61.8,134.0,955.0,0.0,0.0,1.0,1.0,0.0
3337,2011.0,1.0,61.8,135.0,955.0,0.0,0.0,1.0,1.0,0.0
3338,2011.0,1.0,61.8,136.0,955.0,0.0,0.0,1.0,1.0,0.0
3339,2011.0,1.0,61.8,137.0,955.0,0.0,0.0,1.0,1.0,0.0
3340,2011.0,1.0,61.8,138.0,955.0,0.0,0.0,1.0,1.0,0.0
3341,2011.0,1.0,61.8,139.0,955.0,0.0,0.0,1.0,1.0,0.0
3342,2011.0,1.0,61.8,140.0,955.0,0.0,0.0,1.0,1.0,0.0
3343,2011.0,1.0,61.8,141.0,955.0,0.0,0.0,1.0,1.0,0.0
3344,2011.0,1.0,61.8,142.0,955.0,0.0,0.0,1.0,1.0,0.0
3345,2011.0,1.0,61.8,143.0,955.0,0.0,0.0,1.0,1.0,0.0
3346,2011.0,1.0,61.8,144.0,955.0,0.0,0.0,1.0,1.0,0.0
3347,2011.0,1.0,61.8,145.0,955.0,0.0,0.0,1.0,1.0,0.0
3348,2011.0,1.0,61.8,146.0,955.0,0.0,0.0,1.0,1.0,0.0
3349,2011.0,1.0,61.8,147.0,955.0,0.0,0.0,1.0,1.0,0.0
3350,2011.0,1.0,61.8,148.0,955.0,0.0,0.0,1.0,1.0,0.0
3351,2011.0,1.0,61.8,149.0,955.0,0.0,0.0,1.0,1.0,0.0
3352,2011.0,1.0,61.8,150.0,955.0,0.0,0.0,1.0,1.0,0.0
3353,2011.0,1.0,61.8,151.0,955.0,0.0,0.0,1.0,1.0,0.0
3354,2011.0,1.0,61.8,152.0,955.0,0.0,0.0,1.0,1.0,0.0
3355,2011.0,1.0,61.8,153.0,955.0,0.0,0.0,1.0,1.0,0.0
3356,2011.0,1.0,61.8,154.0,955.0,0.0,0.0,1.0,1.0,0.0
3357,2011.0,1.0,61.8,155.0,955.0,0.0,0.0,1.0,1.0,0.0
3358,2011.0,1.0,61.8,156.0,955.0,0.0,0.0,1.0,1.0,0.0
3359,2011.0,1.0,61.8,157.0,955.0,0.0,0.0,1.0,1.0,0.0
3360,2011.0,1.0,61.8,158.0,955.0,0.0,0.0,1.0,1.0,0.0
3361,2011.0,1.0,61.8,159.0,955.0,0.0,0.0,1.0,1.0,0.0
3362,2011.0,1.0,61.8,160.0,955.0,0.0,0.0,1.0,1.0,0.0
3363,2011.0,1.0,61.8,161.0,955.0,0.0,0.0,1.0,1.0,0.0
3364,2011.0,1.0,61.8,162.0,955.0,0.0,0.0,1.0,1.0,0.0
3365,2011.0,1.0,61.8,163.0,955.0,0.0,0.0,1.0,1.0,0.0
3366,2011.0,1.0,61.8,164.0,955.0,0.0,0.0,1.0,1.0,0.0
3367,2011.0,1.0,61.8,165.0,955.0,0.0,0.0,1.0,1.0,0.0
3368,2011.0,1.0,61.8,166.0,955.0,0.0,0.0,1.0,1.0,0.0
3369,2011.0,1.0,61.8,167.0,955.0,0.0,0.0,1.0,1.0,0.0
3370,2011.0,1.0,61.8,168.0,955.0,0.0,0.0,1.0,1.0,0.0
3371,2011.0,1.0,61.8,169.0,955.0,0.0,0.0,1.0,1.0,0.0
3372,2011.0,1.0,61.8,170.0,955.0,0.0,0.0,1.0,1.0,0.0
3373,2011.0,1.0,61.8,171.0,955.0,0.0,0.0,1.0,1.0,0.0
3374,2011.0,1.0,61.8,172.0,955.0,0.0,0.0,1.0,1.0,0.0
3375,2011.0,1.0,61.8,173.0,955.0,0.0,0.0,1.0,1.0,0.0
3376,2011.0,1.0,61.8,174.0,955.0,0.0,0.0,1.0,1.0,0.0
3377,2011.0,1.0,61.8,175.0,955.0,0.0,0.0,1.0,1.0,0.0
3378,2011.0,1.0,61.8,176.0,955.0,0.0,0.0,1.0,1.0,0.0
3379,2011.0,1.0,61.8,177.0,955.0,0.0,0.0,1.0,1.0,0.0
3380,2011.0,1.0,61.8,178.0,955.0,0.0,0.0,1.0,1.0,0.0
3381,2011.0,1.0,61.8,179.0,955.0,0.0,0.0,1.0,1.0,0.0
3382,2011.0,1.0,61.8,180.0,955.0,0.0,0.0,1.0,1.0,0.0
3383,2011.0,1.0,61.8,181.0,955.0,0.0,0.0,1.0,1.0,0.0
3384,2011.0,1.0,61.8,182.0,955.0,0.0,0.0,1.0,1.0,0.0
3385,2011.0,1.0,61.8,183.0,955.0,0.0,0.0,1.0,1.0,0.0
3386,2011.0,1.0,61.8,184.0,955.0,0.0,0.0,1.0,1.0,0.0
3387,2011.0,1.0,61.8,185.0,955.0,0.0,0.0,1.0,1.0,0.0
3388,2011.0,1.0,61.8,186.0,955.0,0.0,0.0,1.0,1.0,0.0
3389,2011.0,1.0,61.8,187.0,955.0,0.0,0.0,1.0,1.0,0.0
3390,2011.0,1.0,61.8,188.0,955.0,0.0,0.0,1.0,1.0,0.0
3391,2011.0,1.0,61.8,189.0,955.0,0.0,0.0,1.0,1.0,0.0
3392,2011.0,1.0,61.8,190.0,955.0,0.0,0.0,1.0,1.0,0.0
3393,2011.0,1.0,61.8,191.0,955.0,0.0,0.0,1.0,1.0,0.0
3394,2011.0,1.0,61.8,192.0,955.0,0.0,0.0,1.0,1.0,0.0
3395,2011.0,1.0,61.8,193.0,955.0,0.0,0.0,1.0,1.0,0.0
3396,2011.0,1.0,61.8,194.0,955.0,0.0,0.0,1.0,1.0,0.0
3397,2011.0,1.0,61.8,195.0,955.0,0.0,0.0,1.0,1.0,0.0
3398,2011.0,1.0,61.8,196.0,955.0,0.0,0.0,1.0,1.0,0.0
3399,2011.0,1.0,61.8,197.0,955.0,0.0,0.0,1.0,1.0,0.0
3400,2011.0,1.0,61.8,198.0,955.0,0.0,0.0,1.0,1.0,0.0
3401,2011.0,1.0,61.8,199.0,955.0,0.0,0.0,1.0,1.0,0.0
3402,2011.0,1.0,61.8,200.0,955.0,0.0,0.0,1.0,1.0,0.0
3403,2011.0,1.0,61.8,201.0,955.0,0.0,0.0,1.0,1.0,0.0
3404,2011.0,1.0,61.8,202.0,955.0,0.0,0.0,1.0,1.0,0.0
3405,2011.0,1.0,61.8,203.0,955.0,0.0,0.0,1.0,1.0,0.0
3406,2011.0,1.0,61.8,204.0,955.0,0.0,0.0,1.0,1.0,0.0
3407,2011.0,1.0,61.8,205.0,955.0,0.0,0.0,1.0,1.0,0.0
3408,2011.0,1.0,61.8,206.0,955.0,0.0,0.0,1.0,1.0,0.0
3409,2011.0,1.0,61.8,207.0,955.0,0.0,0.0,1.0,1.0,0.0
3410,2011.0,1.0,61.8,208.0,955.0,0.0,0.0,1.0,1.0,0.0
3411,2011.0,1.0,61.8,209.0,955.0,0.0,0.0,1.0,1.0,0.0
3412,2011.0,1.0,61.8,210.0,955.0,0.0,0.0,1.0,1.0,0.0
3413,2011.0,1.0,61.8,211.0,955.0,0.0,0.0,1.0,1.0,0.0
3414,2011.0,1.0,61.8,212.0,955.0,0.0,0.0,1.0,1.0,0.0
3415,2011.0,1.0,61.8,213.0,955.0,0.0,0.0,1.0,1.0,0.0
3416,2011.0,1.0,61.8,214.0,955.0,0.0,0.0,1.0,1.0,0.0
3417,2011.0,1.0,61.8,215.0,955.0,0.0,0.0,1.0,1.0,0.0
3418,2011.0,1.0,61.8,216.0,955.0,0.0,0.0,1.0,1.0,0.0
3419,2011.0,1.0,61.8,217.0,955.0,0.0,0.0,1.0,1.0,0.0
3420,2011.0,1.0,61.8,218.0,955.0,0.0,0.0,1.0,1.0,0.0
3421,2011.0,1.0,61.8,219.0,955.0,0.0,0.0,1.0,1.0,0.0
3422,2011.0,1.0,61.8,220.0,955.0,0.0,0.0,1.0,1.0,0.0
3423,2011.0,1.0,61.8,221.0,955.0,0.0,0.0,1.0,1.0,0.0
3424,2011.0,1.0,61.8,222.0,955.0,0.0,0.0,1.0,1.0,0.0
3425,2011.0,1.0,61.8,223.0,955.0,0.0,0.0,1.0,1.0,0.0
3426,2011.0,1.0,61.8,224.0,955.0,0.0,0.0,1.0,1.0,0.0
3427,2011.0,1.0,61.8,225.0,955.0,0.0,0.0,1.0,1.0,0.0
3428,2011.0,1.0,61.8,226.0,955.0,0.0,0.0,1.0,1.0,0.0
3429,2011.0,1.0,61.8,227.0,955.0,0.0,0.0,1.0,1.0,0.0
3430,2011.0,1.0,61.8,228.0,955.0,0.0,0.0,1.0,1.0,0.0
3431,2011.0,1.0,61.8,229.0,955.0,0.0,0.0,1.0,1.0,0.0
3432,2011.0,1.0,61.8,230.0,955.0,0.0,0.0,1.0,1.0,0.0
3433,2011.0,1.0,61.8,231.0,955.0,0.0,0.0,1.0,1.0,0.0
3434,2011.0,1.0,61.8,232.0,955.0,0.0,0.0,1.0,1.0,0.0
3435,2011.0,1.0,61.8,233.0,955.0,0.0,0.0,1.0,1.0,0.0
3436,2011.0,1.0,61.8,234.0,955.0,0.0,0.0,1.0,1.0,0.0
3437,2011.0,1.0,61.8,235.0,955.0,0.0,0.0,1.0,1.0,0.0
3438,2011.0,1.0,61.8,236.0,955.0,0.0,0.0,1.0,1.0,0.0
3439,2011.0,1.0,61.8,237.0,955.0,0.0,0.0,1.0,1.0,0.0
3440,2011.0,1.0,61.8,238.0,955.0,0.0,0.0,1.0,1.0,0.0
3441,2011.0,1.0,61.8,239.0,955.0,0.0,0.0,1.0,1.0,0.0
3442,2011.0,1.0,61.8,240.0,955.0,0.0,0.0,1.0,1.0,0.0
3443,2011.0,1.0,61.8,241.0,955.0,0.0,0.0,1.0,1.0,0.0
3444,2011.0,1.0,61.8,242.0,955.0,0.0,0.0,1.0,1.0,0.0
3445,2011.0,1.0,61.8,243.0,955.0,0.0,0.0,1.0,1.0,0.0
3446,2011.0,1.0,61.8,244.0,955.0,0.0,0.0,1.0,1.0,0.0
3447,2011.0,1.0,61.8,245.0,955.0,0.0,0.0,1.0,1.0,0.0
3448,2011.0,1.0,61.8,246.0,955.0,0.0,0.0,1.0,1.0,0.0
3449,2011.0,1.0,61.8,247.0,955.0,0.0,0.0,1.0,1.0,0.0
3450,2011.0,1.0,61.8,248.0,955.0,0.0,0.0,1.0,1.0,0.0
3451,2011.0,1.0,61.8,249.0,955.0,0.0,0.0,1.0,1.0,0.0
3452,2011.0,1.0,61.8,250.0,955.0,0.0,0.0,1.0,1.0,0.0
3453,2011.0,1.0,61.8,251.0,955.0,0.0,0.0,1.0,1.0,0.0
3454,2011.0,1.0,61.8,252.0,955.0,0.0,0.0,1.0,1.0,0.0
3455,2011.0,1.0,61.8,253.0,955.0,0.0,0.0,1.0,1.0,0.0
3456,2011.0,1.0,61.8,254.0,955.0,0.0,0.0,1.0,1.0,0.0
3457,2011.0,1.0,61.8,255.0,955.0,0.0,0.0,1.0,1.0,0.0
3458,2011.0,1.0,61.8,256.0,955.0,0.0,0.0,1.0,1.0,0.0
3459,2011.0,1.0,61.8,257.0,955.0,0.0,0.0,1.0,1.0,0.0
3460,2011.0,1.0,61.8,258.0,955.0,0.0,0.0,1.0,1.0,0.0
3461,2011.0,1.0,61.8,259.0,955.0,0.0,0.0,1.0,1.0,0.0
3462,2011.0,1.0,61.8,260.0,955.0,0.0,0.0,1.0,1.0,0.0
3463,2011.0,1.0,61.8,261.0,955.0,0.0,0.0,1.0,1.0,0.0
3464,2011.0,1.0,61.8,262.0,955.0,0.0,0.0,1.0,1.0,0.0
3465,2011.0,1.0,61.8,263.0,955.0,0.0,0.0,1.0,1.0,0.0
3466,2011.0,1.0,61.8,264.0,955.0,0.0,0.0,1.0,1.0,0.0
3467,2011.0,1.0,61.8,265.0,955.0,0.0,0.0,1.0,1.0,0.0
3468,2011.0,1.0,61.8,266.0,955.0,0.0,0.0,1.0,1.0,0.0
3469,2011.0,1.0,61.8,267.0,955.0,0.0,0.0,1.0,1.0,0.0
3470,2011.0,1.0,61.8,268.0,955.0,0.0,0.0,1.0,1.0,0.0
3471,2011.0,1.0,61.8,269.0,955.0,0.0,0.0,1.0,1.0,0.0
3472,2011.0,1.0,61.8,270.0,955.0,0.0,0.0,1.0,1.0,0.0
3473,2011.0,1.0,61.8,271.0,955.0,0.0,0.0,1.0,1.0,0.0
3474,2011.0,1.0,61.8,272.0,955.0,0.0,0.0,1.0,1.0,0.0
3475,2011.0,1.0,61.8,273.0,955.0,0.0,0.0,1.0,1.0,0.0
3476,2011.0,1.0,61.8,274.0,955.0,0.0,0.0,1.0,1.0,0.0
3477,2011.0,1.0,61.8,275.0,955.0,0.0,0.0,1.0,1.0,0.0
3478,2011.0,1.0,61.8,276.0,955.0,0.0,0.0,1.0,1.0,0.0
3479,2011.0,1.0,61.8,277.0,955.0,0.0,0.0,1.0,1.0,0.0
3480,2011.0,1.0,61.8,278.0,955.0,0.0,0.0,1.0,1.0,0.0
3481,2011.0,1.0,61.8,279.0,955.0,0.0,0.0,1.0,1.0,0.0
3482,2011.0,1.0,61.8,280.0,955.0,0.0,0.0,1.0,1.0,0.0
3483,2011.0,1.0,61.8,281.0,955.0,0.0,0.0,1.0,1.0,0.0
3484,2011.0,1.0,61.8,282.0,955.0,0.0,0.0,1.0,1.0,0.0
3485,2011.0,1.0,61.8,283.0,955.0,0.0,0.0,1.0,1.0,0.0
3486,2011.0,1.0,61.8,284.0,955.0,0.0,0.0,1.0,1.0,0.0
3487,2011.0,1.0,61.8,285.0,955.0,0.0,0.0,1.0,1.0,0.0
3488,2011.0,1.0,61.8,286.0,955.0,0.0,0.0,1.0,1.0,0.0
3489,2011.0,1.0,61.8,287.0,955.0,0.0,0.0,1.0,1.0,0.0
3490,2011.0,1.0,61.8,288.0,955.0,0.0,0.0,1.0,1.0,0.0
3491,2011.0,1.0,61.8,289.0,955.0,0.0,0.0,1.0,1.0,0.0
3492,2011.0,1.0,61.8,290.0,955.0,0.0,0.0,1.0,1.0,0.0
3493,2011.0,1.0,61.8,291.0,955.0,0.0,0.0,1.0,1.0,0.0
3494,2011.0,1.0,61.8,292.0,955.0,0.0,0.0,1.0,1.0,0.0
3495,2011.0,1.0,61.8,293.0,955.0,0.0,0.0,1.0,1.0,0.0
3496,2011.0,1.0,61.8,294.0,955.0,0.0,0.0,1.0,1.0,0.0
3497,2011.0,1.0,61.8,295.0,955.0,0.0,0.0,1.0,1.0,0.0
3498,2011.0,1.0,61.8,296.0,955.0,0.0,0.0,1.0,1.0,0.0
3499,2011.0,1.0,61.8,297.0,955.0,0.0,0.0,1.0,1.0,0.0
3500,2011.0,1.0,61.8,298.0,955.0,0.0,0.0,1.0,1.0,0.0
3501,2011.0,1.0,61.8,299.0,955.0,0.0,0.0,1.0,1.0,0.0
3502,2011.0,1.0,61.8,300.0,955.0,0.0,0.0,1.0,1.0,0.0
3503,2011.0,1.0,61.8,301.0,955.0,0.0,0.0,1.0,1.0,0.0
3504,2011.0,1.0,61.8,302.0,955.0,0.0,0.0,1.0,1.0,0.0
3505,2011.0,1.0,61.8,303.0,955.0,0.0,0.0,1.0,1.0,0.0
3506,2011.0,1.0,61.8,304.0,955.0,0.0,0.0,1.0,1.0,0.0
3507,2011.0,1.0,61.8,305.0,955.0,0.0,0.0,1.0,1.0,0.0
3508,2011.0,1.0,61.8,306.0,955.0,0.0,0.0,1.0,1.0,0.0
3509,2011.0,1.0,61.8,307.0,955.0,0.0,0.0,1.0,1.0,0.0
3510,2011.0,1.0,61.8,308.0,955.0,0.0,0.0,1.0,1.0,0.0
3511,2011.0,1.0,61.8,309.0,955.0,0.0,0.0,1.0,1.0,0.0
3512,2011.0,1.0,61.8,310.0,955.0,0.0,0.0,1.0,1.0,0.0
3513,2011.0,1.0,61.8,311.0,955.0,0.0,0.0,1.0,1.0,0.0
3514,2011.0,1.0,61.8,312.0,955.0,0.0,0.0,1.0,1.0,0.0
3515,2011.0,1.0,61.8,313.0,955.0,0.0,0.0,1.0,1.0,0.0
3516,2011.0,1.0,61.8,314.0,955.0,0.0,0.0,1.0,1.0,0.0
3517,2011.0,1.0,61.8,315.0,955.0,0.0,0.0,1.0,1.0,0.0
3518,2011.0,1.0,61.8,316.0,955.0,0.0,0.0,1.0,1.0,0.0
3519,2011.0,1.0,61.8,317.0,955.0,0.0,0.0,1.0,1.0,0.0
3520,2011.0,1.0,61.8,318.0,955.0,0.0,0.0,1.0,1.0,0.0
3521,2011.0,1.0,61.8,319.0,955.0,0.0,0.0,1.0,1.0,0.0
3522,2011.0,1.0,61.8,320.0,955.0,0.0,0.0,1.0,1.0,0.0
3523,2011.0,1.0,61.8,321.0,955.0,0.0,0.0,1.0,1.0,0.0
3524,2011.0,1.0,61.8,322.0,955.0,0.0,0.0,1.0,1.0,0.0
3525,2011.0,1.0,61.8,323.0,955.0,0.0,0.0,1.0,1.0,0.0
3526,2011.0,1.0,61.8,324.0,955.0,0.0,0.0,1.0,1.0,0.0
3527,2011.0,1.0,61.8,325.0,955.0,0.0,0.0,1.0,1.0,0.0
3528,2011.0,1.0,61.8,326.0,955.0,0.0,0.0,1.0,1.0,0.0
3529,2011.0,1.0,61.8,327.0,955.0,0.0,0.0,1.0,1.0,0.0
3530,2011.0,1.0,61.8,328.0,955.0,0.0,0.0,1.0,1.0,0.0
3531,2011.0,1.0,61.8,329.0,955.0,0.0,0.0,1.0,1.0,0.0
3532,2011.0,1.0,61.8,330.0,955.0,0.0,0.0,1.0,1.0,0.0
3533,2011.0,1.0,61.8,331.0,955.0,0.0,0.0,1.0,1.0,0.0
3534,2011.0,1.0,61.8,332.0,955.0,0.0,0.0,1.0,1.0,0.0
3535,2011.0,1.0,61.8,333.0,955.0,0.0,0.0,1.0,1.0,0.0
3536,2011.0,1.0,61.8,334.0,955.0,0.0,0.0,1.0,1.0,0.0
3537,2011.0,1.0,61.8,335.0,955.0,0.0,0.0,1.0,1.0,0.0
3538,2011.0,1.0,61.8,336.0,955.0,0.0,0.0,1.0,1.0,0.0
3539,2011.0,1.0,61.8,337.0,955.0,0.0,0.0,1.0,1.0,0.0
3540,2011.0,1.0,61.8,338.0,955.0,0.0,0.0,1.0,1.0,0.0
3541,2011.0,1.0,61.8,339.0,955.0,0.0,0.0,1.0,1.0,0.0
3542,2011.0,1.0,61.8,340.0,955.0,0.0,0.0,1.0,1.0,0.0
3543,2011.0,1.0,61.8,341.0,955.0,0.0,0.0,1.0,1.0,0.0
3544,2011.0,1.0,61.8,342.0,955.0,0.0,0.0,1.0,1.0,0.0
3545,2011.0,1.0,61.8,343.0,955.0,0.0,0.0,1.0,1.0,0.0
3546,2011.0,1.0,61.8,344.0,955.0,0.0,0.0,1.0,1.0,0.0
3547,2011.0,1.0,61.8,345.0,955.0,0.0,0.0,1.0,1.0,0.0
3548,2011.0,1.0,61.8,346.0,955.0,0.0,0.0,1.0,1.0,0.0
3549,2011.0,1.0,61.8,347.0,955.0,0.0,0.0,1.0,1.0,0.0
3550,2011.0,1.0,61.8,348.0,955.0,0.0,0.0,1.0,1.0,0.0
3551,2011.0,1.0,61.8,349.0,955.0,0.0,0.0,1.0,1.0,0.0
3552,2011.0,1.0,61.8,350.0,955.0,0.0,0.0,1.0,1.0,0.0
3553,2011.0,1.0,61.8,351.0,955.0,0.0,0.0,1.0,1.0,0.0
3554,2011.0,1.0,61.8,352.0,955.0,0.0,0.0,1.0,1.0,0.0
3555,2011.0,1.0,61.8,353.0,955.0,0.0,0.0,1.0,1.0,0.0
3556,2011.0,1.0,61.8,354.0,955.0,0.0,0.0,1.0,1.0,0.0
3557,2011.0,1.0,61.8,355.0,955.0,0.0,0.0,1.0,1.0,0.0
3558,2011.0,1.0,61.8,356.0,955.0,0.0,0.0,1.0,1.0,0.0
3559,2011.0,1.0,61.8,357.0,955.0,0.0,0.0,1.0,1.0,0.0
3560,2011.0,1.0,61.8,358.0,955.0,0.0,0.0,1.0,1.0,0.0
3561,2011.0,1.0,61.8,359.0,955.0,0.0,0.0,1.0,1.0,0.0
3562,2011.0,1.0,61.8,360.0,955.0,0.0,0.0,1.0,1.0,0.0
3563,2011.0,1.0,61.8,361.0,955.0,0.0,0.0,1.0,1.0,0.0
3564,2011.0,1.0,61.8,362.0,955.0,0.0,0.0,1.0,1.0,0.0
3565,2011.0,1.0,61.8,363.0,955.0,0.0,0.0,1.0,1.0,0.0
3566,2011.0,1.0,61.8,364.0,955.0,0.0,0.0,1.0,1.0,0.0
3567,2011.0,1.0,61.8,365.0,955.0,0.0,0.0,1.0,1.0,0.0
3568,2011.0,1.0,61.8,366.0,955.0,0.0,0.0,1.0,1.0,0.0
3569,2011.0,1.0,61.8,367.0,955.0,0.0,0.0,1.0,1.0,0.0
3570,2011.0,1.0,61.8,368.0,955.0,0.0,0.0,1.0,1.0,0.0
3571,2011.0,1.0,61.8,369.0,955.0,0.0,0.0,1.0,1.0,0.0
3572,2011.0,1.0,61.8,370.0,955.0,0.0,0.0,1.0,1.0,0.0
3573,2011.0,1.0,61.8,371.0,955.0,0.0,0.0,1.0,1.0,0.0
3574,2011.0,1.0,61.8,372.0,955.0,0.0,0.0,1.0,1.0,0.0
3575,2011.0,1.0,61.8,373.0,955.0,0.0,0.0,1.0,1.0,0.0
3576,2011.0,1.0,61.8,374.0,955.0,0.0,0.0,1.0,1.0,0.0
3577,2011.0,1.0,61.8,375.0,955.0,0.0,0.0,1.0,1.0,0.0
3578,2011.0,1.0,61.8,376.0,955.0,0.0,0.0,1.0,1.0,0.0
3579,2011.0,1.0,61.8,377.0,955.0,0.0,0.0,1.0,1.0,0.0
3580,2011.0,1.0,61.8,378.0,955.0,0.0,0.0,1.0,1.0,0.0
3581,2011.0,1.0,61.8,379.0,955.0,0.0,0.0,1.0,1.0,0.0
3582,2011.0,1.0,61.8,380.0,955.0,0.0,0.0,1.0,1.0,0.0
3583,2011.0,1.0,61.8,381.0,955.0,0.0,0.0,1.0,1.0,0.0
3584,2011.0,1.0,61.8,382.0,955.0,0.0,0.0,1.0,1.0,0.0
3585,2011.0,1.0,61.8,383.0,955.0,0.0,0.0,1.0,1.0,0.0
3586,2011.0,1.0,61.8,384.0,955.0,0.0,0.0,1.0,1.0,0.0
3587,2011.0,1.0,61.8,385.0,955.0,0.0,0.0,1.0,1.0,0.0
3588,2011.0,1.0,61.8,386.0,955.0,0.0,0.0,1.0,1.0,0.0
3589,2011.0,1.0,61.8,387.0,955.0,0.0,0.0,1.0,1.0,0.0
3590,2011.0,1.0,61.8,388.0,955.0,0.0,0.0,1.0,1.0,0.0
3591,2011.0,1.0,61.8,389.0,955.0,0.0,0.0,1.0,1.0,0.0
3592,2011.0,1.0,61.8,390.0,955.0,0.0,0.0,1.0,1.0,0.0
3593,2011.0,1.0,61.8,391.0,955.0,0.0,0.0,1.0,1.0,0.0
3594,2011.0,1.0,61.8,392.0,955.0,0.0,0.0,1.0,1.0,0.0
3595,2011.0,1.0,61.8,393.0,955.0,0.0,0.0,1.0,1.0,0.0
3596,2011.0,1.0,61.8,394.0,955.0,0.0,0.0,1.0,1.0,0.0
3597,2011.0,1.0,61.8,395.0,955.0,0.0,0.0,1.0,1.0,0.0
3598,2011.0,1.0,61.8,396.0,955.0,0.0,0.0,1.0,1.0,0.0
3599,2011.0,1.0,61.8,397.0,955.0,0.0,0.0,1.0,1.0,0.0
3600,2011.0,1.0,61.8,398.0,955.0,0.0,0.0,1.0,1.0,0.0
3601,2011.0,1.0,61.8,399.0,955.0,0.0,0.0,1.0,1.0,0.0
3602,2011.0,1.0,61.8,400.0,955.0,0.0,0.0,1.0,1.0,0.0
3603,2011.0,1.0,61.8,401.0,955.0,0.0,0.0,1.0,1.0,0.0
3604,2011.0,1.0,61.8,402.0,955.0,0.0,0.0,1.0,1.0,0.0
3605,2011.0,1.0,61.8,403.0,955.0,0.0,0.0,1.0,1.0,0.0
3606,2011.0,1.0,61.8,404.0,955.0,0.0,0.0,1.0,1.0,0.0
3607,2011.0,1.0,61.8,405.0,955.0,0.0,0.0,1.0,1.0,0.0
3608,2011.0,1.0,61.8,406.0,955.0,0.0,0.0,1.0,1.0,0.0
3609,2011.0,1.0,61.8,407.0,955.0,0.0,0.0,1.0,1.0,0.0
3610,2011.0,1.0,61.8,408.0,955.0,0.0,0.0,1.0,1.0,0.0
3611,2011.0,1.0,61.8,409.0,955.0,0.0,0.0,1.0,1.0,0.0
3612,2011.0,1.0,61.8,410.0,955.0,0.0,0.0,1.0,1.0,0.0
3613,2011.0,1.0,61.8,411.0,955.0,0.0,0.0,1.0,1.0,0.0
3614,2011.0,1.0,61.8,412.0,955.0,0.0,0.0,1.0,1.0,0.0
3615,2011.0,1.0,61.8,413.0,955.0,0.0,0.0,1.0,1.0,0.0
3616,2011.0,1.0,61.8,414.0,955.0,0.0,0.0,1.0,1.0,0.0
3617,2011.0,1.0,61.8,415.0,955.0,0.0,0.0,1.0,1.0,0.0
3618,2011.0,1.0,61.8,416.0,955.0,0.0,0.0,1.0,1.0,0.0
3619,2011.0,1.0,61.8,417.0,955.0,0.0,0.0,1.0,1.0,0.0
3620,2011.0,1.0,61.8,418.0,955.0,0.0,0.0,1.0,1.0,0.0
3621,2011.0,1.0,61.8,419.0,955.0,0.0,0.0,1.0,1.0,0.0
3622,2011.0,1.0,61.8,420.0,955.0,0.0,0.0,1.0,1.0,0.0
3623,2011.0,1.0,61.8,421.0,955.0,0.0,0.0,1.0,1.0,0.0
3624,2011.0,1.0,61.8,422.0,955.0,0.0,0.0,1.0,1.0,0.0
3625,2011.0,1.0,61.8,423.0,955.0,0.0,0.0,1.0,1.0,0.0
3626,2011.0,1.0,61.8,424.0,955.0,0.0,0.0,1.0,1.0,0.0
3627,2011.0,1.0,61.8,425.0,955.0,0.0,0.0,1.0,1.0,0.0
3628,2011.0,1.0,61.8,426.0,955.0,0.0,0.0,1.0,1.0,0.0
3629,2011.0,1.0,61.8,427.0,955.0,0.0,0.0,1.0,1.0,0.0
3630,2011.0,1.0,61.8,428.0,955.0,0.0,0.0,1.0,1.0,0.0
3631,2011.0,1.0,61.8,429.0,955.0,0.0,0.0,1.0,1.0,0.0
3632,2011.0,1.0,61.8,430.0,955.0,0.0,0.0,1.0,1.0,0.0
3633,2011.0,1.0,61.8,431.0,955.0,0.0,0.0,1.0,1.0,0.0
3634,2011.0,1.0,61.8,432.0,955.0,0.0,0.0,1.0,1.0,0.0
3635,2011.0,1.0,61.8,433.0,955.0,0.0,0.0,1.0,1.0,0.0
3636,2011.0,1.0,61.8,434.0,955.0,0.0,0.0,1.0,1.0,0.0
3637,2011.0,1.0,61.8,435.0,955.0,0.0,0.0,1.0,1.0,0.0
3638,2011.0,1.0,61.8,436.0,955.0,0.0,0.0,1.0,1.0,0.0
3639,2011.0,1.0,61.8,437.0,955.0,0.0,0.0,1.0,1.0,0.0
3640,2011.0,1.0,61.8,438.0,955.0,0.0,0.0,1.0,1.0,0.0
3641,2011.0,1.0,61.8,439.0,955.0,0.0,0.0,1.0,1.0,0.0
3642,2011.0,1.0,61.8,440.0,955.0,0.0,0.0,1.0,1.0,0.0
3643,2011.0,1.0,61.8,441.0,955.0,0.0,0.0,1.0,1.0,0.0
3644,2011.0,1.0,61.8,442.0,955.0,0.0,0.0,1.0,1.0,0.0
3645,2011.0,1.0,61.8,443.0,955.0,0.0,0.0,1.0,1.0,0.0
3646,2011.0,1.0,61.8,444.0,955.0,0.0,0.0,1.0,1.0,0.0
3647,2011.0,1.0,61.8,445.0,955.0,0.0,0.0,1.0,1.0,0.0
3648,2011.0,1.0,61.8,446.0,955.0,0.0,0.0,1.0,1.0,0.0
3649,2011.0,1.0,61.8,447.0,955.0,0.0,0.0,1.0,1.0,0.0
3650,2011.0,1.0,61.8,448.0,955.0,0.0,0.0,1.0,1.0,0.0
3651,2011.0,1.0,61.8,449.0,955.0,0.0,0.0,1.0,1.0,0.0
3652,2011.0,1.0,61.8,450.0,955.0,0.0,0.0,1.0,1.0,0.0
3653,2011.0,1.0,61.8,451.0,955.0,0.0,0.0,1.0,1.0,0.0
3654,2011.0,1.0,61.8,452.0,955.0,0.0,0.0,1.0,1.0,0.0
3655,2011.0,1.0,61.8,453.0,955.0,0.0,0.0,1.0,1.0,0.0
3656,2011.0,1.0,61.8,454.0,955.0,0.0,0.0,1.0,1.0,0.0
3657,2011.0,1.0,61.8,455.0,955.0,0.0,0.0,1.0,1.0,0.0
3658,2011.0,1.0,61.8,456.0,955.0,0.0,0.0,1.0,1.0,0.0
3659,2011.0,1.0,61.8,457.0,955.0,0.0,0.0,1.0,1.0,0.0
3660,2011.0,1.0,61.8,458.0,955.0,0.0,0.0,1.0,1.0,0.0
3661,2011.0,1.0,61.8,459.0,955.0,0.0,0.0,1.0,1.0,0.0
3662,2011.0,1.0,61.8,460.0,955.0,0.0,0.0,1.0,1.0,0.0
3663,2011.0,1.0,61.8,461.0,955.0,0.0,0.0,1.0,1.0,0.0
3664,2011.0,1.0,61.8,462.0,955.0,0.0,0.0,1.0,1.0,0.0
3665,2011.0,1.0,61.8,463.0,955.0,0.0,0.0,1.0,1.0,0.0
3666,2011.0,1.0,61.8,464.0,955.0,0.0,0.0,1.0,1.0,0.0
3667,2011.0,1.0,61.8,465.0,955.0,0.0,0.0,1.0,1.0,0.0
3668,2011.0,1.0,61.8,466.0,955.0,0.0,0.0,1.0,1.0,0.0
3669,2011.0,1.0,61.8,467.0,955.0,0.0,0.0,1.0,1.0,0.0
3670,2011.0,1.0,61.8,468.0,955.0,0.0,0.0,1.0,1.0,0.0
3671,2011.0,1.0,61.8,469.0,955.0,0.0,0.0,1.0,1.0,0.0
3672,2011.0,1.0,61.8,470.0,955.0,0.0,0.0,1.0,1.0,0.0
3673,2011.0,1.0,61.8,471.0,955.0,0.0,0.0,1.0,1.0,0.0
3674,2011.0,1.0,61.8,472.0,955.0,0.0,0.0,1.0,1.0,0.0
3675,2011.0,1.0,61.8,473.0,955.0,0.0,0.0,1.0,1.0,0.0
3676,2011.0,1.0,61.8,474.0,955.0,0.0,0.0,1.0,1.0,0.0
3677,2011.0,1.0,61.8,475.0,955.0,0.0,0.0,1.0,1.0,0.0
3678,2011.0,1.0,61.8,476.0,955.0,0.0,0.0,1.0,1.0,0.0
3679,2011.0,1.0,61.8,477.0,955.0,0.0,0.0,1.0,1.0,0.0
3680,2011.0,1.0,61.8,478.0,955.0,0.0,0.0,1.0,1.0,0.0
3681,2011.0,1.0,61.8,479.0,955.0,0.0,0.0,1.0,1.0,0.0
3682,2011.0,1.0,61.8,480.0,955.0,0.0,0.0,1.0,1.0,0.0
3683,2011.0,1.0,61.8,481.0,955.0,0.0,0.0,1.0,1.0,0.0
3684,2011.0,1.0,61.8,482.0,955.0,0.0,0.0,1.0,1.0,0.0
3685,2011.0,1.0,61.8,483.0,955.0,0.0,0.0,1.0,1.0,0.0
3686,2011.0,1.0,61.8,484.0,955.0,0.0,0.0,1.0,1.0,0.0
3687,2011.0,1.0,61.8,485.0,955.0,0.0,0.0,1.0,1.0,0.0
3688,2011.0,1.0,61.8,486.0,955.0,0.0,0.0,1.0,1.0,0.0
3689,2011.0,1.0,61.8,487.0,955.0,0.0,0.0,1.0,1.0,0.0
3690,2011.0,1.0,61.8,488.0,955.0,0.0,0.0,1.0,1.0,0.0
3691,2011.0,1.0,61.8,489.0,955.0,0.0,0.0,1.0,1.0,0.0
3692,2011.0,1.0,61.8,490.0,955.0,0.0,0.0,1.0,1.0,0.0
3693,2011.0,1.0,61.8,491.0,955.0,0.0,0.0,1.0,1.0,0.0
3694,2011.0,1.0,61.8,492.0,955.0,0.0,0.0,1.0,1.0,0.0
3695,2011.0,1.0,61.8,493.0,955.0,0.0,0.0,1.0,1.0,0.0
3696,2011.0,1.0,61.8,494.0,955.0,0.0,0.0,1.0,1.0,0.0
3697,2011.0,1.0,61.8,495.0,955.0,0.0,0.0,1.0,1.0,0.0
3698,2011.0,1.0,61.8,496.0,955.0,0.0,0.0,1.0,1.0,0.0
3699,2011.0,1.0,61.8,497.0,955.0,0.0,0.0,1.0,1.0,0.0
3700,2011.0,1.0,61.8,498.0,955.0,0.0,0.0,1.0,1.0,0.0
3701,2011.0,1.0,61.8,499.0,955.0,0.0,0.0,1.0,1.0,0.0
3702,2011.0,1.0,61.8,500.0,955.0,0.0,0.0,1.0,1.0,0.0
3703,2011.0,1.0,61.8,501.0,955.0,0.0,0.0,1.0,1.0,0.0
3704,2011.0,1.0,61.8,502.0,955.0,0.0,0.0,1.0,1.0,0.0
3705,2011.0,1.0,61.8,503.0,955.0,0.0,0.0,1.0,1.0,0.0
3706,2011.0,1.0,61.8,504.0,955.0,0.0,0.0,1.0,1.0,0.0
3707,2011.0,1.0,61.8,505.0,955.0,0.0,0.0,1.0,1.0,0.0
3708,2011.0,1.0,61.8,506.0,955.0,0.0,0.0,1.0,1.0,0.0
3709,2011.0,1.0,61.8,507.0,955.0,0.0,0.0,1.0,1.0,0.0
3710,2011.0,1.0,61.8,508.0,955.0,0.0,0.0,1.0,1.0,0.0
3711,2011.0,1.0,61.8,509.0,955.0,0.0,0.0,1.0,1.0,0.0
3712,2011.0,1.0,61.8,510.0,955.0,0.0,0.0,1.0,1.0,0.0
3713,2011.0,1.0,61.8,511.0,955.0,0.0,0.0,1.0,1.0,0.0
3714,2011.0,1.0,61.8,512.0,955.0,0.0,0.0,1.0,1.0,0.0
3715,2011.0,1.0,61.8,513.0,955.0,0.0,0.0,1.0,1.0,0.0
3716,2011.0,1.0,61.8,514.0,955.0,0.0,0.0,1.0,1.0,0.0
3717,2011.0,1.0,61.8,515.0,955.0,0.0,0.0,1.0,1.0,0.0
3718,2011.0,1.0,61.8,516.0,955.0,0.0,0.0,1.0,1.0,0.0
3719,2011.0,1.0,61.8,517.0,955.0,0.0,0.0,1.0,1.0,0.0
3720,2011.0,1.0,61.8,518.0,955.0,0.0,0.0,1.0,1.0,0.0
3721,2011.0,1.0,61.8,519.0,955.0,0.0,0.0,1.0,1.0,0.0
3722,2011.0,1.0,61.8,520.0,955.0,0.0,0.0,1.0,1.0,0.0
3723,2011.0,1.0,61.8,521.0,955.0,0.0,0.0,1.0,1.0,0.0
3724,2011.0,1.0,61.8,522.0,955.0,0.0,0.0,1.0,1.0,0.0
3725,2011.0,1.0,61.8,523.0,955.0,0.0,0.0,1.0,1.0,0.0
3726,2011.0,1.0,61.8,524.0,955.0,0.0,0.0,1.0,1.0,0.0
3727,2011.0,1.0,61.8,525.0,955.0,0.0,0.0,1.0,1.0,0.0
3728,2011.0,1.0,61.8,526.0,955.0,0.0,0.0,1.0,1.0,0.0
3729,2011.0,1.0,61.8,527.0,955.0,0.0,0.0,1.0,1.0,0.0
3730,2011.0,1.0,61.8,528.0,955.0,0.0,0.0,1.0,1.0,0.0
3731,2011.0,1.0,61.8,529.0,955.0,0.0,0.0,1.0,1.0,0.0
3732,2011.0,1.0,61.8,530.0,955.0,0.0,0.0,1.0,1.0,0.0
3733,2011.0,1.0,61.8,531.0,955.0,0.0,0.0,1.0,1.0,0.0
3734,2011.0,1.0,61.8,532.0,955.0,0.0,0.0,1.0,1.0,0.0
3735,2011.0,1.0,61.8,533.0,955.0,0.0,0.0,1.0,1.0,0.0
3736,2011.0,1.0,61.8,534.0,955.0,0.0,0.0,1.0,1.0,0.0
3737,2011.0,1.0,61.8,535.0,955.0,0.0,0.0,1.0,1.0,0.0
3738,2011.0,1.0,61.8,536.0,955.0,0.0,0.0,1.0,1.0,0.0
3739,2011.0,1.0,61.8,537.0,955.0,0.0,0.0,1.0,1.0,0.0
3740,2011.0,1.0,61.8,538.0,955.0,0.0,0.0,1.0,1.0,0.0
3741,2011.0,1.0,61.8,539.0,955.0,0.0,0.0,1.0,1.0,0.0
3742,2011.0,1.0,61.8,540.0,955.0,0.0,0.0,1.0,1.0,0.0
3743,2011.0,1.0,61.8,541.0,955.0,0.0,0.0,1.0,1.0,0.0
3744,2011.0,1.0,61.8,542.0,955.0,0.0,0.0,1.0,1.0,0.0
3745,2011.0,1.0,61.8,543.0,955.0,0.0,0.0,1.0,1.0,0.0
3746,2011.0,1.0,61.8,544.0,955.0,0.0,0.0,1.0,1.0,0.0
3747,2011.0,1.0,61.8,545.0,955.0,0.0,0.0,1.0,1.0,0.0
3748,2011.0,1.0,61.8,546.0,955.0,0.0,0.0,1.0,1.0,0.0
3749,2011.0,1.0,61.8,547.0,955.0,0.0,0.0,1.0,1.0,0.0
3750,2011.0,1.0,61.8,548.0,955.0,0.0,0.0,1.0,1.0,0.0
3751,2011.0,1.0,61.8,549.0,955.0,0.0,0.0,1.0,1.0,0.0
3752,2011.0,1.0,61.8,550.0,955.0,0.0,0.0,1.0,1.0,0.0
3753,2011.0,1.0,61.8,551.0,955.0,0.0,0.0,1.0,1.0,0.0
3754,2011.0,1.0,61.8,552.0,955.0,0.0,0.0,1.0,1.0,0.0
3755,2011.0,1.0,61.8,553.0,955.0,0.0,0.0,1.0,1.0,0.0
3756,2011.0,1.0,61.8,554.0,955.0,0.0,0.0,1.0,1.0,0.0
3757,2011.0,1.0,61.8,555.0,955.0,0.0,0.0,1.0,1.0,0.0
3758,2011.0,1.0,61.8,556.0,955.0,0.0,0.0,1.0,1.0,0.0
3759,2011.0,1.0,61.8,557.0,955.0,0.0,0.0,1.0,1.0,0.0
3760,2011.0,1.0,61.8,558.0,955.0,0.0,0.0,1.0,1.0,0.0
3761,2011.0,1.0,61.8,559.0,955.0,0.0,0.0,1.0,1.0,0.0
3762,2011.0,1.0,61.8,560.0,955.0,0.0,0.0,1.0,1.0,0.0
3763,2011.0,1.0,61.8,561.0,955.0,0.0,0.0,1.0,1.0,0.0
3764,2011.0,1.0,61.8,562.0,955.0,0.0,0.0,1.0,1.0,0.0
3765,2011.0,1.0,61.8,563.0,955.0,0.0,0.0,1.0,1.0,0.0
3766,2011.0,1.0,61.8,564.0,955.0,0.0,0.0,1.0,1.0,0.0
3767,2011.0,1.0,61.8,565.0,955.0,0.0,0.0,1.0,1.0,0.0
3768,2011.0,1.0,61.8,566.0,955.0,0.0,0.0,1.0,1.0,0.0
3769,2011.0,1.0,61.8,567.0,955.0,0.0,0.0,1.0,1.0,0.0
3770,2011.0,1.0,61.8,568.0,955.0,0.0,0.0,1.0,1.0,0.0
3771,2011.0,1.0,61.8,569.0,955.0,0.0,0.0,1.0,1.0,0.0
3772,2011.0,1.0,61.8,570.0,955.0,0.0,0.0,1.0,1.0,0.0
3773,2011.0,1.0,61.8,571.0,955.0,0.0,0.0,1.0,1.0,0.0
3774,2011.0,1.0,61.8,572.0,955.0,0.0,0.0,1.0,1.0,0.0
3775,2011.0,1.0,61.8,573.0,955.0,0.0,0.0,1.0,1.0,0.0
3776,2011.0,1.0,61.8,574.0,955.0,0.0,0.0,1.0,1.0,0.0
3777,2011.0,1.0,61.8,575.0,955.0,0.0,0.0,1.0,1.0,0.0
3778,2011.0,1.0,61.8,576.0,955.0,0.0,0.0,1.0,1.0,0.0
3779,2011.0,1.0,61.8,577.0,955.0,0.0,0.0,1.0,1.0,0.0
3780,2011.0,1.0,61.8,578.0,955.0,0.0,0.0,1.0,1.0,0.0
3781,2011.0,1.0,61.8,579.0,955.0,0.0,0.0,1.0,1.0,0.0
3782,2011.0,1.0,61.8,580.0,955.0,0.0,0.0,1.0,1.0,0.0
3783,2011.0,1.0,61.8,581.0,955.0,0.0,0.0,1.0,1.0,0.0
3784,2011.0,1.0,61.8,582.0,955.0,0.0,0.0,1.0,1.0,0.0
3785,2011.0,1.0,61.8,583.0,955.0,0.0,0.0,1.0,1.0,0.0
3786,2011.0,1.0,61.8,584.0,955.0,0.0,0.0,1.0,1.0,0.0
3787,2011.0,1.0,61.8,585.0,955.0,0.0,0.0,1.0,1.0,0.0
3788,2011.0,1.0,61.8,586.0,955.0,0.0,0.0,1.0,1.0,0.0
3789,2011.0,1.0,61.8,587.0,955.0,0.0,0.0,1.0,1.0,0.0
3790,2011.0,1.0,61.8,588.0,955.0,0.0,0.0,1.0,1.0,0.0
3791,2011.0,1.0,61.8,589.0,955.0,0.0,0.0,1.0,1.0,0.0
3792,2011.0,1.0,61.8,590.0,955.0,0.0,0.0,1.0,1.0,0.0
3793,2011.0,1.0,61.8,591.0,955.0,0.0,0.0,1.0,1.0,0.0
3794,2011.0,1.0,61.8,592.0,955.0,0.0,0.0,1.0,1.0,0.0
3795,2011.0,1.0,61.8,593.0,955.0,0.0,0.0,1.0,1.0,0.0
3796,2011.0,1.0,61.8,594.0,955.0,0.0,0.0,1.0,1.0,0.0
3797,2011.0,1.0,61.8,595.0,955.0,0.0,0.0,1.0,1.0,0.0
3798,2011.0,1.0,61.8,596.0,955.0,0.0,0.0,1.0,1.0,0.0
3799,2011.0,1.0,61.8,597.0,955.0,0.0,0.0,1.0,1.0,0.0
3800,2011.0,1.0,61.8,598.0,955.0,0.0,0.0,1.0,1.0,0.0
3801,2011.0,1.0,61.8,599.0,955.0,0.0,0.0,1.0,1.0,0.0
3802,2011.0,1.0,61.8,600.0,955.0,0.0,0.0,1.0,1.0,0.0
3803,2011.0,1.0,61.8,601.0,955.0,0.0,0.0,1.0,1.0,0.0
3804,2011.0,1.0,61.8,602.0,955.0,0.0,0.0,1.0,1.0,0.0
3805,2011.0,1.0,61.8,603.0,955.0,0.0,0.0,1.0,1.0,0.0
3806,2011.0,1.0,61.8,604.0,955.0,0.0,0.0,1.0,1.0,0.0
3807,2011.0,1.0,61.8,605.0,955.0,0.0,0.0,1.0,1.0,0.0
3808,2011.0,1.0,61.8,606.0,955.0,0.0,0.0,1.0,1.0,0.0
3809,2011.0,1.0,61.8,607.0,955.0,0.0,0.0,1.0,1.0,0.0
3810,2011.0,1.0,61.8,608.0,955.0,0.0,0.0,1.0,1.0,0.0
3811,2011.0,1.0,61.8,609.0,955.0,0.0,0.0,1.0,1.0,0.0
3812,2011.0,1.0,61.8,610.0,955.0,0.0,0.0,1.0,1.0,0.0
3813,2011.0,1.0,61.8,611.0,955.0,0.0,0.0,1.0,1.0,0.0
3814,2011.0,1.0,61.8,612.0,955.0,0.0,0.0,1.0,1.0,0.0
3815,2011.0,1.0,61.8,613.0,955.0,0.0,0.0,1.0,1.0,0.0
3816,2011.0,1.0,61.8,614.0,955.0,0.0,0.0,1.0,1.0,0.0
3817,2011.0,1.0,61.8,615.0,955.0,0.0,0.0,1.0,1.0,0.0
3818,2011.0,1.0,61.8,616.0,955.0,0.0,0.0,1.0,1.0,0.0
3819,2011.0,1.0,61.8,617.0,955.0,0.0,0.0,1.0,1.0,0.0
3820,2011.0,1.0,61.8,618.0,955.0,0.0,0.0,1.0,1.0,0.0
3821,2011.0,1.0,61.8,619.0,955.0,0.0,0.0,1.0,1.0,0.0
3822,2011.0,1.0,61.8,620.0,955.0,0.0,0.0,1.0,1.0,0.0
3823,2011.0,1.0,61.8,621.0,955.0,0.0,0.0,1.0,1.0,0.0
3824,2011.0,1.0,61.8,622.0,955.0,0.0,0.0,1.0,1.0,0.0
3825,2011.0,1.0,61.8,623.0,955.0,0.0,0.0,1.0,1.0,0.0
3826,2011.0,1.0,61.8,624.0,955.0,0.0,0.0,1.0,1.0,0.0
3827,2011.0,1.0,61.8,625.0,955.0,0.0,0.0,1.0,1.0,0.0
3828,2011.0,1.0,61.8,626.0,955.0,0.0,0.0,1.0,1.0,0.0
3829,2011.0,1.0,61.8,627.0,955.0,0.0,0.0,1.0,1.0,0.0
3830,2011.0,1.0,61.8,628.0,955.0,0.0,0.0,1.0,1.0,0.0
3831,2011.0,1.0,61.8,629.0,955.0,0.0,0.0,1.0,1.0,0.0
3832,2011.0,1.0,61.8,630.0,955.0,0.0,0.0,1.0,1.0,0.0
3833,2011.0,1.0,61.8,631.0,955.0,0.0,0.0,1.0,1.0,0.0
3834,2011.0,1.0,61.8,632.0,955.0,0.0,0.0,1.0,1.0,0.0
3835,2011.0,1.0,61.8,633.0,955.0,0.0,0.0,1.0,1.0,0.0
3836,2011.0,1.0,61.8,634.0,955.0,0.0,0.0,1.0,1.0,0.0
3837,2011.0,1.0,61.8,635.0,955.0,0.0,0.0,1.0,1.0,0.0
3838,2011.0,1.0,61.8,636.0,955.0,0.0,0.0,1.0,1.0,0.0
3839,2011.0,1.0,61.8,637.0,955.0,0.0,0.0,1.0,1.0,0.0
3840,2011.0,1.0,61.8,638.0,955.0,0.0,0.0,1.0,1.0,0.0
3841,2011.0,1.0,61.8,639.0,955.0,0.0,0.0,1.0,1.0,0.0
3842,2011.0,1.0,61.8,640.0,955.0,0.0,0.0,1.0,1.0,0.0
3843,2011.0,1.0,61.8,641.0,955.0,0.0,0.0,1.0,1.0,0.0
3844,2011.0,1.0,61.8,642.0,955.0,0.0,0.0,1.0,1.0,0.0
3845,2011.0,1.0,61.8,643.0,955.0,0.0,0.0,1.0,1.0,0.0
3846,2011.0,1.0,61.8,644.0,955.0,0.0,0.0,1.0,1.0,0.0
3847,2011.0,1.0,61.8,645.0,955.0,0.0,0.0,1.0,1.0,0.0
3848,2011.0,1.0,61.8,646.0,955.0,0.0,0.0,1.0,1.0,0.0
3849,2011.0,1.0,61.8,647.0,955.0,0.0,0.0,1.0,1.0,0.0
3850,2011.0,1.0,61.8,648.0,955.0,0.0,0.0,1.0,1.0,0.0
3851,2011.0,1.0,61.8,649.0,955.0,0.0,0.0,1.0,1.0,0.0
3852,2011.0,1.0,61.8,650.0,955.0,0.0,0.0,1.0,1.0,0.0
3853,2011.0,1.0,61.8,651.0,955.0,0.0,0.0,1.0,1.0,0.0
3854,2011.0,1.0,61.8,652.0,955.0,0.0,0.0,1.0,1.0,0.0
3855,2011.0,1.0,61.8,653.0,955.0,0.0,0.0,1.0,1.0,0.0
3856,2011.0,1.0,61.8,654.0,955.0,0.0,0.0,1.0,1.0,0.0
3857,2011.0,1.0,61.8,655.0,955.0,0.0,0.0,1.0,1.0,0.0
3858,2011.0,1.0,61.8,656.0,955.0,0.0,0.0,1.0,1.0,0.0
3859,2011.0,1.0,61.8,657.0,955.0,0.0,0.0,1.0,1.0,0.0
3860,2011.0,1.0,61.8,658.0,955.0,0.0,0.0,1.0,1.0,0.0
3861,2011.0,1.0,61.8,659.0,955.0,0.0,0.0,1.0,1.0,0.0
3862,2011.0,1.0,61.8,660.0,955.0,0.0,0.0,1.0,1.0,0.0
3863,2011.0,1.0,61.8,661.0,955.0,0.0,0.0,1.0,1.0,0.0
3864,2011.0,1.0,61.8,662.0,955.0,0.0,0.0,1.0,1.0,0.0
3865,2011.0,1.0,61.8,663.0,955.0,0.0,0.0,1.0,1.0,0.0
3866,2011.0,1.0,61.8,664.0,955.0,0.0,0.0,1.0,1.0,0.0
3867,2011.0,1.0,61.8,665.0,955.0,0.0,0.0,1.0,1.0,0.0
3868,2011.0,1.0,61.8,666.0,955.0,0.0,0.0,1.0,1.0,0.0
3869,2011.0,1.0,61.8,667.0,955.0,0.0,0.0,1.0,1.0,0.0
3870,2011.0,1.0,61.8,668.0,955.0,0.0,0.0,1.0,1.0,0.0
3871,2011.0,1.0,61.8,669.0,955.0,0.0,0.0,1.0,1.0,0.0
3872,2011.0,1.0,61.8,670.0,955.0,0.0,0.0,1.0,1.0,0.0
3873,2011.0,1.0,61.8,671.0,955.0,0.0,0.0,1.0,1.0,0.0
3874,2011.0,1.0,61.8,672.0,955.0,0.0,0.0,1.0,1.0,0.0
3875,2011.0,1.0,61.8,673.0,955.0,0.0,0.0,1.0,1.0,0.0
3876,2011.0,1.0,61.8,674.0,955.0,0.0,0.0,1.0,1.0,0.0
3877,2011.0,1.0,61.8,675.0,955.0,0.0,0.0,1.0,1.0,0.0
3878,2011.0,1.0,61.8,676.0,955.0,0.0,0.0,1.0,1.0,0.0
3879,2011.0,1.0,61.8,677.0,955.0,0.0,0.0,1.0,1.0,0.0
3880,2011.0,1.0,61.8,678.0,955.0,0.0,0.0,1.0,1.0,0.0
3881,2011.0,1.0,61.8,679.0,955.0,0.0,0.0,1.0,1.0,0.0
3882,2011.0,1.0,61.8,680.0,955.0,0.0,0.0,1.0,1.0,0.0
3883,2011.0,1.0,61.8,681.0,955.0,0.0,0.0,1.0,1.0,0.0
3884,2011.0,1.0,61.8,682.0,955.0,0.0,0.0,1.0,1.0,0.0
3885,2011.0,1.0,61.8,683.0,955.0,0.0,0.0,1.0,1.0,0.0
3886,2011.0,1.0,61.8,684.0,955.0,0.0,0.0,1.0,1.0,0.0
3887,2011.0,1.0,61.8,685.0,955.0,0.0,0.0,1.0,1.0,0.0
3888,2011.0,1.0,61.8,686.0,955.0,0.0,0.0,1.0,1.0,0.0
3889,2011.0,1.0,61.8,687.0,955.0,0.0,0.0,1.0,1.0,0.0
3890,2011.0,1.0,61.8,688.0,955.0,0.0,0.0,1.0,1.0,0.0
3891,2011.0,1.0,61.8,689.0,955.0,0.0,0.0,1.0,1.0,0.0
3892,2011.0,1.0,61.8,690.0,955.0,0.0,0.0,1.0,1.0,0.0
3893,2011.0,1.0,61.8,691.0,955.0,0.0,0.0,1.0,1.0,0.0
3894,2011.0,1.0,61.8,692.0,955.0,0.0,0.0,1.0,1.0,0.0
3895,2011.0,1.0,61.8,693.0,955.0,0.0,0.0,1.0,1.0,0.0
3896,2011.0,1.0,61.8,694.0,955.0,0.0,0.0,1.0,1.0,0.0
3897,2011.0,1.0,61.8,695.0,955.0,0.0,0.0,1.0,1.0,0.0
3898,2011.0,1.0,61.8,696.0,955.0,0.0,0.0,1.0,1.0,0.0
3899,2011.0,1.0,61.8,697.0,955.0,0.0,0.0,1.0,1.0,0.0
3900,2011.0,1.0,61.8,698.0,955.0,0.0,0.0,1.0,1.0,0.0
3901,2011.0,1.0,61.8,699.0,955.0,0.0,0.0,1.0,1.0,0.0
3902,2011.0,1.0,61.8,700.0,955.0,0.0,0.0,1.0,1.0,0.0
3903,2011.0,1.0,61.8,701.0,955.0,0.0,0.0,1.0,1.0,0.0
3904,2011.0,1.0,61.8,702.0,955.0,0.0,0.0,1.0,1.0,0.0
3905,2011.0,1.0,61.8,703.0,955.0,0.0,0.0,1.0,1.0,0.0
3906,2011.0,1.0,61.8,704.0,955.0,0.0,0.0,1.0,1.0,0.0
3907,2011.0,1.0,61.8,705.0,955.0,0.0,0.0,1.0,1.0,0.0
3908,2011.0,1.0,61.8,706.0,955.0,0.0,0.0,1.0,1.0,0.0
3909,2011.0,1.0,61.8,707.0,955.0,0.0,0.0,1.0,1.0,0.0
3910,2011.0,1.0,61.8,708.0,955.0,0.0,0.0,1.0,1.0,0.0
3911,2011.0,1.0,61.8,709.0,955.0,0.0,0.0,1.0,1.0,0.0
3912,2011.0,1.0,61.8,710.0,955.0,0.0,0.0,1.0,1.0,0.0
3913,2011.0,1.0,61.8,711.0,955.0,0.0,0.0,1.0,1.0,0.0
3914,2011.0,1.0,61.8,712.0,955.0,0.0,0.0,1.0,1.0,0.0
3915,2011.0,1.0,61.8,713.0,955.0,0.0,0.0,1.0,1.0,0.0
3916,2011.0,1.0,61.8,714.0,955.0,0.0,0.0,1.0,1.0,0.0
3917,2011.0,1.0,61.8,715.0,955.0,0.0,0.0,1.0,1.0,0.0
3918,2011.0,1.0,61.8,716.0,955.0,0.0,0.0,1.0,1.0,0.0
3919,2011.0,1.0,61.8,717.0,955.0,0.0,0.0,1.0,1.0,0.0
3920,2011.0,1.0,61.8,718.0,955.0,0.0,0.0,1.0,1.0,0.0
3921,2011.0,1.0,61.8,719.0,955.0,0.0,0.0,1.0,1.0,0.0
3922,2011.0,1.0,61.8,720.0,955.0,0.0,0.0,1.0,1.0,0.0
3923,2011.0,1.0,61.8,721.0,955.0,0.0,0.0,1.0,1.0,0.0
3924,2011.0,1.0,61.8,722.0,955.0,0.0,0.0,1.0,1.0,0.0
3925,2011.0,1.0,61.8,723.0,955.0,0.0,0.0,1.0,1.0,0.0
3926,2011.0,1.0,61.8,724.0,955.0,0.0,0.0,1.0,1.0,0.0
3927,2011.0,1.0,61.8,725.0,955.0,0.0,0.0,1.0,1.0,0.0
3928,2011.0,1.0,61.8,726.0,955.0,0.0,0.0,1.0,1.0,0.0
3929,2011.0,1.0,61.8,727.0,955.0,0.0,0.0,1.0,1.0,0.0
3930,2011.0,1.0,61.8,728.0,955.0,0.0,0.0,1.0,1.0,0.0
3931,2011.0,1.0,61.8,729.0,955.0,0.0,0.0,1.0,1.0,0.0
3932,2011.0,1.0,61.8,730.0,955.0,0.0,0.0,1.0,1.0,0.0
3933,2011.0,1.0,61.8,731.0,955.0,0.0,0.0,1.0,1.0,0.0
3934,2011.0,1.0,61.8,732.0,955.0,0.0,0.0,1.0,1.0,0.0
3935,2011.0,1.0,61.8,733.0,955.0,0.0,0.0,1.0,1.0,0.0
3936,2011.0,1.0,61.8,734.0,955.0,0.0,0.0,1.0,1.0,0.0
3937,2011.0,1.0,61.8,735.0,955.0,0.0,0.0,1.0,1.0,0.0
3938,2011.0,1.0,61.8,736.0,955.0,0.0,0.0,1.0,1.0,0.0
3939,2011.0,1.0,61.8,737.0,955.0,0.0,0.0,1.0,1.0,0.0
3940,2011.0,1.0,61.8,738.0,955.0,0.0,0.0,1.0,1.0,0.0
3941,2011.0,1.0,61.8,739.0,955.0,0.0,0.0,1.0,1.0,0.0
3942,2011.0,1.0,61.8,740.0,955.0,0.0,0.0,1.0,1.0,0.0
3943,2011.0,1.0,61.8,741.0,955.0,0.0,0.0,1.0,1.0,0.0
3944,2011.0,1.0,61.8,742.0,955.0,0.0,0.0,1.0,1.0,0.0
3945,2011.0,1.0,61.8,743.0,955.0,0.0,0.0,1.0,1.0,0.0
3946,2011.0,1.0,61.8,744.0,955.0,0.0,0.0,1.0,1.0,0.0
3947,2011.0,1.0,61.8,745.0,955.0,0.0,0.0,1.0,1.0,0.0
3948,2011.0,1.0,61.8,746.0,955.0,0.0,0.0,1.0,1.0,0.0
3949,2011.0,1.0,61.8,747.0,955.0,0.0,0.0,1.0,1.0,0.0
3950,2011.0,1.0,61.8,748.0,955.0,0.0,0.0,1.0,1.0,0.0
3951,2011.0,1.0,61.8,749.0,955.0,0.0,0.0,1.0,1.0,0.0
3952,2011.0,1.0,61.8,750.0,955.0,0.0,0.0,1.0,1.0,0.0
3953,2011.0,1.0,61.8,751.0,955.0,0.0,0.0,1.0,1.0,0.0
3954,2011.0,1.0,61.8,752.0,955.0,0.0,0.0,1.0,1.0,0.0
3955,2011.0,1.0,61.8,753.0,955.0,0.0,0.0,1.0,1.0,0.0
3956,2011.0,1.0,61.8,754.0,955.0,0.0,0.0,1.0,1.0,0.0
3957,2011.0,1.0,61.8,755.0,955.0,0.0,0.0,1.0,1.0,0.0
3958,2011.0,1.0,61.8,756.0,955.0,0.0,0.0,1.0,1.0,0.0
3959,2011.0,1.0,61.8,757.0,955.0,0.0,0.0,1.0,1.0,0.0
3960,2011.0,1.0,61.8,758.0,955.0,0.0,0.0,1.0,1.0,0.0
3961,2011.0,1.0,61.8,759.0,955.0,0.0,0.0,1.0,1.0,0.0
3962,2011.0,1.0,61.8,760.0,955.0,0.0,0.0,1.0,1.0,0.0
3963,2011.0,1.0,61.8,761.0,955.0,0.0,0.0,1.0,1.0,0.0
3964,2011.0,1.0,61.8,762.0,955.0,0.0,0.0,1.0,1.0,0.0
3965,2011.0,1.0,61.8,763.0,955.0,0.0,0.0,1.0,1.0,0.0
3966,2011.0,1.0,61.8,764.0,955.0,0.0,0.0,1.0,1.0,0.0
3967,2011.0,1.0,61.8,765.0,955.0,0.0,0.0,1.0,1.0,0.0
3968,2011.0,1.0,61.8,766.0,955.0,0.0,0.0,1.0,1.0,0.0
3969,2011.0,1.0,61.8,767.0,955.0,0.0,0.0,1.0,1.0,0.0
3970,2011.0,1.0,61.8,768.0,955.0,0.0,0.0,1.0,1.0,0.0
3971,2011.0,1.0,61.8,769.0,955.0,0.0,0.0,1.0,1.0,0.0
3972,2011.0,1.0,61.8,770.0,955.0,0.0,0.0,1.0,1.0,0.0
3973,2011.0,1.0,61.8,771.0,955.0,0.0,0.0,1.0,1.0,0.0
3974,2011.0,1.0,61.8,772.0,955.0,0.0,0.0,1.0,1.0,0.0
3975,2011.0,1.0,61.8,773.0,955.0,0.0,0.0,1.0,1.0,0.0
3976,2011.0,1.0,61.8,774.0,955.0,0.0,0.0,1.0,1.0,0.0
3977,2011.0,1.0,61.8,775.0,955.0,0.0,0.0,1.0,1.0,0.0
3978,2011.0,1.0,61.8,776.0,955.0,0.0,0.0,1.0,1.0,0.0
3979,2011.0,1.0,61.8,777.0,955.0,0.0,0.0,1.0,1.0,0.0
3980,2011.0,1.0,61.8,778.0,955.0,0.0,0.0,1.0,1.0,0.0
3981,2011.0,1.0,61.8,779.0,955.0,0.0,0.0,1.0,1.0,0.0
3982,2011.0,1.0,61.8,780.0,955.0,0.0,0.0,1.0,1.0,0.0
3983,2011.0,1.0,61.8,781.0,955.0,0.0,0.0,1.0,1.0,0.0
3984,2011.0,1.0,61.8,782.0,955.0,0.0,0.0,1.0,1.0,0.0
3985,2011.0,1.0,61.8,783.0,955.0,0.0,0.0,1.0,1.0,0.0
3986,2011.0,1.0,61.8,784.0,955.0,0.0,0.0,1.0,1.0,0.0
3987,2011.0,1.0,61.8,785.0,955.0,0.0,0.0,1.0,1.0,0.0
3988,2011.0,1.0,61.8,786.0,955.0,0.0,0.0,1.0,1.0,0.0
3989,2011.0,1.0,61.8,787.0,955.0,0.0,0.0,1.0,1.0,0.0
3990,2011.0,1.0,61.8,788.0,955.0,0.0,0.0,1.0,1.0,0.0
3991,2011.0,1.0,61.8,789.0,955.0,0.0,0.0,1.0,1.0,0.0
3992,2011.0,1.0,61.8,790.0,955.0,0.0,0.0,1.0,1.0,0.0
3993,2011.0,1.0,61.8,791.0,955.0,0.0,0.0,1.0,1.0,0.0
3994,2011.0,1.0,61.8,792.0,955.0,0.0,0.0,1.0,1.0,0.0
3995,2011.0,1.0,61.8,793.0,955.0,0.0,0.0,1.0,1.0,0.0
3996,2011.0,1.0,61.8,794.0,955.0,0.0,0.0,1.0,1.0,0.0
3997,2011.0,1.0,61.8,795.0,955.0,0.0,0.0,1.0,1.0,0.0
3998,2011.0,1.0,61.8,796.0,955.0,0.0,0.0,1.0,1.0,0.0
3999,2011.0,1.0,61.8,797.0,955.0,0.0,0.0,1.0,1.0,0.0
4000,2011.0,1.0,61.8,798.0,955.0,0.0,0.0,1.0,1.0,0.0
4001,2011.0,1.0,61.8,799.0,955.0,0.0,0.0,1.0,1.0,0.0
4002,2011.0,1.0,61.8,800.0,955.0,0.0,0.0,1.0,1.0,0.0
4003,2011.0,1.0,61.8,801.0,955.0,0.0,0.0,1.0,1.0,0.0
4004,2011.0,1.0,61.8,802.0,955.0,0.0,0.0,1.0,1.0,0.0
4005,2011.0,1.0,61.8,803.0,955.0,0.0,0.0,1.0,1.0,0.0
4006,2011.0,1.0,61.8,804.0,955.0,0.0,0.0,1.0,1.0,0.0
4007,2011.0,1.0,61.8,805.0,955.0,0.0,0.0,1.0,1.0,0.0
4008,2011.0,1.0,61.8,806.0,955.0,0.0,0.0,1.0,1.0,0.0
4009,2011.0,1.0,61.8,807.0,955.0,0.0,0.0,1.0,1.0,0.0
4010,2011.0,1.0,61.8,808.0,955.0,0.0,0.0,1.0,1.0,0.0
4011,2011.0,1.0,61.8,809.0,955.0,0.0,0.0,1.0,1.0,0.0
4012,2011.0,1.0,61.8,810.0,955.0,0.0,0.0,1.0,1.0,0.0
4013,2011.0,1.0,61.8,811.0,955.0,0.0,0.0,1.0,1.0,0.0
4014,2011.0,1.0,61.8,812.0,955.0,0.0,0.0,1.0,1.0,0.0
4015,2011.0,1.0,61.8,813.0,955.0,0.0,0.0,1.0,1.0,0.0
4016,2011.0,1.0,61.8,814.0,955.0,0.0,0.0,1.0,1.0,0.0
4017,2011.0,1.0,61.8,815.0,955.0,0.0,0.0,1.0,1.0,0.0
4018,2011.0,1.0,61.8,816.0,955.0,0.0,0.0,1.0,1.0,0.0
4019,2011.0,1.0,61.8,817.0,955.0,0.0,0.0,1.0,1.0,0.0
4020,2011.0,1.0,61.8,818.0,955.0,0.0,0.0,1.0,1.0,0.0
4021,2011.0,1.0,61.8,819.0,955.0,0.0,0.0,1.0,1.0,0.0
4022,2011.0,1.0,61.8,820.0,955.0,0.0,0.0,1.0,1.0,0.0
4023,2011.0,1.0,61.8,821.0,955.0,0.0,0.0,1.0,1.0,0.0
4024,2011.0,1.0,61.8,822.0,955.0,0.0,0.0,1.0,1.0,0.0
4025,2011.0,1.0,61.8,823.0,955.0,0.0,0.0,1.0,1.0,0.0
4026,2011.0,1.0,61.8,824.0,955.0,0.0,0.0,1.0,1.0,0.0
4027,2011.0,1.0,61.8,825.0,955.0,0.0,0.0,1.0,1.0,0.0
4028,2011.0,1.0,61.8,826.0,955.0,0.0,0.0,1.0,1.0,0.0
4029,2011.0,1.0,61.8,827.0,955.0,0.0,0.0,1.0,1.0,0.0
4030,2011.0,1.0,61.8,828.0,955.0,0.0,0.0,1.0,1.0,0.0
4031,2011.0,1.0,61.8,829.0,955.0,0.0,0.0,1.0,1.0,0.0
4032,2011.0,1.0,61.8,830.0,955.0,0.0,0.0,1.0,1.0,0.0
4033,2011.0,1.0,61.8,831.0,955.0,0.0,0.0,1.0,1.0,0.0
4034,2011.0,1.0,61.8,832.0,955.0,0.0,0.0,1.0,1.0,0.0
4035,2011.0,1.0,61.8,833.0,955.0,0.0,0.0,1.0,1.0,0.0
4036,2011.0,1.0,61.8,834.0,955.0,0.0,0.0,1.0,1.0,0.0
4037,2011.0,1.0,61.8,835.0,955.0,0.0,0.0,1.0,1.0,0.0
4038,2011.0,1.0,61.8,836.0,955.0,0.0,0.0,1.0,1.0,0.0
4039,2011.0,1.0,61.8,837.0,955.0,0.0,0.0,1.0,1.0,0.0
4040,2011.0,1.0,61.8,838.0,955.0,0.0,0.0,1.0,1.0,0.0
4041,2011.0,1.0,61.8,839.0,955.0,0.0,0.0,1.0,1.0,0.0
4042,2011.0,1.0,61.8,840.0,955.0,0.0,0.0,1.0,1.0,0.0
4043,2011.0,1.0,61.8,841.0,955.0,0.0,0.0,1.0,1.0,0.0
4044,2011.0,1.0,61.8,842.0,955.0,0.0,0.0,1.0,1.0,0.0
4045,2011.0,1.0,61.8,843.0,955.0,0.0,0.0,1.0,1.0,0.0
4046,2011.0,1.0,61.8,844.0,955.0,0.0,0.0,1.0,1.0,0.0
4047,2011.0,1.0,61.8,845.0,955.0,0.0,0.0,1.0,1.0,0.0
4048,2011.0,1.0,61.8,846.0,955.0,0.0,0.0,1.0,1.0,0.0
4049,2011.0,1.0,61.8,847.0,955.0,0.0,0.0,1.0,1.0,0.0
4050,2011.0,1.0,61.8,848.0,955.0,0.0,0.0,1.0,1.0,0.0
4051,2011.0,1.0,61.8,849.0,955.0,0.0,0.0,1.0,1.0,0.0
4052,2011.0,1.0,61.8,850.0,955.0,0.0,0.0,1.0,1.0,0.0
4053,2011.0,1.0,61.8,851.0,955.0,0.0,0.0,1.0,1.0,0.0
4054,2011.0,1.0,61.8,852.0,955.0,0.0,0.0,1.0,1.0,0.0
4055,2011.0,1.0,61.8,853.0,955.0,0.0,0.0,1.0,1.0,0.0
4056,2011.0,1.0,61.8,854.0,955.0,0.0,0.0,1.0,1.0,0.0
4057,2011.0,1.0,61.8,855.0,955.0,0.0,0.0,1.0,1.0,0.0
4058,2011.0,1.0,61.8,856.0,955.0,0.0,0.0,1.0,1.0,0.0
4059,2011.0,1.0,61.8,857.0,955.0,0.0,0.0,1.0,1.0,0.0
4060,2011.0,1.0,61.8,858.0,955.0,0.0,0.0,1.0,1.0,0.0
4061,2011.0,1.0,61.8,859.0,955.0,0.0,0.0,1.0,1.0,0.0
4062,2011.0,1.0,61.8,860.0,955.0,0.0,0.0,1.0,1.0,0.0
4063,2011.0,1.0,61.8,861.0,955.0,0.0,0.0,1.0,1.0,0.0
4064,2011.0,1.0,61.8,862.0,955.0,0.0,0.0,1.0,1.0,0.0
4065,2011.0,1.0,61.8,863.0,955.0,0.0,0.0,1.0,1.0,0.0
4066,2011.0,1.0,61.8,864.0,955.0,0.0,0.0,1.0,1.0,0.0
4067,2011.0,1.0,61.8,865.0,955.0,0.0,0.0,1.0,1.0,0.0
4068,2011.0,1.0,61.8,866.0,955.0,0.0,0.0,1.0,1.0,0.0
4069,2011.0,1.0,61.8,867.0,955.0,0.0,0.0,1.0,1.0,0.0
4070,2011.0,1.0,61.8,868.0,955.0,0.0,0.0,1.0,1.0,0.0
4071,2011.0,1.0,61.8,869.0,955.0,0.0,0.0,1.0,1.0,0.0
4072,2011.0,1.0,61.8,870.0,955.0,0.0,0.0,1.0,1.0,0.0
4073,2011.0,1.0,61.8,871.0,955.0,0.0,0.0,1.0,1.0,0.0
4074,2011.0,1.0,61.8,872.0,955.0,0.0,0.0,1.0,1.0,0.0
4075,2011.0,1.0,61.8,873.0,955.0,0.0,0.0,1.0,1.0,0.0
4076,2011.0,1.0,61.8,874.0,955.0,0.0,0.0,1.0,1.0,0.0
4077,2011.0,1.0,61.8,875.0,955.0,0.0,0.0,1.0,1.0,0.0
4078,2011.0,1.0,61.8,876.0,955.0,0.0,0.0,1.0,1.0,0.0
4079,2011.0,1.0,61.8,877.0,955.0,0.0,0.0,1.0,1.0,0.0
4080,2011.0,1.0,61.8,878.0,955.0,0.0,0.0,1.0,1.0,0.0
4081,2011.0,1.0,61.8,879.0,955.0,0.0,0.0,1.0,1.0,0.0
4082,2011.0,1.0,61.8,880.0,955.0,0.0,0.0,1.0,1.0,0.0
4083,2011.0,1.0,61.8,881.0,955.0,0.0,0.0,1.0,1.0,0.0
4084,2011.0,1.0,61.8,882.0,955.0,0.0,0.0,1.0,1.0,0.0
4085,2011.0,1.0,61.8,883.0,955.0,0.0,0.0,1.0,1.0,0.0
4086,2011.0,1.0,61.8,884.0,955.0,0.0,0.0,1.0,1.0,0.0
4087,2011.0,1.0,61.8,885.0,955.0,0.0,0.0,1.0,1.0,0.0
4088,2011.0,1.0,61.8,886.0,955.0,0.0,0.0,1.0,1.0,0.0
4089,2011.0,1.0,61.8,887.0,955.0,0.0,0.0,1.0,1.0,0.0
4090,2011.0,1.0,61.8,888.0,955.0,0.0,0.0,1.0,1.0,0.0
4091,2011.0,1.0,61.8,889.0,955.0,0.0,0.0,1.0,1.0,0.0
4092,2011.0,1.0,61.8,890.0,955.0,0.0,0.0,1.0,1.0,0.0
4093,2011.0,1.0,61.8,891.0,955.0,0.0,0.0,1.0,1.0,0.0
4094,2011.0,1.0,61.8,892.0,955.0,0.0,0.0,1.0,1.0,0.0
4095,2011.0,1.0,61.8,893.0,955.0,0.0,0.0,1.0,1.0,0.0
4096,2011.0,1.0,61.8,894.0,955.0,0.0,0.0,1.0,1.0,0.0
4097,2011.0,1.0,61.8,895.0,955.0,0.0,0.0,1.0,1.0,0.0
4098,2011.0,1.0,61.8,896.0,955.0,0.0,0.0,1.0,1.0,0.0
4099,2011.0,1.0,61.8,897.0,955.0,0.0,0.0,1.0,1.0,0.0
4100,2011.0,1.0,61.8,898.0,955.0,0.0,0.0,1.0,1.0,0.0
4101,2011.0,1.0,61.8,899.0,955.0,0.0,0.0,1.0,1.0,0.0
4102,2011.0,1.0,61.8,900.0,955.0,0.0,0.0,1.0,1.0,0.0
4103,2011.0,1.0,61.8,901.0,955.0,0.0,0.0,1.0,1.0,0.0
4104,2011.0,1.0,61.8,902.0,955.0,0.0,0.0,1.0,1.0,0.0
4105,2011.0,1.0,61.8,903.0,955.0,0.0,0.0,1.0,1.0,0.0
4106,2011.0,1.0,61.8,904.0,955.0,0.0,0.0,1.0,1.0,0.0
4107,2011.0,1.0,61.8,905.0,955.0,0.0,0.0,1.0,1.0,0.0
4108,2011.0,1.0,61.8,906.0,955.0,0.0,0.0,1.0,1.0,0.0
4109,2011.0,1.0,61.8,907.0,955.0,0.0,0.0,1.0,1.0,0.0
4110,2011.0,1.0,61.8,908.0,955.0,0.0,0.0,1.0,1.0,0.0
4111,2011.0,1.0,61.8,909.0,955.0,0.0,0.0,1.0,1.0,0.0
4112,2011.0,1.0,61.8,910.0,955.0,0.0,0.0,1.0,1.0,0.0
4113,2011.0,1.0,61.8,911.0,955.0,0.0,0.0,1.0,1.0,0.0
4114,2011.0,1.0,61.8,912.0,955.0,0.0,0.0,1.0,1.0,0.0
4115,2011.0,1.0,61.8,913.0,955.0,0.0,0.0,1.0,1.0,0.0
4116,2011.0,1.0,61.8,914.0,955.0,0.0,0.0,1.0,1.0,0.0
4117,2011.0,1.0,61.8,915.0,955.0,0.0,0.0,1.0,1.0,0.0
4118,2011.0,1.0,61.8,916.0,955.0,0.0,0.0,1.0,1.0,0.0
4119,2011.0,1.0,61.8,917.0,955.0,0.0,0.0,1.0,1.0,0.0
4120,2011.0,1.0,61.8,918.0,955.0,0.0,0.0,1.0,1.0,0.0
4121,2011.0,1.0,61.8,919.0,955.0,0.0,0.0,1.0,1.0,0.0
4122,2011.0,1.0,61.8,920.0,955.0,0.0,0.0,1.0,1.0,0.0
4123,2011.0,1.0,61.8,921.0,955.0,0.0,0.0,1.0,1.0,0.0
4124,2011.0,1.0,61.8,922.0,955.0,0.0,0.0,1.0,1.0,0.0
4125,2011.0,1.0,61.8,923.0,955.0,0.0,0.0,1.0,1.0,0.0
4126,2011.0,1.0,61.8,924.0,955.0,0.0,0.0,1.0,1.0,0.0
4127,2011.0,1.0,61.8,925.0,955.0,0.0,0.0,1.0,1.0,0.0
4128,2011.0,1.0,61.8,926.0,955.0,0.0,0.0,1.0,1.0,0.0
4129,2011.0,1.0,61.8,927.0,955.0,0.0,0.0,1.0,1.0,0.0
4130,2011.0,1.0,61.8,928.0,955.0,0.0,0.0,1.0,1.0,0.0
4131,2011.0,1.0,61.8,929.0,955.0,0.0,0.0,1.0,1.0,0.0
4132,2011.0,1.0,61.8,930.0,955.0,0.0,0.0,1.0,1.0,0.0
4133,2011.0,1.0,61.8,931.0,955.0,0.0,0.0,1.0,1.0,0.0
4134,2011.0,1.0,61.8,932.0,955.0,0.0,0.0,1.0,1.0,0.0
4135,2011.0,1.0,61.8,933.0,955.0,0.0,0.0,1.0,1.0,0.0
4136,2011.0,1.0,61.8,934.0,955.0,0.0,0.0,1.0,1.0,0.0
4137,2011.0,1.0,61.8,935.0,955.0,0.0,0.0,1.0,1.0,0.0
4138,2011.0,1.0,61.8,936.0,955.0,0.0,0.0,1.0,1.0,0.0
4139,2011.0,1.0,61.8,937.0,955.0,0.0,0.0,1.0,1.0,0.0
4140,2011.0,1.0,61.8,938.0,955.0,0.0,0.0,1.0,1.0,0.0
4141,2011.0,1.0,61.8,939.0,955.0,0.0,0.0,1.0,1.0,0.0
4142,2011.0,1.0,61.8,940.0,955.0,0.0,0.0,1.0,1.0,0.0
4143,2011.0,1.0,61.8,941.0,955.0,0.0,0.0,1.0,1.0,0.0
4144,2011.0,1.0,61.8,942.0,955.0,0.0,0.0,1.0,1.0,0.0
4145,2011.0,1.0,61.8,943.0,955.0,0.0,0.0,1.0,1.0,0.0
4146,2011.0,1.0,61.8,944.0,955.0,0.0,0.0,1.0,1.0,0.0
4147,2011.0,1.0,61.8,945.0,955.0,0.0,0.0,1.0,1.0,0.0
4148,2011.0,1.0,61.8,946.0,955.0,0.0,0.0,1.0,1.0,0.0
4149,2011.0,1.0,61.8,947.0,955.0,0.0,0.0,1.0,1.0,0.0
4150,2011.0,1.0,61.8,948.0,955.0,0.0,0.0,1.0,1.0,0.0
4151,2011.0,1.0,61.8,949.0,955.0,0.0,0.0,1.0,1.0,0.0
4152,2011.0,1.0,61.8,950.0,955.0,0.0,0.0,1.0,1.0,0.0
4153,2011.0,1.0,61.8,951.0,955.0,0.0,0.0,1.0,1.0,0.0
4154,2011.0,1.0,61.8,952.0,955.0,0.0,0.0,1.0,1.0,0.0
4155,2011.0,1.0,61.8,953.0,955.0,0.0,0.0,1.0,1.0,0.0
4156,2011.0,1.0,61.8,954.0,955.0,0.0,0.0,1.0,1.0,0.0
4157,2011.0,1.0,61.8,955.0,955.0,0.0,0.0,1.0,1.0,0.0
4158,2011.0,1.0,61.8,956.0,955.0,0.0,0.0,1.0,1.0,0.0
4159,2011.0,1.0,61.8,957.0,955.0,0.0,0.0,1.0,1.0,0.0
4160,2011.0,1.0,61.8,958.0,955.0,0.0,0.0,1.0,1.0,0.0
4161,2011.0,1.0,61.8,959.0,955.0,0.0,0.0,1.0,1.0,0.0
4162,2011.0,1.0,61.8,960.0,955.0,0.0,0.0,1.0,1.0,0.0
4163,2011.0,1.0,61.8,961.0,955.0,0.0,0.0,1.0,1.0,0.0
4164,2011.0,1.0,61.8,962.0,955.0,0.0,0.0,1.0,1.0,0.0
4165,2011.0,1.0,61.8,963.0,955.0,0.0,0.0,1.0,1.0,0.0
4166,2011.0,1.0,61.8,964.0,955.0,0.0,0.0,1.0,1.0,0.0
4167,2011.0,1.0,61.8,965.0,955.0,0.0,0.0,1.0,1.0,0.0
4168,2011.0,1.0,61.8,966.0,955.0,0.0,0.0,1.0,1.0,0.0
4169,2011.0,1.0,61.8,967.0,955.0,0.0,0.0,1.0,1.0,0.0
4170,2011.0,1.0,61.8,968.0,955.0,0.0,0.0,1.0,1.0,0.0
4171,2011.0,1.0,61.8,969.0,955.0,0.0,0.0,1.0,1.0,0.0
4172,2011.0,1.0,61.8,970.0,955.0,0.0,0.0,1.0,1.0,0.0
4173,2011.0,1.0,61.8,971.0,955.0,0.0,0.0,1.0,1.0,0.0
4174,2011.0,1.0,61.8,972.0,955.0,0.0,0.0,1.0,1.0,0.0
4175,2011.0,1.0,61.8,973.0,955.0,0.0,0.0,1.0,1.0,0.0
4176,2011.0,1.0,61.8,974.0,955.0,0.0,0.0,1.0,1.0,0.0
4177,2011.0,1.0,61.8,975.0,955.0,0.0,0.0,1.0,1.0,0.0
4178,2011.0,1.0,61.8,976.0,955.0,0.0,0.0,1.0,1.0,0.0
4179,2011.0,1.0,61.8,977.0,955.0,0.0,0.0,1.0,1.0,0.0
4180,2011.0,1.0,61.8,978.0,955.0,0.0,0.0,1.0,1.0,0.0
4181,2011.0,1.0,61.8,979.0,955.0,0.0,0.0,1.0,1.0,0.0
4182,2011.0,1.0,61.8,980.0,955.0,0.0,0.0,1.0,1.0,0.0
4183,2011.0,1.0,61.8,981.0,955.0,0.0,0.0,1.0,1.0,0.0
4184,2011.0,1.0,61.8,982.0,955.0,0.0,0.0,1.0,1.0,0.0
4185,2011.0,1.0,61.8,983.0,955.0,0.0,0.0,1.0,1.0,0.0
4186,2011.0,1.0,61.8,984.0,955.0,0.0,0.0,1.0,1.0,0.0
4187,2011.0,1.0,61.8,985.0,955.0,0.0,0.0,1.0,1.0,0.0
4188,2011.0,1.0,61.8,986.0,955.0,0.0,0.0,1.0,1.0,0.0
4189,2011.0,1.0,61.8,987.0,955.0,0.0,0.0,1.0,1.0,0.0
4190,2011.0,1.0,61.8,988.0,955.0,0.0,0.0,1.0,1.0,0.0
4191,2011.0,1.0,61.8,989.0,955.0,0.0,0.0,1.0,1.0,0.0
4192,2011.0,1.0,61.8,990.0,955.0,0.0,0.0,1.0,1.0,0.0
4193,2011.0,1.0,61.8,991.0,955.0,0.0,0.0,1.0,1.0,0.0
4194,2011.0,1.0,61.8,992.0,955.0,0.0,0.0,1.0,1.0,0.0
4195,2011.0,1.0,61.8,993.0,955.0,0.0,0.0,1.0,1.0,0.0
4196,2011.0,1.0,61.8,994.0,955.0,0.0,0.0,1.0,1.0,0.0
4197,2011.0,1.0,61.8,995.0,955.0,0.0,0.0,1.0,1.0,0.0
4198,2011.0,1.0,61.8,996.0,955.0,0.0,0.0,1.0,1.0,0.0
4199,2011.0,1.0,61.8,997.0,955.0,0.0,0.0,1.0,1.0,0.0
4200,2011.0,1.0,61.8,998.0,955.0,0.0,0.0,1.0,1.0,0.0
4201,2011.0,1.0,61.8,999.0,955.0,0.0,0.0,1.0,1.0,0.0
4202,2011.0,1.0,61.8,1000.0,955.0,0.0,0.0,1.0,1.0,0.0
4203,2011.0,1.0,61.8,1001.0,955.0,0.0,0.0,1.0,1.0,0.0
4204,2011.0,1.0,61.8,1002.0,955.0,0.0,0.0,1.0,1.0,0.0
4205,2011.0,1.0,61.8,1003.0,955.0,0.0,0.0,1.0,1.0,0.0
4206,2011.0,1.0,61.8,1004.0,955.0,0.0,0.0,1.0,1.0,0.0
4207,2011.0,1.0,61.8,1005.0,955.0,0.0,0.0,1.0,1.0,0.0
4208,2011.0,1.0,61.8,1006.0,955.0,0.0,0.0,1.0,1.0,0.0
4209,2011.0,1.0,61.8,1007.0,955.0,0.0,0.0,1.0,1.0,0.0
4210,2011.0,1.0,61.8,1008.0,955.0,0.0,0.0,1.0,1.0,0.0
4211,2011.0,1.0,61.8,1009.0,955.0,0.0,0.0,1.0,1.0,0.0
4212,2011.0,1.0,61.8,1010.0,955.0,0.0,0.0,1.0,1.0,0.0
4213,2011.0,1.0,61.8,1011.0,955.0,0.0,0.0,1.0,1.0,0.0
4214,2011.0,1.0,61.8,1012.0,955.0,0.0,0.0,1.0,1.0,0.0
4215,2011.0,1.0,61.8,1013.0,955.0,0.0,0.0,1.0,1.0,0.0
4216,2011.0,1.0,61.8,1014.0,955.0,0.0,0.0,1.0,1.0,0.0
4217,2011.0,1.0,61.8,1015.0,955.0,0.0,0.0,1.0,1.0,0.0
4218,2011.0,1.0,61.8,1016.0,955.0,0.0,0.0,1.0,1.0,0.0
4219,2011.0,1.0,61.8,1017.0,955.0,0.0,0.0,1.0,1.0,0.0
4220,2011.0,1.0,61.8,1018.0,955.0,0.0,0.0,1.0,1.0,0.0
4221,2011.0,1.0,61.8,1019.0,955.0,0.0,0.0,1.0,1.0,0.0
4222,2011.0,1.0,61.8,1020.0,955.0,0.0,0.0,1.0,1.0,0.0
4223,2011.0,1.0,61.8,1021.0,955.0,0.0,0.0,1.0,1.0,0.0
4224,2011.0,1.0,61.8,1022.0,955.0,0.0,0.0,1.0,1.0,0.0
4225,2011.0,1.0,61.8,1023.0,955.0,0.0,0.0,1.0,1.0,0.0
4226,2011.0,1.0,61.8,1024.0,955.0,0.0,0.0,1.0,1.0,0.0
4227,2011.0,1.0,61.8,1025.0,955.0,0.0,0.0,1.0,1.0,0.0
4228,2011.0,1.0,61.8,1026.0,955.0,0.0,0.0,1.0,1.0,0.0
4229,2011.0,1.0,61.8,1027.0,955.0,0.0,0.0,1.0,1.0,0.0
4230,2011.0,1.0,61.8,1028.0,955.0,0.0,0.0,1.0,1.0,0.0
4231,2011.0,1.0,61.8,1029.0,955.0,0.0,0.0,1.0,1.0,0.0
4232,2011.0,1.0,61.8,1030.0,955.0,0.0,0.0,1.0,1.0,0.0
4233,2011.0,1.0,61.8,1031.0,955.0,0.0,0.0,1.0,1.0,0.0
4234,2011.0,1.0,61.8,1032.0,955.0,0.0,0.0,1.0,1.0,0.0
4235,2011.0,1.0,61.8,1033.0,955.0,0.0,0.0,1.0,1.0,0.0
4236,2011.0,1.0,61.8,1034.0,955.0,0.0,0.0,1.0,1.0,0.0
4237,2011.0,1.0,61.8,1035.0,955.0,0.0,0.0,1.0,1.0,0.0
4238,2011.0,1.0,61.8,1036.0,955.0,0.0,0.0,1.0,1.0,0.0
4239,2011.0,1.0,61.8,1037.0,955.0,0.0,0.0,1.0,1.0,0.0
4240,2011.0,1.0,61.8,1038.0,955.0,0.0,0.0,1.0,1.0,0.0
4241,2011.0,1.0,61.8,1039.0,955.0,0.0,0.0,1.0,1.0,0.0
4242,2011.0,1.0,61.8,1040.0,955.0,0.0,0.0,1.0,1.0,0.0
4243,2011.0,1.0,61.8,1041.0,955.0,0.0,0.0,1.0,1.0,0.0
4244,2011.0,1.0,61.8,1042.0,955.0,0.0,0.0,1.0,1.0,0.0
4245,2011.0,1.0,61.8,1043.0,955.0,0.0,0.0,1.0,1.0,0.0
4246,2011.0,1.0,61.8,1044.0,955.0,0.0,0.0,1.0,1.0,0.0
4247,2011.0,1.0,61.8,1045.0,955.0,0.0,0.0,1.0,1.0,0.0
4248,2011.0,1.0,61.8,1046.0,955.0,0.0,0.0,1.0,1.0,0.0
4249,2011.0,1.0,61.8,1047.0,955.0,0.0,0.0,1.0,1.0,0.0
4250,2011.0,1.0,61.8,1048.0,955.0,0.0,0.0,1.0,1.0,0.0
4251,2011.0,1.0,61.8,1049.0,955.0,0.0,0.0,1.0,1.0,0.0
4252,2011.0,1.0,61.8,1050.0,955.0,0.0,0.0,1.0,1.0,0.0
4253,2011.0,1.0,61.8,1051.0,955.0,0.0,0.0,1.0,1.0,0.0
4254,2011.0,1.0,61.8,1052.0,955.0,0.0,0.0,1.0,1.0,0.0
4255,2011.0,1.0,61.8,1053.0,955.0,0.0,0.0,1.0,1.0,0.0
4256,2011.0,1.0,61.8,1054.0,955.0,0.0,0.0,1.0,1.0,0.0
4257,2011.0,1.0,61.8,1055.0,955.0,0.0,0.0,1.0,1.0,0.0
4258,2011.0,1.0,61.8,1056.0,955.0,0.0,0.0,1.0,1.0,0.0
4259,2011.0,1.0,61.8,1057.0,955.0,0.0,0.0,1.0,1.0,0.0
4260,2011.0,1.0,61.8,1058.0,955.0,0.0,0.0,1.0,1.0,0.0
4261,2011.0,1.0,61.8,1059.0,955.0,0.0,0.0,1.0,1.0,0.0
4262,2011.0,1.0,61.8,1060.0,955.0,0.0,0.0,1.0,1.0,0.0
4263,2011.0,1.0,61.8,1061.0,955.0,0.0,0.0,1.0,1.0,0.0
4264,2011.0,1.0,61.8,1062.0,955.0,0.0,0.0,1.0,1.0,0.0
4265,2011.0,1.0,61.8,1063.0,955.0,0.0,0.0,1.0,1.0,0.0
4266,2011.0,1.0,61.8,1064.0,955.0,0.0,0.0,1.0,1.0,0.0
4267,2011.0,1.0,61.8,1065.0,955.0,0.0,0.0,1.0,1.0,0.0
4268,2011.0,1.0,61.8,1066.0,955.0,0.0,0.0,1.0,1.0,0.0
4269,2011.0,1.0,61.8,1067.0,955.0,0.0,0.0,1.0,1.0,0.0
4270,2011.0,1.0,61.8,1068.0,955.0,0.0,0.0,1.0,1.0,0.0
4271,2011.0,1.0,61.8,1069.0,955.0,0.0,0.0,1.0,1.0,0.0
4272,2011.0,1.0,61.8,1070.0,955.0,0.0,0.0,1.0,1.0,0.0
4273,2011.0,1.0,61.8,1071.0,955.0,0.0,0.0,1.0,1.0,0.0
4274,2011.0,1.0,61.8,1072.0,955.0,0.0,0.0,1.0,1.0,0.0
4275,2011.0,1.0,61.8,1073.0,955.0,0.0,0.0,1.0,1.0,0.0
4276,2011.0,1.0,61.8,1074.0,955.0,0.0,0.0,1.0,1.0,0.0
4277,2011.0,1.0,61.8,1075.0,955.0,0.0,0.0,1.0,1.0,0.0
4278,2011.0,1.0,61.8,1076.0,955.0,0.0,0.0,1.0,1.0,0.0
4279,2011.0,1.0,61.8,1077.0,955.0,0.0,0.0,1.0,1.0,0.0
4280,2011.0,1.0,61.8,1078.0,955.0,0.0,0.0,1.0,1.0,0.0
4281,2011.0,1.0,61.8,1079.0,955.0,0.0,0.0,1.0,1.0,0.0
4282,2011.0,1.0,61.8,1080.0,955.0,0.0,0.0,1.0,1.0,0.0
4283,2011.0,1.0,61.8,1081.0,955.0,0.0,0.0,1.0,1.0,0.0
4284,2011.0,1.0,61.8,1082.0,955.0,0.0,0.0,1.0,1.0,0.0
4285,2011.0,1.0,61.8,1083.0,955.0,0.0,0.0,1.0,1.0,0.0
4286,2011.0,1.0,61.8,1084.0,955.0,0.0,0.0,1.0,1.0,0.0
4287,2011.0,1.0,61.8,1085.0,955.0,0.0,0.0,1.0,1.0,0.0
4288,2011.0,1.0,61.8,1086.0,955.0,0.0,0.0,1.0,1.0,0.0
4289,2011.0,1.0,61.8,1087.0,955.0,0.0,0.0,1.0,1.0,0.0
4290,2011.0,1.0,61.8,1088.0,955.0,0.0,0.0,1.0,1.0,0.0
4291,2011.0,1.0,61.8,1089.0,955.0,0.0,0.0,1.0,1.0,0.0
4292,2011.0,1.0,61.8,1090.0,955.0,0.0,0.0,1.0,1.0,0.0
4293,2011.0,1.0,61.8,1091.0,955.0,0.0,0.0,1.0,1.0,0.0
4294,2011.0,1.0,61.8,1092.0,955.0,0.0,0.0,1.0,1.0,0.0
4295,2011.0,1.0,61.8,1093.0,955.0,0.0,0.0,1.0,1.0,0.0
4296,2011.0,1.0,61.8,1094.0,955.0,0.0,0.0,1.0,1.0,0.0
4297,2011.0,1.0,61.8,1095.0,955.0,0.0,0.0,1.0,1.0,0.0
4298,2011.0,1.0,61.8,1096.0,955.0,0.0,0.0,1.0,1.0,0.0
4299,2011.0,1.0,61.8,1097.0,955.0,0.0,0.0,1.0,1.0,0.0
4300,2011.0,1.0,61.8,1098.0,955.0,0.0,0.0,1.0,1.0,0.0
4301,2011.0,1.0,61.8,1099.0,955.0,0.0,0.0,1.0,1.0,0.0
4302,2011.0,1.0,61.8,1100.0,955.0,0.0,0.0,1.0,1.0,0.0
4303,2011.0,1.0,61.8,1101.0,955.0,0.0,0.0,1.0,1.0,0.0
4304,2011.0,1.0,61.8,1102.0,955.0,0.0,0.0,1.0,1.0,0.0
4305,2011.0,1.0,61.8,1103.0,955.0,0.0,0.0,1.0,1.0,0.0
4306,2011.0,1.0,61.8,1104.0,955.0,0.0,0.0,1.0,1.0,0.0
4307,2011.0,1.0,61.8,1105.0,955.0,0.0,0.0,1.0,1.0,0.0
4308,2011.0,1.0,61.8,1106.0,955.0,0.0,0.0,1.0,1.0,0.0
4309,2011.0,1.0,61.8,1107.0,955.0,0.0,0.0,1.0,1.0,0.0
4310,2011.0,1.0,61.8,1108.0,955.0,0.0,0.0,1.0,1.0,0.0
4311,2011.0,1.0,61.8,1109.0,955.0,0.0,0.0,1.0,1.0,0.0
4312,2011.0,1.0,61.8,1110.0,955.0,0.0,0.0,1.0,1.0,0.0
4313,2011.0,1.0,61.8,1111.0,955.0,0.0,0.0,1.0,1.0,0.0
4314,2011.0,1.0,61.8,1112.0,955.0,0.0,0.0,1.0,1.0,0.0
4315,2011.0,1.0,61.8,1113.0,955.0,0.0,0.0,1.0,1.0,0.0
4316,2011.0,1.0,61.8,1114.0,955.0,0.0,0.0,1.0,1.0,0.0
4317,2011.0,1.0,61.8,1115.0,955.0,0.0,0.0,1.0,1.0,0.0
4318,2011.0,1.0,61.8,1116.0,955.0,0.0,0.0,1.0,1.0,0.0
4319,2011.0,1.0,61.8,1117.0,955.0,0.0,0.0,1.0,1.0,0.0
4320,2011.0,1.0,61.8,1118.0,955.0,0.0,0.0,1.0,1.0,0.0
4321,2011.0,1.0,61.8,1119.0,955.0,0.0,0.0,1.0,1.0,0.0
4322,2011.0,1.0,61.8,1120.0,955.0,0.0,0.0,1.0,1.0,0.0
4323,2011.0,1.0,61.8,1121.0,955.0,0.0,0.0,1.0,1.0,0.0
4324,2011.0,1.0,61.8,1122.0,955.0,0.0,0.0,1.0,1.0,0.0
4325,2011.0,1.0,61.8,1123.0,955.0,0.0,0.0,1.0,1.0,0.0
4326,2011.0,1.0,61.8,1124.0,955.0,0.0,0.0,1.0,1.0,0.0
4327,2011.0,1.0,61.8,1125.0,955.0,0.0,0.0,1.0,1.0,0.0
4328,2011.0,1.0,61.8,1126.0,955.0,0.0,0.0,1.0,1.0,0.0
4329,2011.0,1.0,61.8,1127.0,955.0,0.0,0.0,1.0,1.0,0.0
4330,2011.0,1.0,61.8,1128.0,955.0,0.0,0.0,1.0,1.0,0.0
4331,2011.0,1.0,61.8,1129.0,955.0,0.0,0.0,1.0,1.0,0.0
4332,2011.0,1.0,61.8,1130.0,955.0,0.0,0.0,1.0,1.0,0.0
4333,2011.0,1.0,61.8,1131.0,955.0,0.0,0.0,1.0,1.0,0.0
4334,2011.0,1.0,61.8,1132.0,955.0,0.0,0.0,1.0,1.0,0.0
4335,2011.0,1.0,61.8,1133.0,955.0,0.0,0.0,1.0,1.0,0.0
4336,2011.0,1.0,61.8,1134.0,955.0,0.0,0.0,1.0,1.0,0.0
4337,2011.0,1.0,61.8,1135.0,955.0,0.0,0.0,1.0,1.0,0.0
4338,2011.0,1.0,61.8,1136.0,955.0,0.0,0.0,1.0,1.0,0.0
4339,2011.0,1.0,61.8,1137.0,955.0,0.0,0.0,1.0,1.0,0.0
4340,2011.0,1.0,61.8,1138.0,955.0,0.0,0.0,1.0,1.0,0.0
4341,2011.0,1.0,61.8,1139.0,955.0,0.0,0.0,1.0,1.0,0.0
4342,2011.0,1.0,61.8,1140.0,955.0,0.0,0.0,1.0,1.0,0.0
4343,2011.0,1.0,61.8,1141.0,955.0,0.0,0.0,1.0,1.0,0.0
4344,2011.0,1.0,61.8,1142.0,955.0,0.0,0.0,1.0,1.0,0.0
4345,2011.0,1.0,61.8,1143.0,955.0,0.0,0.0,1.0,1.0,0.0
4346,2011.0,1.0,61.8,1144.0,955.0,0.0,0.0,1.0,1.0,0.0
4347,2011.0,1.0,61.8,1145.0,955.0,0.0,0.0,1.0,1.0,0.0
4348,2011.0,1.0,61.8,1146.0,955.0,0.0,0.0,1.0,1.0,0.0
4349,2011.0,1.0,61.8,1147.0,955.0,0.0,0.0,1.0,1.0,0.0
4350,2011.0,1.0,61.8,1148.0,955.0,0.0,0.0,1.0,1.0,0.0
4351,2011.0,1.0,61.8,1149.0,955.0,0.0,0.0,1.0,1.0,0.0
4352,2011.0,1.0,61.8,1150.0,955.0,0.0,0.0,1.0,1.0,0.0
4353,2011.0,1.0,61.8,1151.0,955.0,0.0,0.0,1.0,1.0,0.0
4354,2011.0,1.0,61.8,1152.0,955.0,0.0,0.0,1.0,1.0,0.0
4355,2011.0,1.0,61.8,1153.0,955.0,0.0,0.0,1.0,1.0,0.0
4356,2011.0,1.0,61.8,1154.0,955.0,0.0,0.0,1.0,1.0,0.0
4357,2011.0,1.0,61.8,1155.0,955.0,0.0,0.0,1.0,1.0,0.0
4358,2011.0,1.0,61.8,1156.0,955.0,0.0,0.0,1.0,1.0,0.0
4359,2011.0,1.0,61.8,1157.0,955.0,0.0,0.0,1.0,1.0,0.0
4360,2011.0,1.0,61.8,1158.0,955.0,0.0,0.0,1.0,1.0,0.0
4361,2011.0,1.0,61.8,1159.0,955.0,0.0,0.0,1.0,1.0,0.0
4362,2011.0,1.0,61.8,1160.0,955.0,0.0,0.0,1.0,1.0,0.0
4363,2011.0,1.0,61.8,1161.0,955.0,0.0,0.0,1.0,1.0,0.0
4364,2011.0,1.0,61.8,1162.0,955.0,0.0,0.0,1.0,1.0,0.0
4365,2011.0,1.0,61.8,1163.0,955.0,0.0,0.0,1.0,1.0,0.0
4366,2011.0,1.0,61.8,1164.0,955.0,0.0,0.0,1.0,1.0,0.0
4367,2011.0,1.0,61.8,1165.0,955.0,0.0,0.0,1.0,1.0,0.0
4368,2011.0,1.0,61.8,1166.0,955.0,0.0,0.0,1.0,1.0,0.0
4369,2011.0,1.0,61.8,1167.0,955.0,0.0,0.0,1.0,1.0,0.0
4370,2011.0,1.0,61.8,1168.0,955.0,0.0,0.0,1.0,1.0,0.0
4371,2011.0,1.0,61.8,1169.0,955.0,0.0,0.0,1.0,1.0,0.0
4372,2011.0,1.0,61.8,1170.0,955.0,0.0,0.0,1.0,1.0,0.0
4373,2011.0,1.0,61.8,1171.0,955.0,0.0,0.0,1.0,1.0,0.0
4374,2011.0,1.0,61.8,1172.0,955.0,0.0,0.0,1.0,1.0,0.0
4375,2011.0,1.0,61.8,1173.0,955.0,0.0,0.0,1.0,1.0,0.0
4376,2011.0,1.0,61.8,1174.0,955.0,0.0,0.0,1.0,1.0,0.0
4377,2011.0,1.0,61.8,1175.0,955.0,0.0,0.0,1.0,1.0,0.0
4378,2011.0,1.0,61.8,1176.0,955.0,0.0,0.0,1.0,1.0,0.0
4379,2011.0,1.0,61.8,1177.0,955.0,0.0,0.0,1.0,1.0,0.0
4380,2011.0,1.0,61.8,1178.0,955.0,0.0,0.0,1.0,1.0,0.0
4381,2011.0,1.0,61.8,1179.0,955.0,0.0,0.0,1.0,1.0,0.0
4382,2011.0,1.0,61.8,1180.0,955.0,0.0,0.0,1.0,1.0,0.0
4383,2011.0,1.0,61.8,1181.0,955.0,0.0,0.0,1.0,1.0,0.0
4384,2011.0,1.0,61.8,1182.0,955.0,0.0,0.0,1.0,1.0,0.0
4385,2011.0,1.0,61.8,1183.0,955.0,0.0,0.0,1.0,1.0,0.0
4386,2011.0,1.0,61.8,1184.0,955.0,0.0,0.0,1.0,1.0,0.0
4387,2011.0,1.0,61.8,1185.0,955.0,0.0,0.0,1.0,1.0,0.0
4388,2011.0,1.0,61.8,1186.0,955.0,0.0,0.0,1.0,1.0,0.0
4389,2011.0,1.0,61.8,1187.0,955.0,0.0,0.0,1.0,1.0,0.0
4390,2011.0,1.0,61.8,1188.0,955.0,0.0,0.0,1.0,1.0,0.0
4391,2011.0,1.0,61.8,1189.0,955.0,0.0,0.0,1.0,1.0,0.0
4392,2011.0,1.0,61.8,1190.0,955.0,0.0,0.0,1.0,1.0,0.0
4393,2011.0,1.0,61.8,1191.0,955.0,0.0,0.0,1.0,1.0,0.0
4394,2011.0,1.0,61.8,1192.0,955.0,0.0,0.0,1.0,1.0,0.0
4395,2011.0,1.0,61.8,1193.0,955.0,0.0,0.0,1.0,1.0,0.0
4396,2011.0,1.0,61.8,1194.0,955.0,0.0,0.0,1.0,1.0,0.0
4397,2011.0,1.0,61.8,1195.0,955.0,0.0,0.0,1.0,1.0,0.0
4398,2011.0,1.0,61.8,1196.0,955.0,0.0,0.0,1.0,1.0,0.0
4399,2011.0,1.0,61.8,1197.0,955.0,0.0,0.0,1.0,1.0,0.0
4400,2011.0,1.0,61.8,1198.0,955.0,0.0,0.0,1.0,1.0,0.0
4401,2011.0,1.0,61.8,1199.0,955.0,0.0,0.0,1.0,1.0,0.0
4402,2011.0,1.0,61.8,1200.0,955.0,0.0,0.0,1.0,1.0,0.0
4403,2011.0,1.0,61.8,1201.0,955.0,0.0,0.0,1.0,1.0,0.0
4404,2011.0,1.0,61.8,1202.0,955.0,0.0,0.0,1.0,1.0,0.0
4405,2011.0,1.0,61.8,1203.0,955.0,0.0,0.0,1.0,1.0,0.0
4406,2011.0,1.0,61.8,1204.0,955.0,0.0,0.0,1.0,1.0,0.0
4407,2011.0,1.0,61.8,1205.0,955.0,0.0,0.0,1.0,1.0,0.0
4408,2011.0,1.0,61.8,1206.0,955.0,0.0,0.0,1.0,1.0,0.0
4409,2011.0,1.0,61.8,1207.0,955.0,0.0,0.0,1.0,1.0,0.0
4410,2011.0,1.0,61.8,1208.0,955.0,0.0,0.0,1.0,1.0,0.0
4411,2011.0,1.0,61.8,1209.0,955.0,0.0,0.0,1.0,1.0,0.0
4412,2011.0,1.0,61.8,1210.0,955.0,0.0,0.0,1.0,1.0,0.0
4413,2011.0,1.0,61.8,1211.0,955.0,0.0,0.0,1.0,1.0,0.0
4414,2011.0,1.0,61.8,1212.0,955.0,0.0,0.0,1.0,1.0,0.0
4415,2011.0,1.0,61.8,1213.0,955.0,0.0,0.0,1.0,1.0,0.0
4416,2011.0,1.0,61.8,1214.0,955.0,0.0,0.0,1.0,1.0,0.0
4417,2011.0,1.0,61.8,1215.0,955.0,0.0,0.0,1.0,1.0,0.0
4418,2011.0,1.0,61.8,1216.0,955.0,0.0,0.0,1.0,1.0,0.0
4419,2011.0,1.0,61.8,1217.0,955.0,0.0,0.0,1.0,1.0,0.0
4420,2011.0,1.0,61.8,1218.0,955.0,0.0,0.0,1.0,1.0,0.0
4421,2011.0,1.0,61.8,1219.0,955.0,0.0,0.0,1.0,1.0,0.0
4422,2011.0,1.0,61.8,1220.0,955.0,0.0,0.0,1.0,1.0,0.0
4423,2011.0,1.0,61.8,1221.0,955.0,0.0,0.0,1.0,1.0,0.0
4424,2011.0,1.0,61.8,1222.0,955.0,0.0,0.0,1.0,1.0,0.0
4425,2011.0,1.0,61.8,1223.0,955.0,0.0,0.0,1.0,1.0,0.0
4426,2011.0,1.0,61.8,1224.0,955.0,0.0,0.0,1.0,1.0,0.0
4427,2011.0,1.0,61.8,1225.0,955.0,0.0,0.0,1.0,1.0,0.0
4428,2011.0,1.0,61.8,1226.0,955.0,0.0,0.0,1.0,1.0,0.0
4429,2011.0,1.0,61.8,1227.0,955.0,0.0,0.0,1.0,1.0,0.0
4430,2011.0,1.0,61.8,1228.0,955.0,0.0,0.0,1.0,1.0,0.0
4431,2011.0,1.0,61.8,1229.0,955.0,0.0,0.0,1.0,1.0,0.0
4432,2011.0,1.0,61.8,1230.0,955.0,0.0,0.0,1.0,1.0,0.0
4433,2011.0,1.0,61.8,1231.0,955.0,0.0,0.0,1.0,1.0,0.0
4434,2011.0,1.0,61.8,1232.0,955.0,0.0,0.0,1.0,1.0,0.0
4435,2011.0,1.0,61.8,1233.0,955.0,0.0,0.0,1.0,1.0,0.0
4436,2011.0,1.0,61.8,1234.0,955.0,0.0,0.0,1.0,1.0,0.0
4437,2011.0,1.0,61.8,1235.0,955.0,0.0,0.0,1.0,1.0,0.0
4438,2011.0,1.0,61.8,1236.0,955.0,0.0,0.0,1.0,1.0,0.0
4439,2011.0,1.0,61.8,1237.0,955.0,0.0,0.0,1.0,1.0,0.0
4440,2011.0,1.0,61.8,1238.0,955.0,0.0,0.0,1.0,1.0,0.0
4441,2011.0,1.0,61.8,1239.0,955.0,0.0,0.0,1.0,1.0,0.0
4442,2011.0,1.0,61.8,1240.0,955.0,0.0,0.0,1.0,1.0,0.0
4443,2011.0,1.0,61.8,1241.0,955.0,0.0,0.0,1.0,1.0,0.0
4444,2011.0,1.0,61.8,1242.0,955.0,0.0,0.0,1.0,1.0,0.0
4445,2011.0,1.0,61.8,1243.0,955.0,0.0,0.0,1.0,1.0,0.0
4446,2011.0,1.0,61.8,1244.0,955.0,0.0,0.0,1.0,1.0,0.0
4447,2011.0,1.0,61.8,1245.0,955.0,0.0,0.0,1.0,1.0,0.0
4448,2011.0,1.0,61.8,1246.0,955.0,0.0,0.0,1.0,1.0,0.0
4449,2011.0,1.0,61.8,1247.0,955.0,0.0,0.0,1.0,1.0,0.0
4450,2011.0,1.0,61.8,1248.0,955.0,0.0,0.0,1.0,1.0,0.0
4451,2011.0,1.0,61.8,1249.0,955.0,0.0,0.0,1.0,1.0,0.0
4452,2011.0,1.0,61.8,1250.0,955.0,0.0,0.0,1.0,1.0,0.0
4453,2011.0,1.0,61.8,1251.0,955.0,0.0,0.0,1.0,1.0,0.0
4454,2011.0,1.0,61.8,1252.0,955.0,0.0,0.0,1.0,1.0,0.0
4455,2011.0,1.0,61.8,1253.0,955.0,0.0,0.0,1.0,1.0,0.0
4456,2011.0,1.0,61.8,1254.0,955.0,0.0,0.0,1.0,1.0,0.0
4457,2011.0,1.0,61.8,1255.0,955.0,0.0,0.0,1.0,1.0,0.0
4458,2011.0,1.0,61.8,1256.0,955.0,0.0,0.0,1.0,1.0,0.0
4459,2011.0,1.0,61.8,1257.0,955.0,0.0,0.0,1.0,1.0,0.0
4460,2011.0,1.0,61.8,1258.0,955.0,0.0,0.0,1.0,1.0,0.0
4461,2011.0,1.0,61.8,1259.0,955.0,0.0,0.0,1.0,1.0,0.0
4462,2011.0,1.0,61.8,1260.0,955.0,0.0,0.0,1.0,1.0,0.0
4463,2011.0,1.0,61.8,1261.0,955.0,0.0,0.0,1.0,1.0,0.0
4464,2011.0,1.0,61.8,1262.0,955.0,0.0,0.0,1.0,1.0,0.0
4465,2011.0,1.0,61.8,1263.0,955.0,0.0,0.0,1.0,1.0,0.0
4466,2011.0,1.0,61.8,1264.0,955.0,0.0,0.0,1.0,1.0,0.0
4467,2011.0,1.0,61.8,1265.0,955.0,0.0,0.0,1.0,1.0,0.0
4468,2011.0,1.0,61.8,1266.0,955.0,0.0,0.0,1.0,1.0,0.0
4469,2011.0,1.0,61.8,1267.0,955.0,0.0,0.0,1.0,1.0,0.0
4470,2011.0,1.0,61.8,1268.0,955.0,0.0,0.0,1.0,1.0,0.0
4471,2011.0,1.0,61.8,1269.0,955.0,0.0,0.0,1.0,1.0,0.0
4472,2011.0,1.0,61.8,1270.0,955.0,0.0,0.0,1.0,1.0,0.0
4473,2011.0,1.0,61.8,1271.0,955.0,0.0,0.0,1.0,1.0,0.0
4474,2011.0,1.0,61.8,1272.0,955.0,0.0,0.0,1.0,1.0,0.0
4475,2011.0,1.0,61.8,1273.0,955.0,0.0,0.0,1.0,1.0,0.0
4476,2011.0,1.0,61.8,1274.0,955.0,0.0,0.0,1.0,1.0,0.0
4477,2011.0,1.0,61.8,1275.0,955.0,0.0,0.0,1.0,1.0,0.0
4478,2011.0,1.0,61.8,1276.0,955.0,0.0,0.0,1.0,1.0,0.0
4479,2011.0,1.0,61.8,1277.0,955.0,0.0,0.0,1.0,1.0,0.0
4480,2011.0,1.0,61.8,1278.0,955.0,0.0,0.0,1.0,1.0,0.0
4481,2011.0,1.0,61.8,1279.0,955.0,0.0,0.0,1.0,1.0,0.0
4482,2011.0,1.0,61.8,1280.0,955.0,0.0,0.0,1.0,1.0,0.0
4483,2011.0,1.0,61.8,1281.0,955.0,0.0,0.0,1.0,1.0,0.0
4484,2011.0,1.0,61.8,1282.0,955.0,0.0,0.0,1.0,1.0,0.0
4485,2011.0,1.0,61.8,1283.0,955.0,0.0,0.0,1.0,1.0,0.0
4486,2011.0,1.0,61.8,1284.0,955.0,0.0,0.0,1.0,1.0,0.0
4487,2011.0,1.0,61.8,1285.0,955.0,0.0,0.0,1.0,1.0,0.0
4488,2011.0,1.0,61.8,1286.0,955.0,0.0,0.0,1.0,1.0,0.0
4489,2011.0,1.0,61.8,1287.0,955.0,0.0,0.0,1.0,1.0,0.0
4490,2011.0,1.0,61.8,1288.0,955.0,0.0,0.0,1.0,1.0,0.0
4491,2011.0,1.0,61.8,1289.0,955.0,0.0,0.0,1.0,1.0,0.0
4492,2011.0,1.0,61.8,1290.0,955.0,0.0,0.0,1.0,1.0,0.0
4493,2011.0,1.0,61.8,1291.0,955.0,0.0,0.0,1.0,1.0,0.0
4494,2011.0,1.0,61.8,1292.0,955.0,0.0,0.0,1.0,1.0,0.0
4495,2011.0,1.0,61.8,1293.0,955.0,0.0,0.0,1.0,1.0,0.0
4496,2011.0,1.0,61.8,1294.0,955.0,0.0,0.0,1.0,1.0,0.0
4497,2011.0,1.0,61.8,1295.0,955.0,0.0,0.0,1.0,1.0,0.0
4498,2011.0,1.0,61.8,1296.0,955.0,0.0,0.0,1.0,1.0,0.0
4499,2011.0,1.0,61.8,1297.0,955.0,0.0,0.0,1.0,1.0,0.0
4500,2011.0,1.0,61.8,1298.0,955.0,0.0,0.0,1.0,1.0,0.0
4501,2011.0,1.0,61.8,1299.0,955.0,0.0,0.0,1.0,1.0,0.0
4502,2011.0,1.0,61.8,1300.0,955.0,0.0,0.0,1.0,1.0,0.0
4503,2011.0,1.0,61.8,1301.0,955.0,0.0,0.0,1.0,1.0,0.0
4504,2011.0,1.0,61.8,1302.0,955.0,0.0,0.0,1.0,1.0,0.0
4505,2011.0,1.0,61.8,1303.0,955.0,0.0,0.0,1.0,1.0,0.0
4506,2011.0,1.0,61.8,1304.0,955.0,0.0,0.0,1.0,1.0,0.0
4507,2011.0,1.0,61.8,1305.0,955.0,0.0,0.0,1.0,1.0,0.0
4508,2011.0,1.0,61.8,1306.0,955.0,0.0,0.0,1.0,1.0,0.0
4509,2011.0,1.0,61.8,1307.0,955.0,0.0,0.0,1.0,1.0,0.0
4510,2011.0,1.0,61.8,1308.0,955.0,0.0,0.0,1.0,1.0,0.0
4511,2011.0,1.0,61.8,1309.0,955.0,0.0,0.0,1.0,1.0,0.0
4512,2011.0,1.0,61.8,1310.0,955.0,0.0,0.0,1.0,1.0,0.0
4513,2011.0,1.0,61.8,1311.0,955.0,0.0,0.0,1.0,1.0,0.0
4514,2011.0,1.0,61.8,1312.0,955.0,0.0,0.0,1.0,1.0,0.0
4515,2011.0,1.0,61.8,1313.0,955.0,0.0,0.0,1.0,1.0,0.0
4516,2011.0,1.0,61.8,1314.0,955.0,0.0,0.0,1.0,1.0,0.0
4517,2011.0,1.0,61.8,1315.0,955.0,0.0,0.0,1.0,1.0,0.0
4518,2011.0,1.0,61.8,1316.0,955.0,0.0,0.0,1.0,1.0,0.0
4519,2011.0,1.0,61.8,1317.0,955.0,0.0,0.0,1.0,1.0,0.0
4520,2011.0,1.0,61.8,1318.0,955.0,0.0,0.0,1.0,1.0,0.0
4521,2011.0,1.0,61.8,1319.0,955.0,0.0,0.0,1.0,1.0,0.0
4522,2011.0,1.0,61.8,1320.0,955.0,0.0,0.0,1.0,1.0,0.0
4523,2011.0,1.0,61.8,1321.0,955.0,0.0,0.0,1.0,1.0,0.0
4524,2011.0,1.0,61.8,1322.0,955.0,0.0,0.0,1.0,1.0,0.0
4525,2011.0,1.0,61.8,1323.0,955.0,0.0,0.0,1.0,1.0,0.0
4526,2011.0,1.0,61.8,1324.0,955.0,0.0,0.0,1.0,1.0,0.0
4527,2011.0,1.0,61.8,1325.0,955.0,0.0,0.0,1.0,1.0,0.0
4528,2011.0,1.0,61.8,1326.0,955.0,0.0,0.0,1.0,1.0,0.0
4529,2011.0,1.0,61.8,1327.0,955.0,0.0,0.0,1.0,1.0,0.0
4530,2011.0,1.0,61.8,1328.0,955.0,0.0,0.0,1.0,1.0,0.0
4531,2011.0,1.0,61.8,1329.0,955.0,0.0,0.0,1.0,1.0,0.0
4532,2011.0,1.0,61.8,1330.0,955.0,0.0,0.0,1.0,1.0,0.0
4533,2011.0,1.0,61.8,1331.0,955.0,0.0,0.0,1.0,1.0,0.0
4534,2011.0,1.0,61.8,1332.0,955.0,0.0,0.0,1.0,1.0,0.0
4535,2011.0,1.0,61.8,1333.0,955.0,0.0,0.0,1.0,1.0,0.0
4536,2011.0,1.0,61.8,1334.0,955.0,0.0,0.0,1.0,1.0,0.0
4537,2011.0,1.0,61.8,1335.0,955.0,0.0,0.0,1.0,1.0,0.0
4538,2011.0,1.0,61.8,1336.0,955.0,0.0,0.0,1.0,1.0,0.0
4539,2011.0,1.0,61.8,1337.0,955.0,0.0,0.0,1.0,1.0,0.0
4540,2011.0,1.0,61.8,1338.0,955.0,0.0,0.0,1.0,1.0,0.0
4541,2011.0,1.0,61.8,1339.0,955.0,0.0,0.0,1.0,1.0,0.0
4542,2011.0,1.0,61.8,1340.0,955.0,0.0,0.0,1.0,1.0,0.0
4543,2011.0,1.0,61.8,1341.0,955.0,0.0,0.0,1.0,1.0,0.0
4544,2011.0,1.0,61.8,1342.0,955.0,0.0,0.0,1.0,1.0,0.0
4545,2011.0,1.0,61.8,1343.0,955.0,0.0,0.0,1.0,1.0,0.0
4546,2011.0,1.0,61.8,1344.0,955.0,0.0,0.0,1.0,1.0,0.0
4547,2011.0,1.0,61.8,1345.0,955.0,0.0,0.0,1.0,1.0,0.0
4548,2011.0,1.0,61.8,1346.0,955.0,0.0,0.0,1.0,1.0,0.0
4549,2011.0,1.0,61.8,1347.0,955.0,0.0,0.0,1.0,1.0,0.0
4550,2011.0,1.0,61.8,1348.0,955.0,0.0,0.0,1.0,1.0,0.0
4551,2011.0,1.0,61.8,1349.0,955.0,0.0,0.0,1.0,1.0,0.0
4552,2011.0,1.0,61.8,1350.0,955.0,0.0,0.0,1.0,1.0,0.0
4553,2011.0,1.0,61.8,1351.0,955.0,0.0,0.0,1.0,1.0,0.0
4554,2011.0,1.0,61.8,1352.0,955.0,0.0,0.0,1.0,1.0,0.0
4555,2011.0,1.0,61.8,1353.0,955.0,0.0,0.0,1.0,1.0,0.0
4556,2011.0,1.0,61.8,1354.0,955.0,0.0,0.0,1.0,1.0,0.0
4557,2011.0,1.0,61.8,1355.0,955.0,0.0,0.0,1.0,1.0,0.0
4558,2011.0,1.0,61.8,1356.0,955.0,0.0,0.0,1.0,1.0,0.0
4559,2011.0,1.0,61.8,1357.0,955.0,0.0,0.0,1.0,1.0,0.0
4560,2011.0,1.0,61.8,1358.0,955.0,0.0,0.0,1.0,1.0,0.0
4561,2011.0,1.0,61.8,1359.0,955.0,0.0,0.0,1.0,1.0,0.0
4562,2011.0,1.0,61.8,1360.0,955.0,0.0,0.0,1.0,1.0,0.0
4563,2011.0,1.0,61.8,1361.0,955.0,0.0,0.0,1.0,1.0,0.0
4564,2011.0,1.0,61.8,1362.0,955.0,0.0,0.0,1.0,1.0,0.0
4565,2011.0,1.0,61.8,1363.0,955.0,0.0,0.0,1.0,1.0,0.0
4566,2011.0,1.0,61.8,1364.0,955.0,0.0,0.0,1.0,1.0,0.0
4567,2011.0,1.0,61.8,1365.0,955.0,0.0,0.0,1.0,1.0,0.0
4568,2011.0,1.0,61.8,1366.0,955.0,0.0,0.0,1.0,1.0,0.0
4569,2011.0,1.0,61.8,1367.0,955.0,0.0,0.0,1.0,1.0,0.0
4570,2011.0,1.0,61.8,1368.0,955.0,0.0,0.0,1.0,1.0,0.0
4571,2011.0,1.0,61.8,1369.0,955.0,0.0,0.0,1.0,1.0,0.0
4572,2011.0,1.0,61.8,1370.0,955.0,0.0,0.0,1.0,1.0,0.0
4573,2011.0,1.0,61.8,1371.0,955.0,0.0,0.0,1.0,1.0,0.0
4574,2011.0,1.0,61.8,1372.0,955.0,0.0,0.0,1.0,1.0,0.0
4575,2011.0,1.0,61.8,1373.0,955.0,0.0,0.0,1.0,1.0,0.0
4576,2011.0,1.0,61.8,1374.0,955.0,0.0,0.0,1.0,1.0,0.0
4577,2011.0,1.0,61.8,1375.0,955.0,0.0,0.0,1.0,1.0,0.0
4578,2011.0,1.0,61.8,1376.0,955.0,0.0,0.0,1.0,1.0,0.0
4579,2011.0,1.0,61.8,1377.0,955.0,0.0,0.0,1.0,1.0,0.0
4580,2011.0,1.0,61.8,1378.0,955.0,0.0,0.0,1.0,1.0,0.0
4581,2011.0,1.0,61.8,1379.0,955.0,0.0,0.0,1.0,1.0,0.0
4582,2011.0,1.0,61.8,1380.0,955.0,0.0,0.0,1.0,1.0,0.0
4583,2011.0,1.0,61.8,1381.0,955.0,0.0,0.0,1.0,1.0,0.0
4584,2011.0,1.0,61.8,1382.0,955.0,0.0,0.0,1.0,1.0,0.0
4585,2011.0,1.0,61.8,1383.0,955.0,0.0,0.0,1.0,1.0,0.0
4586,2011.0,1.0,61.8,1384.0,955.0,0.0,0.0,1.0,1.0,0.0
4587,2011.0,1.0,61.8,1385.0,955.0,0.0,0.0,1.0,1.0,0.0
4588,2011.0,1.0,61.8,1386.0,955.0,0.0,0.0,1.0,1.0,0.0
4589,2011.0,1.0,61.8,1387.0,955.0,0.0,0.0,1.0,1.0,0.0
4590,2011.0,1.0,61.8,1388.0,955.0,0.0,0.0,1.0,1.0,0.0
4591,2011.0,1.0,61.8,1389.0,955.0,0.0,0.0,1.0,1.0,0.0
4592,2011.0,1.0,61.8,1390.0,955.0,0.0,0.0,1.0,1.0,0.0
4593,2011.0,1.0,61.8,1391.0,955.0,0.0,0.0,1.0,1.0,0.0
4594,2011.0,1.0,61.8,1392.0,955.0,0.0,0.0,1.0,1.0,0.0
4595,2011.0,1.0,61.8,1393.0,955.0,0.0,0.0,1.0,1.0,0.0
4596,2011.0,1.0,61.8,1394.0,955.0,0.0,0.0,1.0,1.0,0.0
4597,2011.0,1.0,61.8,1395.0,955.0,0.0,0.0,1.0,1.0,0.0
4598,2011.0,1.0,61.8,1396.0,955.0,0.0,0.0,1.0,1.0,0.0
4599,2011.0,1.0,61.8,1397.0,955.0,0.0,0.0,1.0,1.0,0.0
4600,2011.0,1.0,61.8,1398.0,955.0,0.0,0.0,1.0,1.0,0.0
4601,2011.0,1.0,61.8,1399.0,955.0,0.0,0.0,1.0,1.0,0.0
4602,2011.0,1.0,61.8,1400.0,955.0,0.0,0.0,1.0,1.0,0.0
4603,2011.0,1.0,61.8,1401.0,955.0,0.0,0.0,1.0,1.0,0.0
4604,2011.0,1.0,61.8,1402.0,955.0,0.0,0.0,1.0,1.0,0.0
4605,2011.0,1.0,61.8,1403.0,955.0,0.0,0.0,1.0,1.0,0.0
4606,2011.0,1.0,61.8,1404.0,955.0,0.0,0.0,1.0,1.0,0.0
4607,2011.0,1.0,61.8,1405.0,955.0,0.0,0.0,1.0,1.0,0.0
4608,2011.0,1.0,61.8,1406.0,955.0,0.0,0.0,1.0,1.0,0.0
4609,2011.0,1.0,61.8,1407.0,955.0,0.0,0.0,1.0,1.0,0.0
4610,2011.0,1.0,61.8,1408.0,955.0,0.0,0.0,1.0,1.0,0.0
4611,2011.0,1.0,61.8,1409.0,955.0,0.0,0.0,1.0,1.0,0.0
4612,2011.0,1.0,61.8,1410.0,955.0,0.0,0.0,1.0,1.0,0.0
4613,2011.0,1.0,61.8,1411.0,955.0,0.0,0.0,1.0,1.0,0.0
4614,2011.0,1.0,61.8,1412.0,955.0,0.0,0.0,1.0,1.0,0.0
4615,2011.0,1.0,61.8,1413.0,955.0,0.0,0.0,1.0,1.0,0.0
4616,2011.0,1.0,61.8,1414.0,955.0,0.0,0.0,1.0,1.0,0.0
4617,2011.0,1.0,61.8,1415.0,955.0,0.0,0.0,1.0,1.0,0.0
4618,2011.0,1.0,61.8,1416.0,955.0,0.0,0.0,1.0,1.0,0.0
4619,2011.0,1.0,61.8,1417.0,955.0,0.0,0.0,1.0,1.0,0.0
4620,2011.0,1.0,61.8,1418.0,955.0,0.0,0.0,1.0,1.0,0.0
4621,2011.0,1.0,61.8,1419.0,955.0,0.0,0.0,1.0,1.0,0.0
4622,2011.0,1.0,61.8,1420.0,955.0,0.0,0.0,1.0,1.0,0.0
4623,2011.0,1.0,61.8,1421.0,955.0,0.0,0.0,1.0,1.0,0.0
4624,2011.0,1.0,61.8,1422.0,955.0,0.0,0.0,1.0,1.0,0.0
4625,2011.0,1.0,61.8,1423.0,955.0,0.0,0.0,1.0,1.0,0.0
4626,2011.0,1.0,61.8,1424.0,955.0,0.0,0.0,1.0,1.0,0.0
4627,2011.0,1.0,61.8,1425.0,955.0,0.0,0.0,1.0,1.0,0.0
4628,2011.0,1.0,61.8,1426.0,955.0,0.0,0.0,1.0,1.0,0.0
4629,2011.0,1.0,61.8,1427.0,955.0,0.0,0.0,1.0,1.0,0.0
4630,2011.0,1.0,61.8,1428.0,955.0,0.0,0.0,1.0,1.0,0.0
4631,2011.0,1.0,61.8,1429.0,955.0,0.0,0.0,1.0,1.0,0.0
4632,2011.0,1.0,61.8,1430.0,955.0,0.0,0.0,1.0,1.0,0.0
4633,2011.0,1.0,61.8,1431.0,955.0,0.0,0.0,1.0,1.0,0.0
4634,2011.0,1.0,61.8,1432.0,955.0,0.0,0.0,1.0,1.0,0.0
4635,2011.0,1.0,61.8,1433.0,955.0,0.0,0.0,1.0,1.0,0.0
4636,2011.0,1.0,61.8,1434.0,955.0,0.0,0.0,1.0,1.0,0.0
4637,2011.0,1.0,61.8,1435.0,955.0,0.0,0.0,1.0,1.0,0.0
4638,2011.0,1.0,61.8,1436.0,955.0,0.0,0.0,1.0,1.0,0.0
4639,2011.0,1.0,61.8,1437.0,955.0,0.0,0.0,1.0,1.0,0.0
4640,2011.0,1.0,61.8,1438.0,955.0,0.0,0.0,1.0,1.0,0.0
4641,2011.0,1.0,61.8,1439.0,955.0,0.0,0.0,1.0,1.0,0.0
4642,2011.0,1.0,61.8,1440.0,955.0,0.0,0.0,1.0,1.0,0.0
4643,2011.0,1.0,61.8,1441.0,955.0,0.0,0.0,1.0,1.0,0.0
4644,2011.0,1.0,61.8,1442.0,955.0,0.0,0.0,1.0,1.0,0.0
4645,2011.0,1.0,61.8,1443.0,955.0,0.0,0.0,1.0,1.0,0.0
4646,2011.0,1.0,61.8,1444.0,955.0,0.0,0.0,1.0,1.0,0.0
4647,2011.0,1.0,61.8,1445.0,955.0,0.0,0.0,1.0,1.0,0.0
4648,2011.0,1.0,61.8,1446.0,955.0,0.0,0.0,1.0,1.0,0.0
4649,2011.0,1.0,61.8,1447.0,955.0,0.0,0.0,1.0,1.0,0.0
4650,2011.0,1.0,61.8,1448.0,955.0,0.0,0.0,1.0,1.0,0.0
4651,2011.0,1.0,61.8,1449.0,955.0,0.0,0.0,1.0,1.0,0.0
4652,2011.0,1.0,61.8,1450.0,955.0,0.0,0.0,1.0,1.0,0.0
4653,2011.0,1.0,61.8,1451.0,955.0,0.0,0.0,1.0,1.0,0.0
4654,2011.0,1.0,61.8,1452.0,955.0,0.0,0.0,1.0,1.0,0.0
4655,2011.0,1.0,61.8,1453.0,955.0,0.0,0.0,1.0,1.0,0.0
4656,2011.0,1.0,61.8,1454.0,955.0,0.0,0.0,1.0,1.0,0.0
4657,2011.0,1.0,61.8,1455.0,955.0,0.0,0.0,1.0,1.0,0.0
4658,2011.0,1.0,61.8,1456.0,955.0,0.0,0.0,1.0,1.0,0.0
4659,2011.0,1.0,61.8,1457.0,955.0,0.0,0.0,1.0,1.0,0.0
4660,2011.0,1.0,61.8,1458.0,955.0,0.0,0.0,1.0,1.0,0.0
4661,2011.0,1.0,61.8,1459.0,955.0,0.0,0.0,1.0,1.0,0.0
4662,2011.0,1.0,61.8,1460.0,955.0,0.0,0.0,1.0,1.0,0.0
4663,2011.0,1.0,61.8,1461.0,955.0,0.0,0.0,1.0,1.0,0.0
4664,2011.0,1.0,61.8,1462.0,955.0,0.0,0.0,1.0,1.0,0.0
4665,2011.0,1.0,61.8,1463.0,955.0,0.0,0.0,1.0,1.0,0.0
4666,2011.0,1.0,61.8,1464.0,955.0,0.0,0.0,1.0,1.0,0.0
4667,2011.0,1.0,61.8,1465.0,955.0,0.0,0.0,1.0,1.0,0.0
4668,2011.0,1.0,61.8,1466.0,955.0,0.0,0.0,1.0,1.0,0.0
4669,2011.0,1.0,61.8,1467.0,955.0,0.0,0.0,1.0,1.0,0.0
4670,2011.0,1.0,61.8,1468.0,955.0,0.0,0.0,1.0,1.0,0.0
4671,2011.0,1.0,61.8,1469.0,955.0,0.0,0.0,1.0,1.0,0.0
4672,2011.0,1.0,61.8,1470.0,955.0,0.0,0.0,1.0,1.0,0.0
4673,2011.0,1.0,61.8,1471.0,955.0,0.0,0.0,1.0,1.0,0.0
4674,2011.0,1.0,61.8,1472.0,955.0,0.0,0.0,1.0,1.0,0.0
4675,2011.0,1.0,61.8,1473.0,955.0,0.0,0.0,1.0,1.0,0.0
4676,2011.0,1.0,61.8,1474.0,955.0,0.0,0.0,1.0,1.0,0.0
4677,2011.0,1.0,61.8,1475.0,955.0,0.0,0.0,1.0,1.0,0.0
4678,2011.0,1.0,61.8,1476.0,955.0,0.0,0.0,1.0,1.0,0.0
4679,2011.0,1.0,61.8,1477.0,955.0,0.0,0.0,1.0,1.0,0.0
4680,2011.0,1.0,61.8,1478.0,955.0,0.0,0.0,1.0,1.0,0.0
4681,2011.0,1.0,61.8,1479.0,955.0,0.0,0.0,1.0,1.0,0.0
4682,2011.0,1.0,61.8,1480.0,955.0,0.0,0.0,1.0,1.0,0.0
4683,2011.0,1.0,61.8,1481.0,955.0,0.0,0.0,1.0,1.0,0.0
4684,2011.0,1.0,61.8,1482.0,955.0,0.0,0.0,1.0,1.0,0.0
4685,2011.0,1.0,61.8,1483.0,955.0,0.0,0.0,1.0,1.0,0.0
4686,2011.0,1.0,61.8,1484.0,955.0,0.0,0.0,1.0,1.0,0.0
4687,2011.0,1.0,61.8,1485.0,955.0,0.0,0.0,1.0,1.0,0.0
4688,2011.0,1.0,61.8,1486.0,955.0,0.0,0.0,1.0,1.0,0.0
4689,2011.0,1.0,61.8,1487.0,955.0,0.0,0.0,1.0,1.0,0.0
4690,2011.0,1.0,61.8,1488.0,955.0,0.0,0.0,1.0,1.0,0.0
4691,2011.0,1.0,61.8,1489.0,955.0,0.0,0.0,1.0,1.0,0.0
4692,2011.0,1.0,61.8,1490.0,955.0,0.0,0.0,1.0,1.0,0.0
4693,2011.0,1.0,61.8,1491.0,955.0,0.0,0.0,1.0,1.0,0.0
4694,2011.0,1.0,61.8,1492.0,955.0,0.0,0.0,1.0,1.0,0.0
4695,2011.0,1.0,61.8,1493.0,955.0,0.0,0.0,1.0,1.0,0.0
4696,2011.0,1.0,61.8,1494.0,955.0,0.0,0.0,1.0,1.0,0.0
4697,2011.0,1.0,61.8,1495.0,955.0,0.0,0.0,1.0,1.0,0.0
4698,2011.0,1.0,61.8,1496.0,955.0,0.0,0.0,1.0,1.0,0.0
4699,2011.0,1.0,61.8,1497.0,955.0,0.0,0.0,1.0,1.0,0.0
4700,2011.0,1.0,61.8,1498.0,955.0,0.0,0.0,1.0,1.0,0.0
4701,2011.0,1.0,61.8,1499.0,955.0,0.0,0.0,1.0,1.0,0.0
4702,2011.0,1.0,61.8,1500.0,955.0,0.0,0.0,1.0,1.0,0.0
4703,2011.0,1.0,61.8,1501.0,955.0,0.0,0.0,1.0,1.0,0.0
4704,2011.0,1.0,61.8,1502.0,955.0,0.0,0.0,1.0,1.0,0.0
4705,2011.0,1.0,61.8,1503.0,955.0,0.0,0.0,1.0,1.0,0.0
4706,2011.0,1.0,61.8,1504.0,955.0,0.0,0.0,1.0,1.0,0.0
4707,2011.0,1.0,61.8,1505.0,955.0,0.0,0.0,1.0,1.0,0.0
4708,2011.0,1.0,61.8,1506.0,955.0,0.0,0.0,1.0,1.0,0.0
4709,2011.0,1.0,61.8,1507.0,955.0,0.0,0.0,1.0,1.0,0.0
4710,2011.0,1.0,61.8,1508.0,955.0,0.0,0.0,1.0,1.0,0.0
4711,2011.0,1.0,61.8,1509.0,955.0,0.0,0.0,1.0,1.0,0.0
4712,2011.0,1.0,61.8,1510.0,955.0,0.0,0.0,1.0,1.0,0.0
4713,2011.0,1.0,61.8,1511.0,955.0,0.0,0.0,1.0,1.0,0.0
4714,2011.0,1.0,61.8,1512.0,955.0,0.0,0.0,1.0,1.0,0.0
4715,2011.0,1.0,61.8,1513.0,955.0,0.0,0.0,1.0,1.0,0.0
4716,2011.0,1.0,61.8,1514.0,955.0,0.0,0.0,1.0,1.0,0.0
4717,2011.0,1.0,61.8,1515.0,955.0,0.0,0.0,1.0,1.0,0.0
4718,2011.0,1.0,61.8,1516.0,955.0,0.0,0.0,1.0,1.0,0.0
4719,2011.0,1.0,61.8,1517.0,955.0,0.0,0.0,1.0,1.0,0.0
4720,2011.0,1.0,61.8,1518.0,955.0,0.0,0.0,1.0,1.0,0.0
4721,2011.0,1.0,61.8,1519.0,955.0,0.0,0.0,1.0,1.0,0.0
4722,2011.0,1.0,61.8,1520.0,955.0,0.0,0.0,1.0,1.0,0.0
4723,2011.0,1.0,61.8,1521.0,955.0,0.0,0.0,1.0,1.0,0.0
4724,2011.0,1.0,61.8,1522.0,955.0,0.0,0.0,1.0,1.0,0.0
4725,2011.0,1.0,61.8,1523.0,955.0,0.0,0.0,1.0,1.0,0.0
4726,2011.0,1.0,61.8,1524.0,955.0,0.0,0.0,1.0,1.0,0.0
4727,2011.0,1.0,61.8,1525.0,955.0,0.0,0.0,1.0,1.0,0.0
4728,2011.0,1.0,61.8,1526.0,955.0,0.0,0.0,1.0,1.0,0.0
4729,2011.0,1.0,61.8,1527.0,955.0,0.0,0.0,1.0,1.0,0.0
4730,2011.0,1.0,61.8,1528.0,955.0,0.0,0.0,1.0,1.0,0.0
4731,2011.0,1.0,61.8,1529.0,955.0,0.0,0.0,1.0,1.0,0.0
4732,2011.0,1.0,61.8,1530.0,955.0,0.0,0.0,1.0,1.0,0.0
4733,2011.0,1.0,61.8,1531.0,955.0,0.0,0.0,1.0,1.0,0.0
4734,2011.0,1.0,61.8,1532.0,955.0,0.0,0.0,1.0,1.0,0.0
4735,2011.0,1.0,61.8,1533.0,955.0,0.0,0.0,1.0,1.0,0.0
4736,2011.0,1.0,61.8,1534.0,955.0,0.0,0.0,1.0,1.0,0.0
4737,2011.0,1.0,61.8,1535.0,955.0,0.0,0.0,1.0,1.0,0.0
4738,2011.0,1.0,61.8,1536.0,955.0,0.0,0.0,1.0,1.0,0.0
4739,2011.0,1.0,61.8,1537.0,955.0,0.0,0.0,1.0,1.0,0.0
4740,2011.0,1.0,61.8,1538.0,955.0,0.0,0.0,1.0,1.0,0.0
4741,2011.0,1.0,61.8,1539.0,955.0,0.0,0.0,1.0,1.0,0.0
4742,2011.0,1.0,61.8,1540.0,955.0,0.0,0.0,1.0,1.0,0.0
4743,2011.0,1.0,61.8,1541.0,955.0,0.0,0.0,1.0,1.0,0.0
4744,2011.0,1.0,61.8,1542.0,955.0,0.0,0.0,1.0,1.0,0.0
4745,2011.0,1.0,61.8,1543.0,955.0,0.0,0.0,1.0,1.0,0.0
4746,2011.0,1.0,61.8,1544.0,955.0,0.0,0.0,1.0,1.0,0.0
4747,2011.0,1.0,61.8,1545.0,955.0,0.0,0.0,1.0,1.0,0.0
4748,2011.0,1.0,61.8,1546.0,955.0,0.0,0.0,1.0,1.0,0.0
4749,2011.0,1.0,61.8,1547.0,955.0,0.0,0.0,1.0,1.0,0.0
4750,2011.0,1.0,61.8,1548.0,955.0,0.0,0.0,1.0,1.0,0.0
4751,2011.0,1.0,61.8,1549.0,955.0,0.0,0.0,1.0,1.0,0.0
4752,2011.0,1.0,61.8,1550.0,955.0,0.0,0.0,1.0,1.0,0.0
4753,2011.0,1.0,61.8,1551.0,955.0,0.0,0.0,1.0,1.0,0.0
4754,2011.0,1.0,61.8,1552.0,955.0,0.0,0.0,1.0,1.0,0.0
4755,2011.0,1.0,61.8,1553.0,955.0,0.0,0.0,1.0,1.0,0.0
4756,2011.0,1.0,61.8,1554.0,955.0,0.0,0.0,1.0,1.0,0.0
4757,2011.0,1.0,61.8,1555.0,955.0,0.0,0.0,1.0,1.0,0.0
4758,2011.0,1.0,61.8,1556.0,955.0,0.0,0.0,1.0,1.0,0.0
4759,2011.0,1.0,61.8,1557.0,955.0,0.0,0.0,1.0,1.0,0.0
4760,2011.0,1.0,61.8,1558.0,955.0,0.0,0.0,1.0,1.0,0.0
4761,2011.0,1.0,61.8,1559.0,955.0,0.0,0.0,1.0,1.0,0.0
4762,2011.0,1.0,61.8,1560.0,955.0,0.0,0.0,1.0,1.0,0.0
4763,2011.0,1.0,61.8,1561.0,955.0,0.0,0.0,1.0,1.0,0.0
4764,2011.0,1.0,61.8,1562.0,955.0,0.0,0.0,1.0,1.0,0.0
4765,2011.0,1.0,61.8,1563.0,955.0,0.0,0.0,1.0,1.0,0.0
4766,2011.0,1.0,61.8,1564.0,955.0,0.0,0.0,1.0,1.0,0.0
4767,2011.0,1.0,61.8,1565.0,955.0,0.0,0.0,1.0,1.0,0.0
4768,2011.0,1.0,61.8,1566.0,955.0,0.0,0.0,1.0,1.0,0.0
4769,2011.0,1.0,61.8,1567.0,955.0,0.0,0.0,1.0,1.0,0.0
4770,2011.0,1.0,61.8,1568.0,955.0,0.0,0.0,1.0,1.0,0.0
4771,2011.0,1.0,61.8,1569.0,955.0,0.0,0.0,1.0,1.0,0.0
4772,2011.0,1.0,61.8,1570.0,955.0,0.0,0.0,1.0,1.0,0.0
4773,2011.0,1.0,61.8,1571.0,955.0,0.0,0.0,1.0,1.0,0.0
4774,2011.0,1.0,61.8,1572.0,955.0,0.0,0.0,1.0,1.0,0.0
4775,2011.0,1.0,61.8,1573.0,955.0,0.0,0.0,1.0,1.0,0.0
4776,2011.0,1.0,61.8,1574.0,955.0,0.0,0.0,1.0,1.0,0.0
4777,2011.0,1.0,61.8,1575.0,955.0,0.0,0.0,1.0,1.0,0.0
4778,2011.0,1.0,61.8,1576.0,955.0,0.0,0.0,1.0,1.0,0.0
4779,2011.0,1.0,61.8,1577.0,955.0,0.0,0.0,1.0,1.0,0.0
4780,2011.0,1.0,61.8,1578.0,955.0,0.0,0.0,1.0,1.0,0.0
4781,2011.0,1.0,61.8,1579.0,955.0,0.0,0.0,1.0,1.0,0.0
4782,2011.0,1.0,61.8,1580.0,955.0,0.0,0.0,1.0,1.0,0.0
4783,2011.0,1.0,61.8,1581.0,955.0,0.0,0.0,1.0,1.0,0.0
4784,2011.0,1.0,61.8,1582.0,955.0,0.0,0.0,1.0,1.0,0.0
4785,2011.0,1.0,61.8,1583.0,955.0,0.0,0.0,1.0,1.0,0.0
4786,2011.0,1.0,61.8,1584.0,955.0,0.0,0.0,1.0,1.0,0.0
4787,2011.0,1.0,61.8,1585.0,955.0,0.0,0.0,1.0,1.0,0.0
4788,2011.0,1.0,61.8,1586.0,955.0,0.0,0.0,1.0,1.0,0.0
4789,2011.0,1.0,61.8,1587.0,955.0,0.0,0.0,1.0,1.0,0.0
4790,2011.0,1.0,61.8,1588.0,955.0,0.0,0.0,1.0,1.0,0.0
4791,2011.0,1.0,61.8,1589.0,955.0,0.0,0.0,1.0,1.0,0.0
4792,2011.0,1.0,61.8,1590.0,955.0,0.0,0.0,1.0,1.0,0.0
4793,2011.0,1.0,61.8,1591.0,955.0,0.0,0.0,1.0,1.0,0.0
4794,2011.0,1.0,61.8,1592.0,955.0,0.0,0.0,1.0,1.0,0.0
4795,2011.0,1.0,61.8,1593.0,955.0,0.0,0.0,1.0,1.0,0.0
4796,2011.0,1.0,61.8,1594.0,955.0,0.0,0.0,1.0,1.0,0.0
4797,2011.0,1.0,61.8,1595.0,955.0,0.0,0.0,1.0,1.0,0.0
4798,2011.0,1.0,61.8,1596.0,955.0,0.0,0.0,1.0,1.0,0.0
4799,2011.0,1.0,61.8,1597.0,955.0,0.0,0.0,1.0,1.0,0.0
4800,2011.0,1.0,61.8,1598.0,955.0,0.0,0.0,1.0,1.0,0.0
4801,2011.0,1.0,61.8,1599.0,955.0,0.0,0.0,1.0,1.0,0.0
4802,2011.0,1.0,61.8,1600.0,955.0,0.0,0.0,1.0,1.0,0.0
4803,2011.0,1.0,61.8,1601.0,955.0,0.0,0.0,1.0,1.0,0.0
4804,2011.0,1.0,61.8,1602.0,955.0,0.0,0.0,1.0,1.0,0.0
4805,2011.0,1.0,61.8,1603.0,955.0,0.0,0.0,1.0,1.0,0.0
4806,2011.0,1.0,61.8,1604.0,955.0,0.0,0.0,1.0,1.0,0.0
4807,2011.0,1.0,61.8,1605.0,955.0,0.0,0.0,1.0,1.0,0.0
4808,2011.0,1.0,61.8,1606.0,955.0,0.0,0.0,1.0,1.0,0.0
4809,2011.0,1.0,61.8,1607.0,955.0,0.0,0.0,1.0,1.0,0.0
4810,2011.0,1.0,61.8,1608.0,955.0,0.0,0.0,1.0,1.0,0.0
4811,2011.0,1.0,61.8,1609.0,955.0,0.0,0.0,1.0,1.0,0.0
4812,2011.0,1.0,61.8,1610.0,955.0,0.0,0.0,1.0,1.0,0.0
4813,2011.0,1.0,61.8,1611.0,955.0,0.0,0.0,1.0,1.0,0.0
4814,2011.0,1.0,61.8,1612.0,955.0,0.0,0.0,1.0,1.0,0.0
4815,2011.0,1.0,61.8,1613.0,955.0,0.0,0.0,1.0,1.0,0.0
4816,2011.0,1.0,61.8,1614.0,955.0,0.0,0.0,1.0,1.0,0.0
4817,2011.0,1.0,61.8,1615.0,955.0,0.0,0.0,1.0,1.0,0.0
4818,2011.0,1.0,61.8,1616.0,955.0,0.0,0.0,1.0,1.0,0.0
4819,2011.0,1.0,61.8,1617.0,955.0,0.0,0.0,1.0,1.0,0.0
4820,2011.0,1.0,61.8,1618.0,955.0,0.0,0.0,1.0,1.0,0.0
4821,2011.0,1.0,61.8,1619.0,955.0,0.0,0.0,1.0,1.0,0.0
4822,2011.0,1.0,61.8,1620.0,955.0,0.0,0.0,1.0,1.0,0.0
4823,2011.0,1.0,61.8,1621.0,955.0,0.0,0.0,1.0,1.0,0.0
4824,2011.0,1.0,61.8,1622.0,955.0,0.0,0.0,1.0,1.0,0.0
4825,2011.0,1.0,61.8,1623.0,955.0,0.0,0.0,1.0,1.0,0.0
4826,2011.0,1.0,61.8,1624.0,955.0,0.0,0.0,1.0,1.0,0.0
4827,2011.0,1.0,61.8,1625.0,955.0,0.0,0.0,1.0,1.0,0.0
4828,2011.0,1.0,61.8,1626.0,955.0,0.0,0.0,1.0,1.0,0.0
4829,2011.0,1.0,61.8,1627.0,955.0,0.0,0.0,1.0,1.0,0.0
4830,2011.0,1.0,61.8,1628.0,955.0,0.0,0.0,1.0,1.0,0.0
4831,2011.0,1.0,61.8,1629.0,955.0,0.0,0.0,1.0,1.0,0.0
4832,2011.0,1.0,61.8,1630.0,955.0,0.0,0.0,1.0,1.0,0.0
4833,2011.0,1.0,61.8,1631.0,955.0,0.0,0.0,1.0,1.0,0.0
4834,2011.0,1.0,61.8,1632.0,955.0,0.0,0.0,1.0,1.0,0.0
4835,2011.0,1.0,61.8,1633.0,955.0,0.0,0.0,1.0,1.0,0.0
4836,2011.0,1.0,61.8,1634.0,955.0,0.0,0.0,1.0,1.0,0.0
4837,2011.0,1.0,61.8,1635.0,955.0,0.0,0.0,1.0,1.0,0.0
4838,2011.0,1.0,61.8,1636.0,955.0,0.0,0.0,1.0,1.0,0.0
4839,2011.0,1.0,61.8,1637.0,955.0,0.0,0.0,1.0,1.0,0.0
4840,2011.0,1.0,61.8,1638.0,955.0,0.0,0.0,1.0,1.0,0.0
4841,2011.0,1.0,61.8,1639.0,955.0,0.0,0.0,1.0,1.0,0.0
4842,2011.0,1.0,61.8,1640.0,955.0,0.0,0.0,1.0,1.0,0.0
4843,2011.0,1.0,61.8,1641.0,955.0,0.0,0.0,1.0,1.0,0.0
4844,2011.0,1.0,61.8,1642.0,955.0,0.0,0.0,1.0,1.0,0.0
4845,2011.0,1.0,61.8,1643.0,955.0,0.0,0.0,1.0,1.0,0.0
4846,2011.0,1.0,61.8,1644.0,955.0,0.0,0.0,1.0,1.0,0.0
4847,2011.0,1.0,61.8,1645.0,955.0,0.0,0.0,1.0,1.0,0.0
4848,2011.0,1.0,61.8,1646.0,955.0,0.0,0.0,1.0,1.0,0.0
4849,2011.0,1.0,61.8,1647.0,955.0,0.0,0.0,1.0,1.0,0.0
4850,2011.0,1.0,61.8,1648.0,955.0,0.0,0.0,1.0,1.0,0.0
4851,2011.0,1.0,61.8,1649.0,955.0,0.0,0.0,1.0,1.0,0.0
4852,2011.0,1.0,61.8,1650.0,955.0,0.0,0.0,1.0,1.0,0.0
4853,2011.0,1.0,61.8,1651.0,955.0,0.0,0.0,1.0,1.0,0.0
4854,2011.0,1.0,61.8,1652.0,955.0,0.0,0.0,1.0,1.0,0.0
4855,2011.0,1.0,61.8,1653.0,955.0,0.0,0.0,1.0,1.0,0.0
4856,2011.0,1.0,61.8,1654.0,955.0,0.0,0.0,1.0,1.0,0.0
4857,2011.0,1.0,61.8,1655.0,955.0,0.0,0.0,1.0,1.0,0.0
4858,2011.0,1.0,61.8,1656.0,955.0,0.0,0.0,1.0,1.0,0.0
4859,2011.0,1.0,61.8,1657.0,955.0,0.0,0.0,1.0,1.0,0.0
4860,2011.0,1.0,61.8,1658.0,955.0,0.0,0.0,1.0,1.0,0.0
4861,2011.0,1.0,61.8,1659.0,955.0,0.0,0.0,1.0,1.0,0.0
4862,2011.0,1.0,61.8,1660.0,955.0,0.0,0.0,1.0,1.0,0.0
4863,2011.0,1.0,61.8,1661.0,955.0,0.0,0.0,1.0,1.0,0.0
4864,2011.0,1.0,61.8,1662.0,955.0,0.0,0.0,1.0,1.0,0.0
4865,2011.0,1.0,61.8,1663.0,955.0,0.0,0.0,1.0,1.0,0.0
4866,2011.0,1.0,61.8,1664.0,955.0,0.0,0.0,1.0,1.0,0.0
4867,2011.0,1.0,61.8,1665.0,955.0,0.0,0.0,1.0,1.0,0.0
4868,2011.0,1.0,61.8,1666.0,955.0,0.0,0.0,1.0,1.0,0.0
4869,2011.0,1.0,61.8,1667.0,955.0,0.0,0.0,1.0,1.0,0.0
4870,2011.0,1.0,61.8,1668.0,955.0,0.0,0.0,1.0,1.0,0.0
4871,2011.0,1.0,61.8,1669.0,955.0,0.0,0.0,1.0,1.0,0.0
4872,2011.0,1.0,61.8,1670.0,955.0,0.0,0.0,1.0,1.0,0.0
4873,2011.0,1.0,61.8,1671.0,955.0,0.0,0.0,1.0,1.0,0.0
4874,2011.0,1.0,61.8,1672.0,955.0,0.0,0.0,1.0,1.0,0.0
4875,2011.0,1.0,61.8,1673.0,955.0,0.0,0.0,1.0,1.0,0.0
4876,2011.0,1.0,61.8,1674.0,955.0,0.0,0.0,1.0,1.0,0.0
4877,2011.0,1.0,61.8,1675.0,955.0,0.0,0.0,1.0,1.0,0.0
4878,2011.0,1.0,61.8,1676.0,955.0,0.0,0.0,1.0,1.0,0.0
4879,2011.0,1.0,61.8,1677.0,955.0,0.0,0.0,1.0,1.0,0.0
4880,2011.0,1.0,61.8,1678.0,955.0,0.0,0.0,1.0,1.0,0.0
4881,2011.0,1.0,61.8,1679.0,955.0,0.0,0.0,1.0,1.0,0.0
4882,2011.0,1.0,61.8,1680.0,955.0,0.0,0.0,1.0,1.0,0.0
4883,2011.0,1.0,61.8,1681.0,955.0,0.0,0.0,1.0,1.0,0.0
4884,2011.0,1.0,61.8,1682.0,955.0,0.0,0.0,1.0,1.0,0.0
4885,2011.0,1.0,61.8,1683.0,955.0,0.0,0.0,1.0,1.0,0.0
4886,2011.0,1.0,61.8,1684.0,955.0,0.0,0.0,1.0,1.0,0.0
4887,2011.0,1.0,61.8,1685.0,955.0,0.0,0.0,1.0,1.0,0.0
4888,2011.0,1.0,61.8,1686.0,955.0,0.0,0.0,1.0,1.0,0.0
4889,2011.0,1.0,61.8,1687.0,955.0,0.0,0.0,1.0,1.0,0.0
4890,2011.0,1.0,61.8,1688.0,955.0,0.0,0.0,1.0,1.0,0.0
4891,2011.0,1.0,61.8,1689.0,955.0,0.0,0.0,1.0,1.0,0.0
4892,2011.0,1.0,61.8,1690.0,955.0,0.0,0.0,1.0,1.0,0.0
4893,2011.0,1.0,61.8,1691.0,955.0,0.0,0.0,1.0,1.0,0.0
4894,2011.0,1.0,61.8,1692.0,955.0,0.0,0.0,1.0,1.0,0.0
4895,2011.0,1.0,61.8,1693.0,955.0,0.0,0.0,1.0,1.0,0.0
4896,2011.0,1.0,61.8,1694.0,955.0,0.0,0.0,1.0,1.0,0.0
4897,2011.0,1.0,61.8,1695.0,955.0,0.0,0.0,1.0,1.0,0.0
4898,2011.0,1.0,61.8,1696.0,955.0,0.0,0.0,1.0,1.0,0.0
4899,2011.0,1.0,61.8,1697.0,955.0,0.0,0.0,1.0,1.0,0.0
4900,2011.0,1.0,61.8,1698.0,955.0,0.0,0.0,1.0,1.0,0.0
4901,2011.0,1.0,61.8,1699.0,955.0,0.0,0.0,1.0,1.0,0.0
4902,2011.0,1.0,61.8,1700.0,955.0,0.0,0.0,1.0,1.0,0.0
4903,2011.0,1.0,61.8,1701.0,955.0,0.0,0.0,1.0,1.0,0.0
4904,2011.0,1.0,61.8,1702.0,955.0,0.0,0.0,1.0,1.0,0.0
4905,2011.0,1.0,61.8,1703.0,955.0,0.0,0.0,1.0,1.0,0.0
4906,2011.0,1.0,61.8,1704.0,955.0,0.0,0.0,1.0,1.0,0.0
4907,2011.0,1.0,61.8,1705.0,955.0,0.0,0.0,1.0,1.0,0.0
4908,2011.0,1.0,61.8,1706.0,955.0,0.0,0.0,1.0,1.0,0.0
4909,2011.0,1.0,61.8,1707.0,955.0,0.0,0.0,1.0,1.0,0.0
4910,2011.0,1.0,61.8,1708.0,955.0,0.0,0.0,1.0,1.0,0.0
4911,2011.0,1.0,61.8,1709.0,955.0,0.0,0.0,1.0,1.0,0.0
4912,2011.0,1.0,61.8,1710.0,955.0,0.0,0.0,1.0,1.0,0.0
4913,2011.0,1.0,61.8,1711.0,955.0,0.0,0.0,1.0,1.0,0.0
4914,2011.0,1.0,61.8,1712.0,955.0,0.0,0.0,1.0,1.0,0.0
4915,2011.0,1.0,61.8,1713.0,955.0,0.0,0.0,1.0,1.0,0.0
4916,2011.0,1.0,61.8,1714.0,955.0,0.0,0.0,1.0,1.0,0.0
4917,2011.0,1.0,61.8,1715.0,955.0,0.0,0.0,1.0,1.0,0.0
4918,2011.0,1.0,61.8,1716.0,955.0,0.0,0.0,1.0,1.0,0.0
4919,2011.0,1.0,61.8,1717.0,955.0,0.0,0.0,1.0,1.0,0.0
4920,2011.0,1.0,61.8,1718.0,955.0,0.0,0.0,1.0,1.0,0.0
4921,2011.0,1.0,61.8,1719.0,955.0,0.0,0.0,1.0,1.0,0.0
4922,2011.0,1.0,61.8,1720.0,955.0,0.0,0.0,1.0,1.0,0.0
4923,2011.0,1.0,61.8,1721.0,955.0,0.0,0.0,1.0,1.0,0.0
4924,2011.0,1.0,61.8,1722.0,955.0,0.0,0.0,1.0,1.0,0.0
4925,2011.0,1.0,61.8,1723.0,955.0,0.0,0.0,1.0,1.0,0.0
4926,2011.0,1.0,61.8,1724.0,955.0,0.0,0.0,1.0,1.0,0.0
4927,2011.0,1.0,61.8,1725.0,955.0,0.0,0.0,1.0,1.0,0.0
4928,2011.0,1.0,61.8,1726.0,955.0,0.0,0.0,1.0,1.0,0.0
4929,2011.0,1.0,61.8,1727.0,955.0,0.0,0.0,1.0,1.0,0.0
4930,2011.0,1.0,61.8,1728.0,955.0,0.0,0.0,1.0,1.0,0.0
4931,2011.0,1.0,61.8,1729.0,955.0,0.0,0.0,1.0,1.0,0.0
4932,2011.0,1.0,61.8,1730.0,955.0,0.0,0.0,1.0,1.0,0.0
4933,2011.0,1.0,61.8,1731.0,955.0,0.0,0.0,1.0,1.0,0.0
4934,2011.0,1.0,61.8,1732.0,955.0,0.0,0.0,1.0,1.0,0.0
4935,2011.0,1.0,61.8,1733.0,955.0,0.0,0.0,1.0,1.0,0.0
4936,2011.0,1.0,61.8,1734.0,955.0,0.0,0.0,1.0,1.0,0.0
4937,2011.0,1.0,61.8,1735.0,955.0,0.0,0.0,1.0,1.0,0.0
4938,2011.0,1.0,61.8,1736.0,955.0,0.0,0.0,1.0,1.0,0.0
4939,2011.0,1.0,61.8,1737.0,955.0,0.0,0.0,1.0,1.0,0.0
4940,2011.0,1.0,61.8,1738.0,955.0,0.0,0.0,1.0,1.0,0.0
4941,2011.0,1.0,61.8,1739.0,955.0,0.0,0.0,1.0,1.0,0.0
4942,2011.0,1.0,61.8,1740.0,955.0,0.0,0.0,1.0,1.0,0.0
4943,2011.0,1.0,61.8,1741.0,955.0,0.0,0.0,1.0,1.0,0.0
4944,2011.0,1.0,61.8,1742.0,955.0,0.0,0.0,1.0,1.0,0.0
4945,2011.0,1.0,61.8,1743.0,955.0,0.0,0.0,1.0,1.0,0.0
4946,2011.0,1.0,61.8,1744.0,955.0,0.0,0.0,1.0,1.0,0.0
4947,2011.0,1.0,61.8,1745.0,955.0,0.0,0.0,1.0,1.0,0.0
4948,2011.0,1.0,61.8,1746.0,955.0,0.0,0.0,1.0,1.0,0.0
4949,2011.0,1.0,61.8,1747.0,955.0,0.0,0.0,1.0,1.0,0.0
4950,2011.0,1.0,61.8,1748.0,955.0,0.0,0.0,1.0,1.0,0.0
4951,2011.0,1.0,61.8,1749.0,955.0,0.0,0.0,1.0,1.0,0.0
4952,2011.0,1.0,61.8,1750.0,955.0,0.0,0.0,1.0,1.0,0.0
4953,2011.0,1.0,61.8,1751.0,955.0,0.0,0.0,1.0,1.0,0.0
4954,2011.0,1.0,61.8,1752.0,955.0,0.0,0.0,1.0,1.0,0.0
4955,2011.0,1.0,61.8,1753.0,955.0,0.0,0.0,1.0,1.0,0.0
4956,2011.0,1.0,61.8,1754.0,955.0,0.0,0.0,1.0,1.0,0.0
4957,2011.0,1.0,61.8,1755.0,955.0,0.0,0.0,1.0,1.0,0.0
4958,2011.0,1.0,61.8,1756.0,955.0,0.0,0.0,1.0,1.0,0.0
4959,2011.0,1.0,61.8,1757.0,955.0,0.0,0.0,1.0,1.0,0.0
4960,2011.0,1.0,61.8,1758.0,955.0,0.0,0.0,1.0,1.0,0.0
4961,2011.0,1.0,61.8,1759.0,955.0,0.0,0.0,1.0,1.0,0.0
4962,2011.0,1.0,61.8,1760.0,955.0,0.0,0.0,1.0,1.0,0.0
4963,2011.0,1.0,61.8,1761.0,955.0,0.0,0.0,1.0,1.0,0.0
4964,2011.0,1.0,61.8,1762.0,955.0,0.0,0.0,1.0,1.0,0.0
4965,2011.0,1.0,61.8,1763.0,955.0,0.0,0.0,1.0,1.0,0.0
4966,2011.0,1.0,61.8,1764.0,955.0,0.0,0.0,1.0,1.0,0.0
4967,2011.0,1.0,61.8,1765.0,955.0,0.0,0.0,1.0,1.0,0.0
4968,2011.0,1.0,61.8,1766.0,955.0,0.0,0.0,1.0,1.0,0.0
4969,2011.0,1.0,61.8,1767.0,955.0,0.0,0.0,1.0,1.0,0.0
4970,2011.0,1.0,61.8,1768.0,955.0,0.0,0.0,1.0,1.0,0.0
4971,2011.0,1.0,61.8,1769.0,955.0,0.0,0.0,1.0,1.0,0.0
4972,2011.0,1.0,61.8,1770.0,955.0,0.0,0.0,1.0,1.0,0.0
4973,2011.0,1.0,61.8,1771.0,955.0,0.0,0.0,1.0,1.0,0.0
4974,2011.0,1.0,61.8,1772.0,955.0,0.0,0.0,1.0,1.0,0.0
4975,2011.0,1.0,61.8,1773.0,955.0,0.0,0.0,1.0,1.0,0.0
4976,2011.0,1.0,61.8,1774.0,955.0,0.0,0.0,1.0,1.0,0.0
4977,2011.0,1.0,61.8,1775.0,955.0,0.0,0.0,1.0,1.0,0.0
4978,2011.0,1.0,61.8,1776.0,2049.0,0.0,0.0,1.0,1.0,0.0
4979,2011.0,2.0,1.0,1.0,1000.0,1.0,1.0,1.0,1.0,1.0
4980,2011.0,2.0,2.0,1.0,1000.0,1.0,1.0,1.0,1.0,1.0
4981,2011.0,2.0,17.9,2.0,951.0,0.0,0.0,1.0,1.0,0.0
4982,2011.0,2.0,17.9,3.0,951.0,0.0,0.0,1.0,1.0,0.0
4983,2011.0,2.0,17.9,4.0,951.0,0.0,0.0,1.0,1.0,0.0
4984,2011.0,2.0,17.9,5.0,951.0,0.0,0.0,1.0,1.0,0.0
4985,2011.0,2.0,17.9,6.0,951.0,0.0,0.0,1.0,1.0,0.0
4986,2011.0,2.0,17.9,7.0,951.0,0.0,0.0,1.0,1.0,0.0
4987,2011.0,2.0,17.9,8.0,951.0,0.0,0.0,1.0,1.0,0.0
4988,2011.0,2.0,17.9,9.0,951.0,0.0,0.0,1.0,1.0,0.0
4989,2011.0,2.0,17.9,10.0,951.0,0.0,0.0,1.0,1.0,0.0
4990,2011.0,2.0,17.9,11.0,951.0,0.0,0.0,1.0,1.0,0.0
4991,2011.0,2.0,17.9,12.0,951.0,0.0,0.0,1.0,1.0,0.0
4992,2011.0,2.0,17.9,13.0,951.0,0.0,0.0,1.0,1.0,0.0
4993,2011.0,2.0,17.9,14.0,951.0,0.0,0.0,1.0,1.0,0.0
4994,2011.0,2.0,17.9,15.0,951.0,0.0,0.0,1.0,1.0,0.0
4995,2011.0,2.0,17.9,16.0,951.0,0.0,0.0,1.0,1.0,0.0
4996,2011.0,2.0,17.9,17.0,951.0,0.0,0.0,1.0,1.0,0.0
4997,2011.0,2.0,17.9,18.0,951.0,0.0,0.0,1.0,1.0,0.0
4998,2011.0,2.0,17.9,19.0,951.0,0.0,0.0,1.0,1.0,0.0
4999,2011.0,2.0,17.9,20.0,951.0,0.0,0.0,1.0,1.0,0.0
5000,2011.0,2.0,17.9,21.0,951.0,0.0,0.0,1.0,1.0,0.0
5001,2011.0,2.0,17.9,22.0,951.0,0.0,0.0,1.0,1.0,0.0
5002,2011.0,2.0,17.9,23.0,951.0,0.0,0.0,1.0,1.0,0.0
5003,2011.0,2.0,17.9,24.0,951.0,0.0,0.0,1.0,1.0,0.0
5004,2011.0,2.0,17.9,25.0,951.0,0.0,0.0,1.0,1.0,0.0
5005,2011.0,2.0,17.9,26.0,951.0,0.0,0.0,1.0,1.0,0.0
5006,2011.0,2.0,17.9,27.0,951.0,0.0,0.0,1.0,1.0,0.0
5007,2011.0,2.0,17.9,28.0,951.0,0.0,0.0,1.0,1.0,0.0
5008,2011.0,2.0,17.9,29.0,951.0,0.0,0.0,1.0,1.0,0.0
5009,2011.0,2.0,17.9,30.0,951.0,0.0,0.0,1.0,1.0,0.0
5010,2011.0,2.0,17.9,31.0,951.0,0.0,0.0,1.0,1.0,0.0
5011,2011.0,2.0,17.9,32.0,951.0,0.0,0.0,1.0,1.0,0.0
5012,2011.0,2.0,17.9,33.0,951.0,0.0,0.0,1.0,1.0,0.0
5013,2011.0,2.0,17.9,34.0,951.0,0.0,0.0,1.0,1.0,0.0
5014,2011.0,2.0,17.9,35.0,951.0,0.0,0.0,1.0,1.0,0.0
5015,2011.0,2.0,17.9,36.0,951.0,0.0,0.0,1.0,1.0,0.0
5016,2011.0,2.0,17.9,37.0,951.0,0.0,0.0,1.0,1.0,0.0
5017,2011.0,2.0,17.9,38.0,951.0,0.0,0.0,1.0,1.0,0.0
5018,2011.0,2.0,17.9,39.0,951.0,0.0,0.0,1.0,1.0,0.0
5019,2011.0,2.0,17.9,40.0,951.0,0.0,0.0,1.0,1.0,0.0
5020,2011.0,2.0,17.9,41.0,951.0,0.0,0.0,1.0,1.0,0.0
5021,2011.0,2.0,17.9,42.0,951.0,0.0,0.0,1.0,1.0,0.0
5022,2011.0,2.0,17.9,43.0,951.0,0.0,0.0,1.0,1.0,0.0
5023,2011.0,2.0,17.9,44.0,951.0,0.0,0.0,1.0,1.0,0.0
5024,2011.0,2.0,17.9,45.0,951.0,0.0,0.0,1.0,1.0,0.0
5025,2011.0,2.0,17.9,46.0,951.0,0.0,0.0,1.0,1.0,0.0
5026,2011.0,2.0,17.9,47.0,951.0,0.0,0.0,1.0,1.0,0.0
5027,2011.0,2.0,17.9,48.0,951.0,0.0,0.0,1.0,1.0,0.0
5028,2011.0,2.0,17.9,49.0,951.0,0.0,0.0,1.0,1.0,0.0
5029,2011.0,2.0,17.9,50.0,951.0,0.0,0.0,1.0,1.0,0.0
5030,2011.0,2.0,17.9,51.0,951.0,0.0,0.0,1.0,1.0,0.0
5031,2011.0,2.0,17.9,52.0,951.0,0.0,0.0,1.0,1.0,0.0
5032,2011.0,2.0,17.9,53.0,951.0,0.0,0.0,1.0,1.0,0.0
5033,2011.0,2.0,17.9,54.0,951.0,0.0,0.0,1.0,1.0,0.0
5034,2011.0,2.0,17.9,55.0,951.0,0.0,0.0,1.0,1.0,0.0
5035,2011.0,2.0,17.9,56.0,951.0,0.0,0.0,1.0,1.0,0.0
5036,2011.0,2.0,17.9,57.0,951.0,0.0,0.0,1.0,1.0,0.0
5037,2011.0,2.0,17.9,58.0,951.0,0.0,0.0,1.0,1.0,0.0
5038,2011.0,2.0,17.9,59.0,951.0,0.0,0.0,1.0,1.0,0.0
5039,2011.0,2.0,17.9,60.0,951.0,0.0,0.0,1.0,1.0,0.0
5040,2011.0,2.0,17.9,61.0,951.0,0.0,0.0,1.0,1.0,0.0
5041,2011.0,2.0,17.9,62.0,951.0,0.0,0.0,1.0,1.0,0.0
5042,2011.0,2.0,17.9,63.0,951.0,0.0,0.0,1.0,1.0,0.0
5043,2011.0,2.0,17.9,64.0,951.0,0.0,0.0,1.0,1.0,0.0
5044,2011.0,2.0,17.9,65.0,951.0,0.0,0.0,1.0,1.0,0.0
5045,2011.0,2.0,17.9,66.0,951.0,0.0,0.0,1.0,1.0,0.0
5046,2011.0,2.0,17.9,67.0,951.0,0.0,0.0,1.0,1.0,0.0
5047,2011.0,2.0,17.9,68.0,951.0,0.0,0.0,1.0,1.0,0.0
5048,2011.0,2.0,17.9,69.0,951.0,0.0,0.0,1.0,1.0,0.0
5049,2011.0,2.0,17.9,70.0,951.0,0.0,0.0,1.0,1.0,0.0
5050,2011.0,2.0,17.9,71.0,951.0,0.0,0.0,1.0,1.0,0.0
5051,2011.0,2.0,17.9,72.0,951.0,0.0,0.0,1.0,1.0,0.0
5052,2011.0,2.0,17.9,73.0,951.0,0.0,0.0,1.0,1.0,0.0
5053,2011.0,2.0,17.9,74.0,951.0,0.0,0.0,1.0,1.0,0.0
5054,2011.0,2.0,17.9,75.0,951.0,0.0,0.0,1.0,1.0,0.0
5055,2011.0,2.0,17.9,76.0,951.0,0.0,0.0,1.0,1.0,0.0
5056,2011.0,2.0,17.9,77.0,951.0,0.0,0.0,1.0,1.0,0.0
5057,2011.0,2.0,17.9,78.0,951.0,0.0,0.0,1.0,1.0,0.0
5058,2011.0,2.0,17.9,79.0,951.0,0.0,0.0,1.0,1.0,0.0
5059,2011.0,2.0,17.9,80.0,951.0,0.0,0.0,1.0,1.0,0.0
5060,2011.0,2.0,17.9,81.0,951.0,0.0,0.0,1.0,1.0,0.0
5061,2011.0,2.0,17.9,82.0,951.0,0.0,0.0,1.0,1.0,0.0
5062,2011.0,2.0,17.9,83.0,951.0,0.0,0.0,1.0,1.0,0.0
5063,2011.0,2.0,17.9,84.0,951.0,0.0,0.0,1.0,1.0,0.0
5064,2011.0,2.0,17.9,85.0,951.0,0.0,0.0,1.0,1.0,0.0
5065,2011.0,2.0,17.9,86.0,951.0,0.0,0.0,1.0,1.0,0.0
5066,2011.0,2.0,17.9,87.0,951.0,0.0,0.0,1.0,1.0,0.0
5067,2011.0,2.0,17.9,88.0,951.0,0.0,0.0,1.0,1.0,0.0
5068,2011.0,2.0,17.9,89.0,951.0,0.0,0.0,1.0,1.0,0.0
5069,2011.0,2.0,17.9,90.0,951.0,0.0,0.0,1.0,1.0,0.0
5070,2011.0,2.0,17.9,91.0,951.0,0.0,0.0,1.0,1.0,0.0
5071,2011.0,2.0,17.9,92.0,951.0,0.0,0.0,1.0,1.0,0.0
5072,2011.0,2.0,17.9,93.0,951.0,0.0,0.0,1.0,1.0,0.0
5073,2011.0,2.0,17.9,94.0,951.0,0.0,0.0,1.0,1.0,0.0
5074,2011.0,2.0,17.9,95.0,951.0,0.0,0.0,1.0,1.0,0.0
5075,2011.0,2.0,17.9,96.0,951.0,0.0,0.0,1.0,1.0,0.0
5076,2011.0,2.0,17.9,97.0,951.0,0.0,0.0,1.0,1.0,0.0
5077,2011.0,2.0,17.9,98.0,951.0,0.0,0.0,1.0,1.0,0.0
5078,2011.0,2.0,17.9,99.0,951.0,0.0,0.0,1.0,1.0,0.0
5079,2011.0,2.0,17.9,100.0,951.0,0.0,0.0,1.0,1.0,0.0
5080,2011.0,2.0,17.9,101.0,951.0,0.0,0.0,1.0,1.0,0.0
5081,2011.0,2.0,17.9,102.0,951.0,0.0,0.0,1.0,1.0,0.0
5082,2011.0,2.0,17.9,103.0,951.0,0.0,0.0,1.0,1.0,0.0
5083,2011.0,2.0,17.9,104.0,951.0,0.0,0.0,1.0,1.0,0.0
5084,2011.0,2.0,17.9,105.0,951.0,0.0,0.0,1.0,1.0,0.0
5085,2011.0,2.0,17.9,106.0,951.0,0.0,0.0,1.0,1.0,0.0
5086,2011.0,2.0,17.9,107.0,951.0,0.0,0.0,1.0,1.0,0.0
5087,2011.0,2.0,17.9,108.0,951.0,0.0,0.0,1.0,1.0,0.0
5088,2011.0,2.0,17.9,109.0,951.0,0.0,0.0,1.0,1.0,0.0
5089,2011.0,2.0,17.9,110.0,951.0,0.0,0.0,1.0,1.0,0.0
5090,2011.0,2.0,17.9,111.0,951.0,0.0,0.0,1.0,1.0,0.0
5091,2011.0,2.0,17.9,112.0,951.0,0.0,0.0,1.0,1.0,0.0
5092,2011.0,2.0,17.9,113.0,951.0,0.0,0.0,1.0,1.0,0.0
5093,2011.0,2.0,17.9,114.0,951.0,0.0,0.0,1.0,1.0,0.0
5094,2011.0,2.0,17.9,115.0,951.0,0.0,0.0,1.0,1.0,0.0
5095,2011.0,2.0,17.9,116.0,951.0,0.0,0.0,1.0,1.0,0.0
5096,2011.0,2.0,17.9,117.0,951.0,0.0,0.0,1.0,1.0,0.0
5097,2011.0,2.0,17.9,118.0,951.0,0.0,0.0,1.0,1.0,0.0
5098,2011.0,2.0,17.9,119.0,951.0,0.0,0.0,1.0,1.0,0.0
5099,2011.0,2.0,17.9,120.0,951.0,0.0,0.0,1.0,1.0,0.0
5100,2011.0,2.0,17.9,121.0,951.0,0.0,0.0,1.0,1.0,0.0
5101,2011.0,2.0,17.9,122.0,951.0,0.0,0.0,1.0,1.0,0.0
5102,2011.0,2.0,17.9,123.0,951.0,0.0,0.0,1.0,1.0,0.0
5103,2011.0,2.0,17.9,124.0,951.0,0.0,0.0,1.0,1.0,0.0
5104,2011.0,2.0,17.9,125.0,951.0,0.0,0.0,1.0,1.0,0.0
5105,2011.0,2.0,17.9,126.0,951.0,0.0,0.0,1.0,1.0,0.0
5106,2011.0,2.0,17.9,127.0,951.0,0.0,0.0,1.0,1.0,0.0
5107,2011.0,2.0,17.9,128.0,951.0,0.0,0.0,1.0,1.0,0.0
5108,2011.0,2.0,17.9,129.0,951.0,0.0,0.0,1.0,1.0,0.0
5109,2011.0,2.0,17.9,130.0,951.0,0.0,0.0,1.0,1.0,0.0
5110,2011.0,2.0,17.9,131.0,951.0,0.0,0.0,1.0,1.0,0.0
5111,2011.0,2.0,17.9,132.0,951.0,0.0,0.0,1.0,1.0,0.0
5112,2011.0,2.0,17.9,133.0,951.0,0.0,0.0,1.0,1.0,0.0
5113,2011.0,2.0,17.9,134.0,951.0,0.0,0.0,1.0,1.0,0.0
5114,2011.0,2.0,17.9,135.0,951.0,0.0,0.0,1.0,1.0,0.0
5115,2011.0,2.0,17.9,136.0,951.0,0.0,0.0,1.0,1.0,0.0
5116,2011.0,2.0,17.9,137.0,951.0,0.0,0.0,1.0,1.0,0.0
5117,2011.0,2.0,17.9,138.0,951.0,0.0,0.0,1.0,1.0,0.0
5118,2011.0,2.0,17.9,139.0,951.0,0.0,0.0,1.0,1.0,0.0
5119,2011.0,2.0,17.9,140.0,951.0,0.0,0.0,1.0,1.0,0.0
5120,2011.0,2.0,17.9,141.0,951.0,0.0,0.0,1.0,1.0,0.0
5121,2011.0,2.0,17.9,142.0,951.0,0.0,0.0,1.0,1.0,0.0
5122,2011.0,2.0,17.9,143.0,951.0,0.0,0.0,1.0,1.0,0.0
5123,2011.0,2.0,17.9,144.0,951.0,0.0,0.0,1.0,1.0,0.0
5124,2011.0,2.0,17.9,145.0,951.0,0.0,0.0,1.0,1.0,0.0
5125,2011.0,2.0,17.9,146.0,951.0,0.0,0.0,1.0,1.0,0.0
5126,2011.0,2.0,17.9,147.0,951.0,0.0,0.0,1.0,1.0,0.0
5127,2011.0,2.0,17.9,148.0,951.0,0.0,0.0,1.0,1.0,0.0
5128,2011.0,2.0,17.9,149.0,951.0,0.0,0.0,1.0,1.0,0.0
5129,2011.0,2.0,17.9,150.0,951.0,0.0,0.0,1.0,1.0,0.0
5130,2011.0,2.0,17.9,151.0,951.0,0.0,0.0,1.0,1.0,0.0
5131,2011.0,2.0,17.9,152.0,951.0,0.0,0.0,1.0,1.0,0.0
5132,2011.0,2.0,17.9,153.0,951.0,0.0,0.0,1.0,1.0,0.0
5133,2011.0,2.0,17.9,154.0,951.0,0.0,0.0,1.0,1.0,0.0
5134,2011.0,2.0,17.9,155.0,951.0,0.0,0.0,1.0,1.0,0.0
5135,2011.0,2.0,17.9,156.0,951.0,0.0,0.0,1.0,1.0,0.0
5136,2011.0,2.0,17.9,157.0,951.0,0.0,0.0,1.0,1.0,0.0
5137,2011.0,2.0,17.9,158.0,951.0,0.0,0.0,1.0,1.0,0.0
5138,2011.0,2.0,17.9,159.0,951.0,0.0,0.0,1.0,1.0,0.0
5139,2011.0,2.0,17.9,160.0,951.0,0.0,0.0,1.0,1.0,0.0
5140,2011.0,2.0,17.9,161.0,951.0,0.0,0.0,1.0,1.0,0.0
5141,2011.0,2.0,17.9,162.0,951.0,0.0,0.0,1.0,1.0,0.0
5142,2011.0,2.0,17.9,163.0,951.0,0.0,0.0,1.0,1.0,0.0
5143,2011.0,2.0,17.9,164.0,951.0,0.0,0.0,1.0,1.0,0.0
5144,2011.0,2.0,17.9,165.0,951.0,0.0,0.0,1.0,1.0,0.0
5145,2011.0,2.0,17.9,166.0,951.0,0.0,0.0,1.0,1.0,0.0
5146,2011.0,2.0,17.9,167.0,951.0,0.0,0.0,1.0,1.0,0.0
5147,2011.0,2.0,17.9,168.0,951.0,0.0,0.0,1.0,1.0,0.0
5148,2011.0,2.0,17.9,169.0,951.0,0.0,0.0,1.0,1.0,0.0
5149,2011.0,2.0,17.9,170.0,951.0,0.0,0.0,1.0,1.0,0.0
5150,2011.0,2.0,17.9,171.0,951.0,0.0,0.0,1.0,1.0,0.0
5151,2011.0,2.0,17.9,172.0,951.0,0.0,0.0,1.0,1.0,0.0
5152,2011.0,2.0,17.9,173.0,951.0,0.0,0.0,1.0,1.0,0.0
5153,2011.0,2.0,17.9,174.0,951.0,0.0,0.0,1.0,1.0,0.0
5154,2011.0,2.0,17.9,175.0,951.0,0.0,0.0,1.0,1.0,0.0
5155,2011.0,2.0,17.9,176.0,951.0,0.0,0.0,1.0,1.0,0.0
5156,2011.0,2.0,17.9,177.0,951.0,0.0,0.0,1.0,1.0,0.0
5157,2011.0,2.0,17.9,178.0,951.0,0.0,0.0,1.0,1.0,0.0
5158,2011.0,2.0,17.9,179.0,951.0,0.0,0.0,1.0,1.0,0.0
5159,2011.0,2.0,17.9,180.0,951.0,0.0,0.0,1.0,1.0,0.0
5160,2011.0,2.0,17.9,181.0,951.0,0.0,0.0,1.0,1.0,0.0
5161,2011.0,2.0,17.9,182.0,951.0,0.0,0.0,1.0,1.0,0.0
5162,2011.0,2.0,17.9,183.0,951.0,0.0,0.0,1.0,1.0,0.0
5163,2011.0,2.0,17.9,184.0,951.0,0.0,0.0,1.0,1.0,0.0
5164,2011.0,2.0,17.9,185.0,951.0,0.0,0.0,1.0,1.0,0.0
5165,2011.0,2.0,17.9,186.0,951.0,0.0,0.0,1.0,1.0,0.0
5166,2011.0,2.0,17.9,187.0,951.0,0.0,0.0,1.0,1.0,0.0
5167,2011.0,2.0,17.9,188.0,951.0,0.0,0.0,1.0,1.0,0.0
5168,2011.0,2.0,17.9,189.0,951.0,0.0,0.0,1.0,1.0,0.0
5169,2011.0,2.0,17.9,190.0,951.0,0.0,0.0,1.0,1.0,0.0
5170,2011.0,2.0,17.9,191.0,951.0,0.0,0.0,1.0,1.0,0.0
5171,2011.0,2.0,17.9,192.0,951.0,0.0,0.0,1.0,1.0,0.0
5172,2011.0,2.0,17.9,193.0,951.0,0.0,0.0,1.0,1.0,0.0
5173,2011.0,2.0,17.9,194.0,951.0,0.0,0.0,1.0,1.0,0.0
5174,2011.0,2.0,17.9,195.0,951.0,0.0,0.0,1.0,1.0,0.0
5175,2011.0,2.0,17.9,196.0,951.0,0.0,0.0,1.0,1.0,0.0
5176,2011.0,2.0,17.9,197.0,951.0,0.0,0.0,1.0,1.0,0.0
5177,2011.0,2.0,17.9,198.0,951.0,0.0,0.0,1.0,1.0,0.0
5178,2011.0,2.0,17.9,199.0,951.0,0.0,0.0,1.0,1.0,0.0
5179,2011.0,2.0,17.9,200.0,951.0,0.0,0.0,1.0,1.0,0.0
5180,2011.0,2.0,17.9,201.0,951.0,0.0,0.0,1.0,1.0,0.0
5181,2011.0,2.0,17.9,202.0,951.0,0.0,0.0,1.0,1.0,0.0
5182,2011.0,2.0,17.9,203.0,951.0,0.0,0.0,1.0,1.0,0.0
5183,2011.0,2.0,17.9,204.0,951.0,0.0,0.0,1.0,1.0,0.0
5184,2011.0,2.0,17.9,205.0,951.0,0.0,0.0,1.0,1.0,0.0
5185,2011.0,2.0,17.9,206.0,951.0,0.0,0.0,1.0,1.0,0.0
5186,2011.0,2.0,17.9,207.0,951.0,0.0,0.0,1.0,1.0,0.0
5187,2011.0,2.0,17.9,208.0,951.0,0.0,0.0,1.0,1.0,0.0
5188,2011.0,2.0,17.9,209.0,951.0,0.0,0.0,1.0,1.0,0.0
5189,2011.0,2.0,17.9,210.0,951.0,0.0,0.0,1.0,1.0,0.0
5190,2011.0,2.0,17.9,211.0,951.0,0.0,0.0,1.0,1.0,0.0
5191,2011.0,2.0,17.9,212.0,951.0,0.0,0.0,1.0,1.0,0.0
5192,2011.0,2.0,17.9,213.0,951.0,0.0,0.0,1.0,1.0,0.0
5193,2011.0,2.0,17.9,214.0,951.0,0.0,0.0,1.0,1.0,0.0
5194,2011.0,2.0,17.9,215.0,951.0,0.0,0.0,1.0,1.0,0.0
5195,2011.0,2.0,17.9,216.0,951.0,0.0,0.0,1.0,1.0,0.0
5196,2011.0,2.0,17.9,217.0,951.0,0.0,0.0,1.0,1.0,0.0
5197,2011.0,2.0,17.9,218.0,951.0,0.0,0.0,1.0,1.0,0.0
5198,2011.0,2.0,17.9,219.0,951.0,0.0,0.0,1.0,1.0,0.0
5199,2011.0,2.0,17.9,220.0,951.0,0.0,0.0,1.0,1.0,0.0
5200,2011.0,2.0,17.9,221.0,951.0,0.0,0.0,1.0,1.0,0.0
5201,2011.0,2.0,17.9,222.0,951.0,0.0,0.0,1.0,1.0,0.0
5202,2011.0,2.0,17.9,223.0,951.0,0.0,0.0,1.0,1.0,0.0
5203,2011.0,2.0,17.9,224.0,951.0,0.0,0.0,1.0,1.0,0.0
5204,2011.0,2.0,17.9,225.0,951.0,0.0,0.0,1.0,1.0,0.0
5205,2011.0,2.0,17.9,226.0,951.0,0.0,0.0,1.0,1.0,0.0
5206,2011.0,2.0,17.9,227.0,951.0,0.0,0.0,1.0,1.0,0.0
5207,2011.0,2.0,17.9,228.0,951.0,0.0,0.0,1.0,1.0,0.0
5208,2011.0,2.0,17.9,229.0,951.0,0.0,0.0,1.0,1.0,0.0
5209,2011.0,2.0,17.9,230.0,951.0,0.0,0.0,1.0,1.0,0.0
5210,2011.0,2.0,17.9,231.0,951.0,0.0,0.0,1.0,1.0,0.0
5211,2011.0,2.0,17.9,232.0,951.0,0.0,0.0,1.0,1.0,0.0
5212,2011.0,2.0,17.9,233.0,951.0,0.0,0.0,1.0,1.0,0.0
5213,2011.0,2.0,17.9,234.0,951.0,0.0,0.0,1.0,1.0,0.0
5214,2011.0,2.0,17.9,235.0,951.0,0.0,0.0,1.0,1.0,0.0
5215,2011.0,2.0,17.9,236.0,951.0,0.0,0.0,1.0,1.0,0.0
5216,2011.0,2.0,17.9,237.0,951.0,0.0,0.0,1.0,1.0,0.0
5217,2011.0,2.0,17.9,238.0,951.0,0.0,0.0,1.0,1.0,0.0
5218,2011.0,2.0,17.9,239.0,951.0,0.0,0.0,1.0,1.0,0.0
5219,2011.0,2.0,17.9,240.0,951.0,0.0,0.0,1.0,1.0,0.0
5220,2011.0,2.0,17.9,241.0,951.0,0.0,0.0,1.0,1.0,0.0
5221,2011.0,2.0,17.9,242.0,951.0,0.0,0.0,1.0,1.0,0.0
5222,2011.0,2.0,17.9,243.0,951.0,0.0,0.0,1.0,1.0,0.0
5223,2011.0,2.0,17.9,244.0,951.0,0.0,0.0,1.0,1.0,0.0
5224,2011.0,2.0,17.9,245.0,951.0,0.0,0.0,1.0,1.0,0.0
5225,2011.0,2.0,17.9,246.0,951.0,0.0,0.0,1.0,1.0,0.0
5226,2011.0,2.0,17.9,247.0,951.0,0.0,0.0,1.0,1.0,0.0
5227,2011.0,2.0,17.9,248.0,951.0,0.0,0.0,1.0,1.0,0.0
5228,2011.0,2.0,17.9,249.0,951.0,0.0,0.0,1.0,1.0,0.0
5229,2011.0,2.0,17.9,250.0,951.0,0.0,0.0,1.0,1.0,0.0
5230,2011.0,2.0,17.9,251.0,951.0,0.0,0.0,1.0,1.0,0.0
5231,2011.0,2.0,17.9,252.0,951.0,0.0,0.0,1.0,1.0,0.0
5232,2011.0,2.0,17.9,253.0,951.0,0.0,0.0,1.0,1.0,0.0
5233,2011.0,2.0,17.9,254.0,951.0,0.0,0.0,1.0,1.0,0.0
5234,2011.0,2.0,17.9,255.0,951.0,0.0,0.0,1.0,1.0,0.0
5235,2011.0,2.0,17.9,256.0,951.0,0.0,0.0,1.0,1.0,0.0
5236,2011.0,2.0,17.9,257.0,951.0,0.0,0.0,1.0,1.0,0.0
5237,2011.0,2.0,17.9,258.0,951.0,0.0,0.0,1.0,1.0,0.0
5238,2011.0,2.0,17.9,259.0,951.0,0.0,0.0,1.0,1.0,0.0
5239,2011.0,2.0,17.9,260.0,951.0,0.0,0.0,1.0,1.0,0.0
5240,2011.0,2.0,17.9,261.0,951.0,0.0,0.0,1.0,1.0,0.0
5241,2011.0,2.0,17.9,262.0,951.0,0.0,0.0,1.0,1.0,0.0
5242,2011.0,2.0,17.9,263.0,951.0,0.0,0.0,1.0,1.0,0.0
5243,2011.0,2.0,17.9,264.0,951.0,0.0,0.0,1.0,1.0,0.0
5244,2011.0,2.0,17.9,265.0,951.0,0.0,0.0,1.0,1.0,0.0
5245,2011.0,2.0,17.9,266.0,951.0,0.0,0.0,1.0,1.0,0.0
5246,2011.0,2.0,17.9,267.0,951.0,0.0,0.0,1.0,1.0,0.0
5247,2011.0,2.0,17.9,268.0,951.0,0.0,0.0,1.0,1.0,0.0
5248,2011.0,2.0,17.9,269.0,951.0,0.0,0.0,1.0,1.0,0.0
5249,2011.0,2.0,17.9,270.0,951.0,0.0,0.0,1.0,1.0,0.0
5250,2011.0,2.0,17.9,271.0,951.0,0.0,0.0,1.0,1.0,0.0
5251,2011.0,2.0,17.9,272.0,951.0,0.0,0.0,1.0,1.0,0.0
5252,2011.0,2.0,17.9,273.0,951.0,0.0,0.0,1.0,1.0,0.0
5253,2011.0,2.0,17.9,274.0,951.0,0.0,0.0,1.0,1.0,0.0
5254,2011.0,2.0,17.9,275.0,951.0,0.0,0.0,1.0,1.0,0.0
5255,2011.0,2.0,17.9,276.0,951.0,0.0,0.0,1.0,1.0,0.0
5256,2011.0,2.0,17.9,277.0,951.0,0.0,0.0,1.0,1.0,0.0
5257,2011.0,2.0,17.9,278.0,951.0,0.0,0.0,1.0,1.0,0.0
5258,2011.0,2.0,17.9,279.0,951.0,0.0,0.0,1.0,1.0,0.0
5259,2011.0,2.0,17.9,280.0,951.0,0.0,0.0,1.0,1.0,0.0
5260,2011.0,2.0,17.9,281.0,951.0,0.0,0.0,1.0,1.0,0.0
5261,2011.0,2.0,17.9,282.0,951.0,0.0,0.0,1.0,1.0,0.0
5262,2011.0,2.0,17.9,283.0,951.0,0.0,0.0,1.0,1.0,0.0
5263,2011.0,2.0,17.9,284.0,951.0,0.0,0.0,1.0,1.0,0.0
5264,2011.0,2.0,17.9,285.0,951.0,0.0,0.0,1.0,1.0,0.0
5265,2011.0,2.0,17.9,286.0,951.0,0.0,0.0,1.0,1.0,0.0
5266,2011.0,2.0,17.9,287.0,951.0,0.0,0.0,1.0,1.0,0.0
5267,2011.0,2.0,17.9,288.0,951.0,0.0,0.0,1.0,1.0,0.0
5268,2011.0,2.0,17.9,289.0,951.0,0.0,0.0,1.0,1.0,0.0
5269,2011.0,2.0,17.9,290.0,951.0,0.0,0.0,1.0,1.0,0.0
5270,2011.0,2.0,17.9,291.0,951.0,0.0,0.0,1.0,1.0,0.0
5271,2011.0,2.0,17.9,292.0,951.0,0.0,0.0,1.0,1.0,0.0
5272,2011.0,2.0,17.9,293.0,951.0,0.0,0.0,1.0,1.0,0.0
5273,2011.0,2.0,17.9,294.0,951.0,0.0,0.0,1.0,1.0,0.0
5274,2011.0,2.0,17.9,295.0,951.0,0.0,0.0,1.0,1.0,0.0
5275,2011.0,2.0,17.9,296.0,951.0,0.0,0.0,1.0,1.0,0.0
5276,2011.0,2.0,17.9,297.0,951.0,0.0,0.0,1.0,1.0,0.0
5277,2011.0,2.0,17.9,298.0,951.0,0.0,0.0,1.0,1.0,0.0
5278,2011.0,2.0,17.9,299.0,951.0,0.0,0.0,1.0,1.0,0.0
5279,2011.0,2.0,17.9,300.0,951.0,0.0,0.0,1.0,1.0,0.0
5280,2011.0,2.0,17.9,301.0,951.0,0.0,0.0,1.0,1.0,0.0
5281,2011.0,2.0,17.9,302.0,951.0,0.0,0.0,1.0,1.0,0.0
5282,2011.0,2.0,17.9,303.0,951.0,0.0,0.0,1.0,1.0,0.0
5283,2011.0,2.0,17.9,304.0,951.0,0.0,0.0,1.0,1.0,0.0
5284,2011.0,2.0,17.9,305.0,951.0,0.0,0.0,1.0,1.0,0.0
5285,2011.0,2.0,17.9,306.0,951.0,0.0,0.0,1.0,1.0,0.0
5286,2011.0,2.0,17.9,307.0,951.0,0.0,0.0,1.0,1.0,0.0
5287,2011.0,2.0,17.9,308.0,951.0,0.0,0.0,1.0,1.0,0.0
5288,2011.0,2.0,17.9,309.0,951.0,0.0,0.0,1.0,1.0,0.0
5289,2011.0,2.0,17.9,310.0,951.0,0.0,0.0,1.0,1.0,0.0
5290,2011.0,2.0,17.9,311.0,951.0,0.0,0.0,1.0,1.0,0.0
5291,2011.0,2.0,17.9,312.0,951.0,0.0,0.0,1.0,1.0,0.0
5292,2011.0,2.0,17.9,313.0,951.0,0.0,0.0,1.0,1.0,0.0
5293,2011.0,2.0,17.9,314.0,951.0,0.0,0.0,1.0,1.0,0.0
5294,2011.0,2.0,17.9,315.0,951.0,0.0,0.0,1.0,1.0,0.0
5295,2011.0,2.0,17.9,316.0,951.0,0.0,0.0,1.0,1.0,0.0
5296,2011.0,2.0,17.9,317.0,951.0,0.0,0.0,1.0,1.0,0.0
5297,2011.0,2.0,17.9,318.0,951.0,0.0,0.0,1.0,1.0,0.0
5298,2011.0,2.0,17.9,319.0,951.0,0.0,0.0,1.0,1.0,0.0
5299,2011.0,2.0,17.9,320.0,951.0,0.0,0.0,1.0,1.0,0.0
5300,2011.0,2.0,17.9,321.0,951.0,0.0,0.0,1.0,1.0,0.0
5301,2011.0,2.0,17.9,322.0,951.0,0.0,0.0,1.0,1.0,0.0
5302,2011.0,2.0,17.9,323.0,951.0,0.0,0.0,1.0,1.0,0.0
5303,2011.0,2.0,17.9,324.0,951.0,0.0,0.0,1.0,1.0,0.0
5304,2011.0,2.0,17.9,325.0,951.0,0.0,0.0,1.0,1.0,0.0
5305,2011.0,2.0,17.9,326.0,951.0,0.0,0.0,1.0,1.0,0.0
5306,2011.0,2.0,17.9,327.0,951.0,0.0,0.0,1.0,1.0,0.0
5307,2011.0,2.0,17.9,328.0,951.0,0.0,0.0,1.0,1.0,0.0
5308,2011.0,2.0,17.9,329.0,951.0,0.0,0.0,1.0,1.0,0.0
5309,2011.0,2.0,17.9,330.0,951.0,0.0,0.0,1.0,1.0,0.0
5310,2011.0,2.0,17.9,331.0,951.0,0.0,0.0,1.0,1.0,0.0
5311,2011.0,2.0,17.9,332.0,951.0,0.0,0.0,1.0,1.0,0.0
5312,2011.0,2.0,17.9,333.0,951.0,0.0,0.0,1.0,1.0,0.0
5313,2011.0,2.0,17.9,334.0,951.0,0.0,0.0,1.0,1.0,0.0
5314,2011.0,2.0,17.9,335.0,951.0,0.0,0.0,1.0,1.0,0.0
5315,2011.0,2.0,17.9,336.0,951.0,0.0,0.0,1.0,1.0,0.0
5316,2011.0,2.0,17.9,337.0,951.0,0.0,0.0,1.0,1.0,0.0
5317,2011.0,2.0,17.9,338.0,951.0,0.0,0.0,1.0,1.0,0.0
5318,2011.0,2.0,17.9,339.0,951.0,0.0,0.0,1.0,1.0,0.0
5319,2011.0,2.0,17.9,340.0,951.0,0.0,0.0,1.0,1.0,0.0
5320,2011.0,2.0,17.9,341.0,951.0,0.0,0.0,1.0,1.0,0.0
5321,2011.0,2.0,17.9,342.0,951.0,0.0,0.0,1.0,1.0,0.0
5322,2011.0,2.0,17.9,343.0,951.0,0.0,0.0,1.0,1.0,0.0
5323,2011.0,2.0,17.9,344.0,951.0,0.0,0.0,1.0,1.0,0.0
5324,2011.0,2.0,17.9,345.0,951.0,0.0,0.0,1.0,1.0,0.0
5325,2011.0,2.0,17.9,346.0,951.0,0.0,0.0,1.0,1.0,0.0
5326,2011.0,2.0,17.9,347.0,951.0,0.0,0.0,1.0,1.0,0.0
5327,2011.0,2.0,17.9,348.0,951.0,0.0,0.0,1.0,1.0,0.0
5328,2011.0,2.0,17.9,349.0,951.0,0.0,0.0,1.0,1.0,0.0
5329,2011.0,2.0,17.9,350.0,951.0,0.0,0.0,1.0,1.0,0.0
5330,2011.0,2.0,17.9,351.0,951.0,0.0,0.0,1.0,1.0,0.0
5331,2011.0,2.0,17.9,352.0,951.0,0.0,0.0,1.0,1.0,0.0
5332,2011.0,2.0,17.9,353.0,951.0,0.0,0.0,1.0,1.0,0.0
5333,2011.0,2.0,17.9,354.0,951.0,0.0,0.0,1.0,1.0,0.0
5334,2011.0,2.0,17.9,355.0,951.0,0.0,0.0,1.0,1.0,0.0
5335,2011.0,2.0,17.9,356.0,951.0,0.0,0.0,1.0,1.0,0.0
5336,2011.0,2.0,17.9,357.0,951.0,0.0,0.0,1.0,1.0,0.0
5337,2011.0,2.0,17.9,358.0,951.0,0.0,0.0,1.0,1.0,0.0
5338,2011.0,2.0,17.9,359.0,951.0,0.0,0.0,1.0,1.0,0.0
5339,2011.0,2.0,17.9,360.0,951.0,0.0,0.0,1.0,1.0,0.0
5340,2011.0,2.0,17.9,361.0,951.0,0.0,0.0,1.0,1.0,0.0
5341,2011.0,2.0,17.9,362.0,951.0,0.0,0.0,1.0,1.0,0.0
5342,2011.0,2.0,17.9,363.0,951.0,0.0,0.0,1.0,1.0,0.0
5343,2011.0,2.0,17.9,364.0,951.0,0.0,0.0,1.0,1.0,0.0
5344,2011.0,2.0,17.9,365.0,951.0,0.0,0.0,1.0,1.0,0.0
5345,2011.0,2.0,17.9,366.0,951.0,0.0,0.0,1.0,1.0,0.0
5346,2011.0,2.0,17.9,367.0,951.0,0.0,0.0,1.0,1.0,0.0
5347,2011.0,2.0,17.9,368.0,951.0,0.0,0.0,1.0,1.0,0.0
5348,2011.0,2.0,17.9,369.0,951.0,0.0,0.0,1.0,1.0,0.0
5349,2011.0,2.0,17.9,370.0,951.0,0.0,0.0,1.0,1.0,0.0
5350,2011.0,2.0,17.9,371.0,951.0,0.0,0.0,1.0,1.0,0.0
5351,2011.0,2.0,17.9,372.0,951.0,0.0,0.0,1.0,1.0,0.0
5352,2011.0,2.0,17.9,373.0,951.0,0.0,0.0,1.0,1.0,0.0
5353,2011.0,2.0,17.9,374.0,951.0,0.0,0.0,1.0,1.0,0.0
5354,2011.0,2.0,17.9,375.0,951.0,0.0,0.0,1.0,1.0,0.0
5355,2011.0,2.0,17.9,376.0,951.0,0.0,0.0,1.0,1.0,0.0
5356,2011.0,2.0,17.9,377.0,951.0,0.0,0.0,1.0,1.0,0.0
5357,2011.0,2.0,17.9,378.0,951.0,0.0,0.0,1.0,1.0,0.0
5358,2011.0,2.0,17.9,379.0,951.0,0.0,0.0,1.0,1.0,0.0
5359,2011.0,2.0,17.9,380.0,951.0,0.0,0.0,1.0,1.0,0.0
5360,2011.0,2.0,17.9,381.0,951.0,0.0,0.0,1.0,1.0,0.0
5361,2011.0,2.0,17.9,382.0,951.0,0.0,0.0,1.0,1.0,0.0
5362,2011.0,2.0,17.9,383.0,951.0,0.0,0.0,1.0,1.0,0.0
5363,2011.0,2.0,17.9,384.0,951.0,0.0,0.0,1.0,1.0,0.0
5364,2011.0,2.0,17.9,385.0,951.0,0.0,0.0,1.0,1.0,0.0
5365,2011.0,2.0,17.9,386.0,951.0,0.0,0.0,1.0,1.0,0.0
5366,2011.0,2.0,17.9,387.0,951.0,0.0,0.0,1.0,1.0,0.0
5367,2011.0,2.0,17.9,388.0,951.0,0.0,0.0,1.0,1.0,0.0
5368,2011.0,2.0,17.9,389.0,951.0,0.0,0.0,1.0,1.0,0.0
5369,2011.0,2.0,17.9,390.0,951.0,0.0,0.0,1.0,1.0,0.0
5370,2011.0,2.0,17.9,391.0,951.0,0.0,0.0,1.0,1.0,0.0
5371,2011.0,2.0,17.9,392.0,951.0,0.0,0.0,1.0,1.0,0.0
5372,2011.0,2.0,17.9,393.0,951.0,0.0,0.0,1.0,1.0,0.0
5373,2011.0,2.0,17.9,394.0,951.0,0.0,0.0,1.0,1.0,0.0
5374,2011.0,2.0,17.9,395.0,951.0,0.0,0.0,1.0,1.0,0.0
5375,2011.0,2.0,17.9,396.0,951.0,0.0,0.0,1.0,1.0,0.0
5376,2011.0,2.0,17.9,397.0,951.0,0.0,0.0,1.0,1.0,0.0
5377,2011.0,2.0,17.9,398.0,951.0,0.0,0.0,1.0,1.0,0.0
5378,2011.0,2.0,17.9,399.0,951.0,0.0,0.0,1.0,1.0,0.0
5379,2011.0,2.0,17.9,400.0,951.0,0.0,0.0,1.0,1.0,0.0
5380,2011.0,2.0,17.9,401.0,951.0,0.0,0.0,1.0,1.0,0.0
5381,2011.0,2.0,17.9,402.0,951.0,0.0,0.0,1.0,1.0,0.0
5382,2011.0,2.0,17.9,403.0,951.0,0.0,0.0,1.0,1.0,0.0
5383,2011.0,2.0,17.9,404.0,951.0,0.0,0.0,1.0,1.0,0.0
5384,2011.0,2.0,17.9,405.0,951.0,0.0,0.0,1.0,1.0,0.0
5385,2011.0,2.0,17.9,406.0,951.0,0.0,0.0,1.0,1.0,0.0
5386,2011.0,2.0,17.9,407.0,951.0,0.0,0.0,1.0,1.0,0.0
5387,2011.0,2.0,17.9,408.0,951.0,0.0,0.0,1.0,1.0,0.0
5388,2011.0,2.0,17.9,409.0,951.0,0.0,0.0,1.0,1.0,0.0
5389,2011.0,2.0,17.9,410.0,951.0,0.0,0.0,1.0,1.0,0.0
5390,2011.0,2.0,17.9,411.0,951.0,0.0,0.0,1.0,1.0,0.0
5391,2011.0,2.0,17.9,412.0,951.0,0.0,0.0,1.0,1.0,0.0
5392,2011.0,2.0,17.9,413.0,951.0,0.0,0.0,1.0,1.0,0.0
5393,2011.0,2.0,17.9,414.0,951.0,0.0,0.0,1.0,1.0,0.0
5394,2011.0,2.0,17.9,415.0,951.0,0.0,0.0,1.0,1.0,0.0
5395,2011.0,2.0,17.9,416.0,951.0,0.0,0.0,1.0,1.0,0.0
5396,2011.0,2.0,17.9,417.0,951.0,0.0,0.0,1.0,1.0,0.0
5397,2011.0,2.0,17.9,418.0,951.0,0.0,0.0,1.0,1.0,0.0
5398,2011.0,2.0,17.9,419.0,951.0,0.0,0.0,1.0,1.0,0.0
5399,2011.0,2.0,17.9,420.0,951.0,0.0,0.0,1.0,1.0,0.0
5400,2011.0,2.0,17.9,421.0,951.0,0.0,0.0,1.0,1.0,0.0
5401,2011.0,2.0,17.9,422.0,951.0,0.0,0.0,1.0,1.0,0.0
5402,2011.0,2.0,17.9,423.0,951.0,0.0,0.0,1.0,1.0,0.0
5403,2011.0,2.0,17.9,424.0,951.0,0.0,0.0,1.0,1.0,0.0
5404,2011.0,2.0,17.9,425.0,951.0,0.0,0.0,1.0,1.0,0.0
5405,2011.0,2.0,17.9,426.0,951.0,0.0,0.0,1.0,1.0,0.0
5406,2011.0,2.0,17.9,427.0,951.0,0.0,0.0,1.0,1.0,0.0
5407,2011.0,2.0,17.9,428.0,951.0,0.0,0.0,1.0,1.0,0.0
5408,2011.0,2.0,17.9,429.0,951.0,0.0,0.0,1.0,1.0,0.0
5409,2011.0,2.0,17.9,430.0,1072.0,0.0,0.0,1.0,1.0,0.0
5410,2011.0,1.0,3.0,1.0,606.0,0.0,0.0,2.0,1.0,0.0
5411,2011.0,1.0,3.0,2.0,606.0,0.0,0.0,2.0,1.0,0.0
5412,2011.0,1.0,3.0,3.0,606.0,0.0,0.0,2.0,1.0,0.0
5413,2011.0,1.0,3.0,4.0,606.0,0.0,0.0,2.0,1.0,0.0
5414,2011.0,1.0,3.0,5.0,606.0,0.0,0.0,2.0,1.0,0.0
5415,2011.0,1.0,3.0,6.0,606.0,0.0,0.0,2.0,1.0,0.0
5416,2011.0,1.0,3.0,7.0,606.0,0.0,0.0,2.0,1.0,0.0
5417,2011.0,1.0,3.0,8.0,606.0,0.0,0.0,2.0,1.0,0.0
5418,2011.0,1.0,3.0,9.0,606.0,0.0,0.0,2.0,1.0,0.0
5419,2011.0,1.0,3.0,10.0,606.0,0.0,0.0,2.0,1.0,0.0
5420,2011.0,1.0,3.0,11.0,606.0,0.0,0.0,2.0,1.0,0.0
5421,2011.0,1.0,3.0,12.0,606.0,0.0,0.0,2.0,1.0,0.0
5422,2011.0,1.0,3.0,13.0,606.0,0.0,0.0,2.0,1.0,0.0
5423,2011.0,1.0,3.0,14.0,606.0,0.0,0.0,2.0,1.0,0.0
5424,2011.0,1.0,3.0,15.0,606.0,0.0,0.0,2.0,1.0,0.0
5425,2011.0,1.0,3.0,16.0,606.0,0.0,0.0,2.0,1.0,0.0
5426,2011.0,1.0,3.0,17.0,606.0,0.0,0.0,2.0,1.0,0.0
5427,2011.0,1.0,3.0,18.0,606.0,0.0,0.0,2.0,1.0,0.0
5428,2011.0,1.0,3.0,19.0,606.0,0.0,0.0,2.0,1.0,0.0
5429,2011.0,1.0,3.0,20.0,606.0,0.0,0.0,2.0,1.0,0.0
5430,2011.0,1.0,3.0,21.0,606.0,0.0,0.0,2.0,1.0,0.0
5431,2011.0,1.0,3.0,22.0,606.0,0.0,0.0,2.0,1.0,0.0
5432,2011.0,1.0,3.0,23.0,606.0,0.0,0.0,2.0,1.0,0.0
5433,2011.0,1.0,3.0,24.0,606.0,0.0,0.0,2.0,1.0,0.0
5434,2011.0,1.0,3.0,25.0,606.0,0.0,0.0,2.0,1.0,0.0
5435,2011.0,1.0,3.0,26.0,606.0,0.0,0.0,2.0,1.0,0.0
5436,2011.0,1.0,3.0,27.0,606.0,0.0,0.0,2.0,1.0,0.0
5437,2011.0,1.0,3.0,28.0,606.0,0.0,0.0,2.0,1.0,0.0
5438,2011.0,1.0,3.0,29.0,606.0,0.0,0.0,2.0,1.0,0.0
5439,2011.0,1.0,3.0,30.0,606.0,0.0,0.0,2.0,1.0,0.0
5440,2011.0,1.0,3.0,31.0,606.0,0.0,0.0,2.0,1.0,0.0
5441,2011.0,1.0,3.0,32.0,606.0,0.0,0.0,2.0,1.0,0.0
5442,2011.0,1.0,3.0,33.0,606.0,0.0,0.0,2.0,1.0,0.0
5443,2011.0,1.0,3.0,34.0,606.0,0.0,0.0,2.0,1.0,0.0
5444,2011.0,1.0,3.0,35.0,606.0,0.0,0.0,2.0,1.0,0.0
5445,2011.0,1.0,3.0,36.0,606.0,0.0,0.0,2.0,1.0,0.0
5446,2011.0,1.0,3.0,37.0,606.0,0.0,0.0,2.0,1.0,0.0
5447,2011.0,1.0,3.0,38.0,606.0,0.0,0.0,2.0,1.0,0.0
5448,2011.0,1.0,3.0,39.0,606.0,0.0,0.0,2.0,1.0,0.0
5449,2011.0,1.0,3.0,40.0,606.0,0.0,0.0,2.0,1.0,0.0
5450,2011.0,1.0,3.0,41.0,606.0,0.0,0.0,2.0,1.0,0.0
5451,2011.0,1.0,3.0,42.0,606.0,0.0,0.0,2.0,1.0,0.0
5452,2011.0,1.0,3.0,43.0,606.0,0.0,0.0,2.0,1.0,0.0
5453,2011.0,1.0,3.0,44.0,606.0,0.0,0.0,2.0,1.0,0.0
5454,2011.0,1.0,3.0,45.0,606.0,0.0,0.0,2.0,1.0,0.0
5455,2011.0,1.0,3.0,46.0,606.0,0.0,0.0,2.0,1.0,0.0
5456,2011.0,1.0,3.0,47.0,606.0,0.0,0.0,2.0,1.0,0.0
5457,2011.0,1.0,3.0,48.0,606.0,0.0,0.0,2.0,1.0,0.0
5458,2011.0,1.0,3.0,49.0,606.0,0.0,0.0,2.0,1.0,0.0
5459,2011.0,1.0,3.0,50.0,606.0,0.0,0.0,2.0,1.0,0.0
5460,2011.0,1.0,3.0,51.0,606.0,0.0,0.0,2.0,1.0,0.0
5461,2011.0,1.0,3.0,52.0,606.0,0.0,0.0,2.0,1.0,0.0
5462,2011.0,1.0,3.0,53.0,606.0,0.0,0.0,2.0,1.0,0.0
5463,2011.0,1.0,3.0,54.0,606.0,0.0,0.0,2.0,1.0,0.0
5464,2011.0,1.0,3.0,55.0,606.0,0.0,0.0,2.0,1.0,0.0
5465,2011.0,1.0,3.0,56.0,606.0,0.0,0.0,2.0,1.0,0.0
5466,2011.0,1.0,3.0,57.0,606.0,0.0,0.0,2.0,1.0,0.0
5467,2011.0,1.0,3.0,58.0,640.0,0.0,0.0,2.0,1.0,0.0
5468,2011.0,2.0,1.0,1.0,750.0,1.0,1.0,2.0,1.0,1.33333333333333
5469,2011.0,2.0,9.0,2.0,718.0,0.0,0.0,2.0,1.0,0.0
5470,2011.0,2.0,9.0,3.0,718.0,0.0,0.0,2.0,1.0,0.0
5471,2011.0,2.0,9.0,4.0,718.0,0.0,0.0,2.0,1.0,0.0
5472,2011.0,2.0,9.0,5.0,718.0,0.0,0.0,2.0,1.0,0.0
5473,2011.0,2.0,9.0,6.0,718.0,0.0,0.0,2.0,1.0,0.0
5474,2011.0,2.0,9.0,7.0,718.0,0.0,0.0,2.0,1.0,0.0
5475,2011.0,2.0,9.0,8.0,718.0,0.0,0.0,2.0,1.0,0.0
5476,2011.0,2.0,9.0,9.0,718.0,0.0,0.0,2.0,1.0,0.0
5477,2011.0,2.0,9.0,10.0,718.0,0.0,0.0,2.0,1.0,0.0
5478,2011.0,2.0,9.0,11.0,718.0,0.0,0.0,2.0,1.0,0.0
5479,2011.0,2.0,9.0,12.0,718.0,0.0,0.0,2.0,1.0,0.0
5480,2011.0,2.0,9.0,13.0,718.0,0.0,0.0,2.0,1.0,0.0
5481,2011.0,2.0,9.0,14.0,718.0,0.0,0.0,2.0,1.0,0.0
5482,2011.0,2.0,9.0,15.0,718.0,0.0,0.0,2.0,1.0,0.0
5483,2011.0,2.0,9.0,16.0,718.0,0.0,0.0,2.0,1.0,0.0
5484,2011.0,2.0,9.0,17.0,718.0,0.0,0.0,2.0,1.0,0.0
5485,2011.0,2.0,9.0,18.0,718.0,0.0,0.0,2.0,1.0,0.0
5486,2011.0,2.0,9.0,19.0,718.0,0.0,0.0,2.0,1.0,0.0
5487,2011.0,2.0,9.0,20.0,718.0,0.0,0.0,2.0,1.0,0.0
5488,2011.0,2.0,9.0,21.0,718.0,0.0,0.0,2.0,1.0,0.0
5489,2011.0,2.0,9.0,22.0,718.0,0.0,0.0,2.0,1.0,0.0
5490,2011.0,2.0,9.0,23.0,718.0,0.0,0.0,2.0,1.0,0.0
5491,2011.0,2.0,9.0,24.0,718.0,0.0,0.0,2.0,1.0,0.0
5492,2011.0,2.0,9.0,25.0,718.0,0.0,0.0,2.0,1.0,0.0
5493,2011.0,2.0,9.0,26.0,718.0,0.0,0.0,2.0,1.0,0.0
5494,2011.0,2.0,9.0,27.0,718.0,0.0,0.0,2.0,1.0,0.0
5495,2011.0,2.0,9.0,28.0,718.0,0.0,0.0,2.0,1.0,0.0
5496,2011.0,2.0,9.0,29.0,718.0,0.0,0.0,2.0,1.0,0.0
5497,2011.0,2.0,9.0,30.0,718.0,0.0,0.0,2.0,1.0,0.0
5498,2011.0,2.0,9.0,31.0,718.0,0.0,0.0,2.0,1.0,0.0
5499,2011.0,2.0,9.0,32.0,718.0,0.0,0.0,2.0,1.0,0.0
5500,2011.0,2.0,9.0,33.0,718.0,0.0,0.0,2.0,1.0,0.0
5501,2011.0,2.0,9.0,34.0,718.0,0.0,0.0,2.0,1.0,0.0
5502,2011.0,2.0,9.0,35.0,718.0,0.0,0.0,2.0,1.0,0.0
5503,2011.0,2.0,9.0,36.0,718.0,0.0,0.0,2.0,1.0,0.0
5504,2011.0,2.0,9.0,37.0,718.0,0.0,0.0,2.0,1.0,0.0
5505,2011.0,2.0,9.0,38.0,718.0,0.0,0.0,2.0,1.0,0.0
5506,2011.0,2.0,9.0,39.0,718.0,0.0,0.0,2.0,1.0,0.0
5507,2011.0,2.0,9.0,40.0,718.0,0.0,0.0,2.0,1.0,0.0
5508,2011.0,2.0,9.0,41.0,718.0,0.0,0.0,2.0,1.0,0.0
5509,2011.0,2.0,9.0,42.0,718.0,0.0,0.0,2.0,1.0,0.0
5510,2011.0,2.0,9.0,43.0,718.0,0.0,0.0,2.0,1.0,0.0
5511,2011.0,2.0,9.0,44.0,718.0,0.0,0.0,2.0,1.0,0.0
5512,2011.0,2.0,9.0,45.0,718.0,0.0,0.0,2.0,1.0,0.0
5513,2011.0,2.0,9.0,46.0,718.0,0.0,0.0,2.0,1.0,0.0
5514,2011.0,2.0,9.0,47.0,718.0,0.0,0.0,2.0,1.0,0.0
5515,2011.0,2.0,9.0,48.0,718.0,0.0,0.0,2.0,1.0,0.0
5516,2011.0,2.0,9.0,49.0,718.0,0.0,0.0,2.0,1.0,0.0
5517,2011.0,2.0,9.0,50.0,718.0,0.0,0.0,2.0,1.0,0.0
5518,2011.0,2.0,9.0,51.0,718.0,0.0,0.0,2.0,1.0,0.0
5519,2011.0,2.0,9.0,52.0,718.0,0.0,0.0,2.0,1.0,0.0
5520,2011.0,2.0,9.0,53.0,718.0,0.0,0.0,2.0,1.0,0.0
5521,2011.0,2.0,9.0,54.0,718.0,0.0,0.0,2.0,1.0,0.0
5522,2011.0,2.0,9.0,55.0,718.0,0.0,0.0,2.0,1.0,0.0
5523,2011.0,2.0,9.0,56.0,718.0,0.0,0.0,2.0,1.0,0.0
5524,2011.0,2.0,9.0,57.0,718.0,0.0,0.0,2.0,1.0,0.0
5525,2011.0,2.0,9.0,58.0,718.0,0.0,0.0,2.0,1.0,0.0
5526,2011.0,2.0,9.0,59.0,718.0,0.0,0.0,2.0,1.0,0.0
5527,2011.0,2.0,9.0,60.0,718.0,0.0,0.0,2.0,1.0,0.0
5528,2011.0,2.0,9.0,61.0,718.0,0.0,0.0,2.0,1.0,0.0
5529,2011.0,2.0,9.0,62.0,718.0,0.0,0.0,2.0,1.0,0.0
5530,2011.0,2.0,9.0,63.0,718.0,0.0,0.0,2.0,1.0,0.0
5531,2011.0,2.0,9.0,64.0,718.0,0.0,0.0,2.0,1.0,0.0
5532,2011.0,2.0,9.0,65.0,718.0,0.0,0.0,2.0,1.0,0.0
5533,2011.0,2.0,9.0,66.0,718.0,0.0,0.0,2.0,1.0,0.0
5534,2011.0,2.0,9.0,67.0,718.0,0.0,0.0,2.0,1.0,0.0
5535,2011.0,2.0,9.0,68.0,718.0,0.0,0.0,2.0,1.0,0.0
5536,2011.0,2.0,9.0,69.0,718.0,0.0,0.0,2.0,1.0,0.0
5537,2011.0,2.0,9.0,70.0,718.0,0.0,0.0,2.0,1.0,0.0
5538,2011.0,2.0,9.0,71.0,718.0,0.0,0.0,2.0,1.0,0.0
5539,2011.0,2.0,9.0,72.0,718.0,0.0,0.0,2.0,1.0,0.0
5540,2011.0,2.0,9.0,73.0,718.0,0.0,0.0,2.0,1.0,0.0
5541,2011.0,2.0,9.0,74.0,718.0,0.0,0.0,2.0,1.0,0.0
5542,2011.0,2.0,9.0,75.0,718.0,0.0,0.0,2.0,1.0,0.0
5543,2011.0,2.0,9.0,76.0,718.0,0.0,0.0,2.0,1.0,0.0
5544,2011.0,2.0,9.0,77.0,718.0,0.0,0.0,2.0,1.0,0.0
5545,2011.0,2.0,9.0,78.0,718.0,0.0,0.0,2.0,1.0,0.0
5546,2011.0,2.0,9.0,79.0,718.0,0.0,0.0,2.0,1.0,0.0
5547,2011.0,2.0,9.0,80.0,718.0,0.0,0.0,2.0,1.0,0.0
5548,2011.0,2.0,9.0,81.0,718.0,0.0,0.0,2.0,1.0,0.0
5549,2011.0,2.0,9.0,82.0,718.0,0.0,0.0,2.0,1.0,0.0
5550,2011.0,2.0,9.0,83.0,718.0,0.0,0.0,2.0,1.0,0.0
5551,2011.0,2.0,9.0,84.0,718.0,0.0,0.0,2.0,1.0,0.0
5552,2011.0,2.0,9.0,85.0,718.0,0.0,0.0,2.0,1.0,0.0
5553,2011.0,2.0,9.0,86.0,718.0,0.0,0.0,2.0,1.0,0.0
5554,2011.0,2.0,9.0,87.0,718.0,0.0,0.0,2.0,1.0,0.0
5555,2011.0,2.0,9.0,88.0,718.0,0.0,0.0,2.0,1.0,0.0
5556,2011.0,2.0,9.0,89.0,718.0,0.0,0.0,2.0,1.0,0.0
5557,2011.0,2.0,9.0,90.0,718.0,0.0,0.0,2.0,1.0,0.0
5558,2011.0,2.0,9.0,91.0,718.0,0.0,0.0,2.0,1.0,0.0
5559,2011.0,2.0,9.0,92.0,718.0,0.0,0.0,2.0,1.0,0.0
5560,2011.0,2.0,9.0,93.0,718.0,0.0,0.0,2.0,1.0,0.0
5561,2011.0,2.0,9.0,94.0,718.0,0.0,0.0,2.0,1.0,0.0
5562,2011.0,2.0,9.0,95.0,718.0,0.0,0.0,2.0,1.0,0.0
5563,2011.0,2.0,9.0,96.0,718.0,0.0,0.0,2.0,1.0,0.0
5564,2011.0,2.0,9.0,97.0,718.0,0.0,0.0,2.0,1.0,0.0
5565,2011.0,2.0,9.0,98.0,718.0,0.0,0.0,2.0,1.0,0.0
5566,2011.0,2.0,9.0,99.0,718.0,0.0,0.0,2.0,1.0,0.0
5567,2011.0,2.0,9.0,100.0,718.0,0.0,0.0,2.0,1.0,0.0
5568,2011.0,2.0,9.0,101.0,718.0,0.0,0.0,2.0,1.0,0.0
5569,2011.0,2.0,9.0,102.0,718.0,0.0,0.0,2.0,1.0,0.0
5570,2011.0,2.0,9.0,103.0,718.0,0.0,0.0,2.0,1.0,0.0
5571,2011.0,2.0,9.0,104.0,718.0,0.0,0.0,2.0,1.0,0.0
5572,2011.0,2.0,9.0,105.0,718.0,0.0,0.0,2.0,1.0,0.0
5573,2011.0,2.0,9.0,106.0,718.0,0.0,0.0,2.0,1.0,0.0
5574,2011.0,2.0,9.0,107.0,718.0,0.0,0.0,2.0,1.0,0.0
5575,2011.0,2.0,9.0,108.0,718.0,0.0,0.0,2.0,1.0,0.0
5576,2011.0,2.0,9.0,109.0,718.0,0.0,0.0,2.0,1.0,0.0
5577,2011.0,2.0,9.0,110.0,718.0,0.0,0.0,2.0,1.0,0.0
5578,2011.0,2.0,9.0,111.0,718.0,0.0,0.0,2.0,1.0,0.0
5579,2011.0,2.0,9.0,112.0,718.0,0.0,0.0,2.0,1.0,0.0
5580,2011.0,2.0,9.0,113.0,718.0,0.0,0.0,2.0,1.0,0.0
5581,2011.0,2.0,9.0,114.0,718.0,0.0,0.0,2.0,1.0,0.0
5582,2011.0,2.0,9.0,115.0,718.0,0.0,0.0,2.0,1.0,0.0
5583,2011.0,2.0,9.0,116.0,718.0,0.0,0.0,2.0,1.0,0.0
5584,2011.0,2.0,9.0,117.0,718.0,0.0,0.0,2.0,1.0,0.0
5585,2011.0,2.0,9.0,118.0,718.0,0.0,0.0,2.0,1.0,0.0
5586,2011.0,2.0,9.0,119.0,718.0,0.0,0.0,2.0,1.0,0.0
5587,2011.0,2.0,9.0,120.0,718.0,0.0,0.0,2.0,1.0,0.0
5588,2011.0,2.0,9.0,121.0,718.0,0.0,0.0,2.0,1.0,0.0
5589,2011.0,2.0,9.0,122.0,718.0,0.0,0.0,2.0,1.0,0.0
5590,2011.0,2.0,9.0,123.0,718.0,0.0,0.0,2.0,1.0,0.0
5591,2011.0,2.0,9.0,124.0,718.0,0.0,0.0,2.0,1.0,0.0
5592,2011.0,2.0,9.0,125.0,718.0,0.0,0.0,2.0,1.0,0.0
5593,2011.0,2.0,9.0,126.0,718.0,0.0,0.0,2.0,1.0,0.0
5594,2011.0,2.0,9.0,127.0,718.0,0.0,0.0,2.0,1.0,0.0
5595,2011.0,2.0,9.0,128.0,718.0,0.0,0.0,2.0,1.0,0.0
5596,2011.0,2.0,9.0,129.0,718.0,0.0,0.0,2.0,1.0,0.0
5597,2011.0,2.0,9.0,130.0,718.0,0.0,0.0,2.0,1.0,0.0
5598,2011.0,2.0,9.0,131.0,718.0,0.0,0.0,2.0,1.0,0.0
5599,2011.0,2.0,9.0,132.0,718.0,0.0,0.0,2.0,1.0,0.0
5600,2011.0,2.0,9.0,133.0,718.0,0.0,0.0,2.0,1.0,0.0
5601,2011.0,2.0,9.0,134.0,718.0,0.0,0.0,2.0,1.0,0.0
5602,2011.0,2.0,9.0,135.0,718.0,0.0,0.0,2.0,1.0,0.0
5603,2011.0,2.0,9.0,136.0,718.0,0.0,0.0,2.0,1.0,0.0
5604,2011.0,2.0,9.0,137.0,718.0,0.0,0.0,2.0,1.0,0.0
5605,2011.0,2.0,9.0,138.0,718.0,0.0,0.0,2.0,1.0,0.0
5606,2011.0,2.0,9.0,139.0,718.0,0.0,0.0,2.0,1.0,0.0
5607,2011.0,2.0,9.0,140.0,718.0,0.0,0.0,2.0,1.0,0.0
5608,2011.0,2.0,9.0,141.0,718.0,0.0,0.0,2.0,1.0,0.0
5609,2011.0,2.0,9.0,142.0,718.0,0.0,0.0,2.0,1.0,0.0
5610,2011.0,2.0,9.0,143.0,718.0,0.0,0.0,2.0,1.0,0.0
5611,2011.0,2.0,9.0,144.0,718.0,0.0,0.0,2.0,1.0,0.0
5612,2011.0,2.0,9.0,145.0,718.0,0.0,0.0,2.0,1.0,0.0
5613,2011.0,2.0,9.0,146.0,718.0,0.0,0.0,2.0,1.0,0.0
5614,2011.0,2.0,9.0,147.0,718.0,0.0,0.0,2.0,1.0,0.0
5615,2011.0,2.0,9.0,148.0,718.0,0.0,0.0,2.0,1.0,0.0
5616,2011.0,2.0,9.0,149.0,718.0,0.0,0.0,2.0,1.0,0.0
5617,2011.0,2.0,9.0,150.0,718.0,0.0,0.0,2.0,1.0,0.0
5618,2011.0,2.0,9.0,151.0,718.0,0.0,0.0,2.0,1.0,0.0
5619,2011.0,2.0,9.0,152.0,718.0,0.0,0.0,2.0,1.0,0.0
5620,2011.0,2.0,9.0,153.0,718.0,0.0,0.0,2.0,1.0,0.0
5621,2011.0,2.0,9.0,154.0,718.0,0.0,0.0,2.0,1.0,0.0
5622,2011.0,2.0,9.0,155.0,718.0,0.0,0.0,2.0,1.0,0.0
5623,2011.0,2.0,9.0,156.0,718.0,0.0,0.0,2.0,1.0,0.0
5624,2011.0,2.0,9.0,157.0,718.0,0.0,0.0,2.0,1.0,0.0
5625,2011.0,2.0,9.0,158.0,718.0,0.0,0.0,2.0,1.0,0.0
5626,2011.0,2.0,9.0,159.0,718.0,0.0,0.0,2.0,1.0,0.0
5627,2011.0,2.0,9.0,160.0,718.0,0.0,0.0,2.0,1.0,0.0
5628,2011.0,2.0,9.0,161.0,718.0,0.0,0.0,2.0,1.0,0.0
5629,2011.0,2.0,9.0,162.0,718.0,0.0,0.0,2.0,1.0,0.0
5630,2011.0,2.0,9.0,163.0,718.0,0.0,0.0,2.0,1.0,0.0
5631,2011.0,2.0,9.0,164.0,718.0,0.0,0.0,2.0,1.0,0.0
5632,2011.0,2.0,9.0,165.0,718.0,0.0,0.0,2.0,1.0,0.0
5633,2011.0,2.0,9.0,166.0,718.0,0.0,0.0,2.0,1.0,0.0
5634,2011.0,2.0,9.0,167.0,785.0,0.0,0.0,2.0,1.0,0.0
5635,2012.0,1.0,11.0,1.0,678.0,0.0,0.0,1.0,1.0,0.0
5636,2012.0,1.0,11.0,2.0,678.0,0.0,0.0,1.0,1.0,0.0
5637,2012.0,1.0,11.0,3.0,678.0,0.0,0.0,1.0,1.0,0.0
5638,2012.0,1.0,11.0,4.0,678.0,0.0,0.0,1.0,1.0,0.0
5639,2012.0,1.0,11.0,5.0,678.0,0.0,0.0,1.0,1.0,0.0
5640,2012.0,1.0,11.0,6.0,678.0,0.0,0.0,1.0,1.0,0.0
5641,2012.0,1.0,11.0,7.0,678.0,0.0,0.0,1.0,1.0,0.0
5642,2012.0,1.0,11.0,8.0,678.0,0.0,0.0,1.0,1.0,0.0
5643,2012.0,1.0,11.0,9.0,678.0,0.0,0.0,1.0,1.0,0.0
5644,2012.0,1.0,11.0,10.0,678.0,0.0,0.0,1.0,1.0,0.0
5645,2012.0,1.0,11.0,11.0,678.0,0.0,0.0,1.0,1.0,0.0
5646,2012.0,1.0,11.0,12.0,678.0,0.0,0.0,1.0,1.0,0.0
5647,2012.0,1.0,11.0,13.0,678.0,0.0,0.0,1.0,1.0,0.0
5648,2012.0,1.0,11.0,14.0,678.0,0.0,0.0,1.0,1.0,0.0
5649,2012.0,1.0,11.0,15.0,678.0,0.0,0.0,1.0,1.0,0.0
5650,2012.0,1.0,11.0,16.0,678.0,0.0,0.0,1.0,1.0,0.0
5651,2012.0,1.0,11.0,17.0,678.0,0.0,0.0,1.0,1.0,0.0
5652,2012.0,1.0,11.0,18.0,678.0,0.0,0.0,1.0,1.0,0.0
5653,2012.0,1.0,11.0,19.0,678.0,0.0,0.0,1.0,1.0,0.0
5654,2012.0,1.0,11.0,20.0,678.0,0.0,0.0,1.0,1.0,0.0
5655,2012.0,1.0,11.0,21.0,678.0,0.0,0.0,1.0,1.0,0.0
5656,2012.0,1.0,11.0,22.0,678.0,0.0,0.0,1.0,1.0,0.0
5657,2012.0,1.0,11.0,23.0,678.0,0.0,0.0,1.0,1.0,0.0
5658,2012.0,1.0,11.0,24.0,678.0,0.0,0.0,1.0,1.0,0.0
5659,2012.0,1.0,11.0,25.0,678.0,0.0,0.0,1.0,1.0,0.0
5660,2012.0,1.0,11.0,26.0,678.0,0.0,0.0,1.0,1.0,0.0
5661,2012.0,1.0,11.0,27.0,678.0,0.0,0.0,1.0,1.0,0.0
5662,2012.0,1.0,11.0,28.0,678.0,0.0,0.0,1.0,1.0,0.0
5663,2012.0,1.0,11.0,29.0,678.0,0.0,0.0,1.0,1.0,0.0
5664,2012.0,1.0,11.0,30.0,678.0,0.0,0.0,1.0,1.0,0.0
5665,2012.0,1.0,11.0,31.0,678.0,0.0,0.0,1.0,1.0,0.0
5666,2012.0,1.0,11.0,32.0,678.0,0.0,0.0,1.0,1.0,0.0
5667,2012.0,1.0,11.0,33.0,678.0,0.0,0.0,1.0,1.0,0.0
5668,2012.0,1.0,11.0,34.0,678.0,0.0,0.0,1.0,1.0,0.0
5669,2012.0,1.0,11.0,35.0,678.0,0.0,0.0,1.0,1.0,0.0
5670,2012.0,1.0,11.0,36.0,678.0,0.0,0.0,1.0,1.0,0.0
5671,2012.0,1.0,11.0,37.0,678.0,0.0,0.0,1.0,1.0,0.0
5672,2012.0,1.0,11.0,38.0,678.0,0.0,0.0,1.0,1.0,0.0
5673,2012.0,1.0,11.0,39.0,678.0,0.0,0.0,1.0,1.0,0.0
5674,2012.0,1.0,11.0,40.0,678.0,0.0,0.0,1.0,1.0,0.0
5675,2012.0,1.0,11.0,41.0,678.0,0.0,0.0,1.0,1.0,0.0
5676,2012.0,1.0,11.0,42.0,678.0,0.0,0.0,1.0,1.0,0.0
5677,2012.0,1.0,11.0,43.0,678.0,0.0,0.0,1.0,1.0,0.0
5678,2012.0,1.0,11.0,44.0,678.0,0.0,0.0,1.0,1.0,0.0
5679,2012.0,1.0,11.0,45.0,678.0,0.0,0.0,1.0,1.0,0.0
5680,2012.0,1.0,11.0,46.0,678.0,0.0,0.0,1.0,1.0,0.0
5681,2012.0,1.0,11.0,47.0,678.0,0.0,0.0,1.0,1.0,0.0
5682,2012.0,1.0,11.0,48.0,678.0,0.0,0.0,1.0,1.0,0.0
5683,2012.0,1.0,11.0,49.0,678.0,0.0,0.0,1.0,1.0,0.0
5684,2012.0,1.0,11.0,50.0,678.0,0.0,0.0,1.0,1.0,0.0
5685,2012.0,1.0,11.0,51.0,678.0,0.0,0.0,1.0,1.0,0.0
5686,2012.0,1.0,11.0,52.0,678.0,0.0,0.0,1.0,1.0,0.0
5687,2012.0,1.0,11.0,53.0,678.0,0.0,0.0,1.0,1.0,0.0
5688,2012.0,1.0,11.0,54.0,678.0,0.0,0.0,1.0,1.0,0.0
5689,2012.0,1.0,11.0,55.0,678.0,0.0,0.0,1.0,1.0,0.0
5690,2012.0,1.0,11.0,56.0,678.0,0.0,0.0,1.0,1.0,0.0
5691,2012.0,1.0,11.0,57.0,678.0,0.0,0.0,1.0,1.0,0.0
5692,2012.0,1.0,11.0,58.0,678.0,0.0,0.0,1.0,1.0,0.0
5693,2012.0,1.0,11.0,59.0,678.0,0.0,0.0,1.0,1.0,0.0
5694,2012.0,1.0,11.0,60.0,678.0,0.0,0.0,1.0,1.0,0.0
5695,2012.0,1.0,11.0,61.0,678.0,0.0,0.0,1.0,1.0,0.0
5696,2012.0,1.0,11.0,62.0,678.0,0.0,0.0,1.0,1.0,0.0
5697,2012.0,1.0,11.0,63.0,678.0,0.0,0.0,1.0,1.0,0.0
5698,2012.0,1.0,11.0,64.0,678.0,0.0,0.0,1.0,1.0,0.0
5699,2012.0,1.0,11.0,65.0,678.0,0.0,0.0,1.0,1.0,0.0
5700,2012.0,1.0,11.0,66.0,678.0,0.0,0.0,1.0,1.0,0.0
5701,2012.0,1.0,11.0,67.0,678.0,0.0,0.0,1.0,1.0,0.0
5702,2012.0,1.0,11.0,68.0,678.0,0.0,0.0,1.0,1.0,0.0
5703,2012.0,1.0,11.0,69.0,678.0,0.0,0.0,1.0,1.0,0.0
5704,2012.0,1.0,11.0,70.0,678.0,0.0,0.0,1.0,1.0,0.0
5705,2012.0,1.0,11.0,71.0,678.0,0.0,0.0,1.0,1.0,0.0
5706,2012.0,1.0,11.0,72.0,678.0,0.0,0.0,1.0,1.0,0.0
5707,2012.0,1.0,11.0,73.0,678.0,0.0,0.0,1.0,1.0,0.0
5708,2012.0,1.0,11.0,74.0,678.0,0.0,0.0,1.0,1.0,0.0
5709,2012.0,1.0,11.0,75.0,678.0,0.0,0.0,1.0,1.0,0.0
5710,2012.0,1.0,11.0,76.0,678.0,0.0,0.0,1.0,1.0,0.0
5711,2012.0,1.0,11.0,77.0,678.0,0.0,0.0,1.0,1.0,0.0
5712,2012.0,1.0,11.0,78.0,678.0,0.0,0.0,1.0,1.0,0.0
5713,2012.0,1.0,11.0,79.0,678.0,0.0,0.0,1.0,1.0,0.0
5714,2012.0,1.0,11.0,80.0,678.0,0.0,0.0,1.0,1.0,0.0
5715,2012.0,1.0,11.0,81.0,678.0,0.0,0.0,1.0,1.0,0.0
5716,2012.0,1.0,11.0,82.0,678.0,0.0,0.0,1.0,1.0,0.0
5717,2012.0,1.0,11.0,83.0,678.0,0.0,0.0,1.0,1.0,0.0
5718,2012.0,1.0,11.0,84.0,678.0,0.0,0.0,1.0,1.0,0.0
5719,2012.0,1.0,11.0,85.0,678.0,0.0,0.0,1.0,1.0,0.0
5720,2012.0,1.0,11.0,86.0,678.0,0.0,0.0,1.0,1.0,0.0
5721,2012.0,1.0,11.0,87.0,678.0,0.0,0.0,1.0,1.0,0.0
5722,2012.0,1.0,11.0,88.0,678.0,0.0,0.0,1.0,1.0,0.0
5723,2012.0,1.0,11.0,89.0,678.0,0.0,0.0,1.0,1.0,0.0
5724,2012.0,1.0,11.0,90.0,678.0,0.0,0.0,1.0,1.0,0.0
5725,2012.0,1.0,11.0,91.0,678.0,0.0,0.0,1.0,1.0,0.0
5726,2012.0,1.0,11.0,92.0,678.0,0.0,0.0,1.0,1.0,0.0
5727,2012.0,1.0,11.0,93.0,678.0,0.0,0.0,1.0,1.0,0.0
5728,2012.0,1.0,11.0,94.0,678.0,0.0,0.0,1.0,1.0,0.0
5729,2012.0,1.0,11.0,95.0,678.0,0.0,0.0,1.0,1.0,0.0
5730,2012.0,1.0,11.0,96.0,678.0,0.0,0.0,1.0,1.0,0.0
5731,2012.0,1.0,11.0,97.0,678.0,0.0,0.0,1.0,1.0,0.0
5732,2012.0,1.0,11.0,98.0,678.0,0.0,0.0,1.0,1.0,0.0
5733,2012.0,1.0,11.0,99.0,678.0,0.0,0.0,1.0,1.0,0.0
5734,2012.0,1.0,11.0,100.0,678.0,0.0,0.0,1.0,1.0,0.0
5735,2012.0,1.0,11.0,101.0,678.0,0.0,0.0,1.0,1.0,0.0
5736,2012.0,1.0,11.0,102.0,678.0,0.0,0.0,1.0,1.0,0.0
5737,2012.0,1.0,11.0,103.0,678.0,0.0,0.0,1.0,1.0,0.0
5738,2012.0,1.0,11.0,104.0,678.0,0.0,0.0,1.0,1.0,0.0
5739,2012.0,1.0,11.0,105.0,678.0,0.0,0.0,1.0,1.0,0.0
5740,2012.0,1.0,11.0,106.0,678.0,0.0,0.0,1.0,1.0,0.0
5741,2012.0,1.0,11.0,107.0,678.0,0.0,0.0,1.0,1.0,0.0
5742,2012.0,1.0,11.0,108.0,678.0,0.0,0.0,1.0,1.0,0.0
5743,2012.0,1.0,11.0,109.0,678.0,0.0,0.0,1.0,1.0,0.0
5744,2012.0,1.0,11.0,110.0,678.0,0.0,0.0,1.0,1.0,0.0
5745,2012.0,1.0,11.0,111.0,678.0,0.0,0.0,1.0,1.0,0.0
5746,2012.0,1.0,11.0,112.0,678.0,0.0,0.0,1.0,1.0,0.0
5747,2012.0,1.0,11.0,113.0,678.0,0.0,0.0,1.0,1.0,0.0
5748,2012.0,1.0,11.0,114.0,678.0,0.0,0.0,1.0,1.0,0.0
5749,2012.0,1.0,11.0,115.0,678.0,0.0,0.0,1.0,1.0,0.0
5750,2012.0,1.0,11.0,116.0,678.0,0.0,0.0,1.0,1.0,0.0
5751,2012.0,1.0,11.0,117.0,678.0,0.0,0.0,1.0,1.0,0.0
5752,2012.0,1.0,11.0,118.0,678.0,0.0,0.0,1.0,1.0,0.0
5753,2012.0,1.0,11.0,119.0,678.0,0.0,0.0,1.0,1.0,0.0
5754,2012.0,1.0,11.0,120.0,678.0,0.0,0.0,1.0,1.0,0.0
5755,2012.0,1.0,11.0,121.0,678.0,0.0,0.0,1.0,1.0,0.0
5756,2012.0,1.0,11.0,122.0,678.0,0.0,0.0,1.0,1.0,0.0
5757,2012.0,1.0,11.0,123.0,678.0,0.0,0.0,1.0,1.0,0.0
5758,2012.0,1.0,11.0,124.0,678.0,0.0,0.0,1.0,1.0,0.0
5759,2012.0,1.0,11.0,125.0,678.0,0.0,0.0,1.0,1.0,0.0
5760,2012.0,1.0,11.0,126.0,678.0,0.0,0.0,1.0,1.0,0.0
5761,2012.0,1.0,11.0,127.0,678.0,0.0,0.0,1.0,1.0,0.0
5762,2012.0,1.0,11.0,128.0,678.0,0.0,0.0,1.0,1.0,0.0
5763,2012.0,1.0,11.0,129.0,678.0,0.0,0.0,1.0,1.0,0.0
5764,2012.0,1.0,11.0,130.0,678.0,0.0,0.0,1.0,1.0,0.0
5765,2012.0,1.0,11.0,131.0,678.0,0.0,0.0,1.0,1.0,0.0
5766,2012.0,1.0,11.0,132.0,678.0,0.0,0.0,1.0,1.0,0.0
5767,2012.0,1.0,11.0,133.0,678.0,0.0,0.0,1.0,1.0,0.0
5768,2012.0,1.0,11.0,134.0,678.0,0.0,0.0,1.0,1.0,0.0
5769,2012.0,1.0,11.0,135.0,678.0,0.0,0.0,1.0,1.0,0.0
5770,2012.0,1.0,11.0,136.0,678.0,0.0,0.0,1.0,1.0,0.0
5771,2012.0,1.0,11.0,137.0,678.0,0.0,0.0,1.0,1.0,0.0
5772,2012.0,1.0,11.0,138.0,678.0,0.0,0.0,1.0,1.0,0.0
5773,2012.0,1.0,11.0,139.0,678.0,0.0,0.0,1.0,1.0,0.0
5774,2012.0,1.0,11.0,140.0,678.0,0.0,0.0,1.0,1.0,0.0
5775,2012.0,1.0,11.0,141.0,678.0,0.0,0.0,1.0,1.0,0.0
5776,2012.0,1.0,11.0,142.0,678.0,0.0,0.0,1.0,1.0,0.0
5777,2012.0,1.0,11.0,143.0,678.0,0.0,0.0,1.0,1.0,0.0
5778,2012.0,1.0,11.0,144.0,678.0,0.0,0.0,1.0,1.0,0.0
5779,2012.0,1.0,11.0,145.0,678.0,0.0,0.0,1.0,1.0,0.0
5780,2012.0,1.0,11.0,146.0,678.0,0.0,0.0,1.0,1.0,0.0
5781,2012.0,1.0,11.0,147.0,678.0,0.0,0.0,1.0,1.0,0.0
5782,2012.0,1.0,11.0,148.0,678.0,0.0,0.0,1.0,1.0,0.0
5783,2012.0,1.0,11.0,149.0,678.0,0.0,0.0,1.0,1.0,0.0
5784,2012.0,1.0,11.0,150.0,678.0,0.0,0.0,1.0,1.0,0.0
5785,2012.0,1.0,11.0,151.0,678.0,0.0,0.0,1.0,1.0,0.0
5786,2012.0,1.0,11.0,152.0,678.0,0.0,0.0,1.0,1.0,0.0
5787,2012.0,1.0,11.0,153.0,678.0,0.0,0.0,1.0,1.0,0.0
5788,2012.0,1.0,11.0,154.0,678.0,0.0,0.0,1.0,1.0,0.0
5789,2012.0,1.0,11.0,155.0,678.0,0.0,0.0,1.0,1.0,0.0
5790,2012.0,1.0,11.0,156.0,678.0,0.0,0.0,1.0,1.0,0.0
5791,2012.0,1.0,11.0,157.0,678.0,0.0,0.0,1.0,1.0,0.0
5792,2012.0,1.0,11.0,158.0,678.0,0.0,0.0,1.0,1.0,0.0
5793,2012.0,1.0,11.0,159.0,678.0,0.0,0.0,1.0,1.0,0.0
5794,2012.0,1.0,11.0,160.0,678.0,0.0,0.0,1.0,1.0,0.0
5795,2012.0,1.0,11.0,161.0,678.0,0.0,0.0,1.0,1.0,0.0
5796,2012.0,1.0,11.0,162.0,678.0,0.0,0.0,1.0,1.0,0.0
5797,2012.0,1.0,11.0,163.0,678.0,0.0,0.0,1.0,1.0,0.0
5798,2012.0,1.0,11.0,164.0,678.0,0.0,0.0,1.0,1.0,0.0
5799,2012.0,1.0,11.0,165.0,678.0,0.0,0.0,1.0,1.0,0.0
5800,2012.0,1.0,11.0,166.0,678.0,0.0,0.0,1.0,1.0,0.0
5801,2012.0,1.0,11.0,167.0,678.0,0.0,0.0,1.0,1.0,0.0
5802,2012.0,1.0,11.0,168.0,678.0,0.0,0.0,1.0,1.0,0.0
5803,2012.0,1.0,11.0,169.0,678.0,0.0,0.0,1.0,1.0,0.0
5804,2012.0,1.0,11.0,170.0,678.0,0.0,0.0,1.0,1.0,0.0
5805,2012.0,1.0,11.0,171.0,678.0,0.0,0.0,1.0,1.0,0.0
5806,2012.0,1.0,11.0,172.0,678.0,0.0,0.0,1.0,1.0,0.0
5807,2012.0,1.0,11.0,173.0,678.0,0.0,0.0,1.0,1.0,0.0
5808,2012.0,1.0,11.0,174.0,678.0,0.0,0.0,1.0,1.0,0.0
5809,2012.0,1.0,11.0,175.0,678.0,0.0,0.0,1.0,1.0,0.0
5810,2012.0,1.0,11.0,176.0,678.0,0.0,0.0,1.0,1.0,0.0
5811,2012.0,1.0,11.0,177.0,678.0,0.0,0.0,1.0,1.0,0.0
5812,2012.0,1.0,11.0,178.0,678.0,0.0,0.0,1.0,1.0,0.0
5813,2012.0,1.0,11.0,179.0,678.0,0.0,0.0,1.0,1.0,0.0
5814,2012.0,1.0,11.0,180.0,678.0,0.0,0.0,1.0,1.0,0.0
5815,2012.0,1.0,11.0,181.0,678.0,0.0,0.0,1.0,1.0,0.0
5816,2012.0,1.0,11.0,182.0,678.0,0.0,0.0,1.0,1.0,0.0
5817,2012.0,1.0,11.0,183.0,678.0,0.0,0.0,1.0,1.0,0.0
5818,2012.0,1.0,11.0,184.0,678.0,0.0,0.0,1.0,1.0,0.0
5819,2012.0,1.0,11.0,185.0,678.0,0.0,0.0,1.0,1.0,0.0
5820,2012.0,1.0,11.0,186.0,678.0,0.0,0.0,1.0,1.0,0.0
5821,2012.0,1.0,11.0,187.0,678.0,0.0,0.0,1.0,1.0,0.0
5822,2012.0,1.0,11.0,188.0,678.0,0.0,0.0,1.0,1.0,0.0
5823,2012.0,1.0,11.0,189.0,678.0,0.0,0.0,1.0,1.0,0.0
5824,2012.0,1.0,11.0,190.0,678.0,0.0,0.0,1.0,1.0,0.0
5825,2012.0,1.0,11.0,191.0,678.0,0.0,0.0,1.0,1.0,0.0
5826,2012.0,1.0,11.0,192.0,678.0,0.0,0.0,1.0,1.0,0.0
5827,2012.0,1.0,11.0,193.0,678.0,0.0,0.0,1.0,1.0,0.0
5828,2012.0,1.0,11.0,194.0,678.0,0.0,0.0,1.0,1.0,0.0
5829,2012.0,1.0,11.0,195.0,678.0,0.0,0.0,1.0,1.0,0.0
5830,2012.0,1.0,11.0,196.0,678.0,0.0,0.0,1.0,1.0,0.0
5831,2012.0,1.0,11.0,197.0,678.0,0.0,0.0,1.0,1.0,0.0
5832,2012.0,1.0,11.0,198.0,678.0,0.0,0.0,1.0,1.0,0.0
5833,2012.0,1.0,11.0,199.0,678.0,0.0,0.0,1.0,1.0,0.0
5834,2012.0,1.0,11.0,200.0,678.0,0.0,0.0,1.0,1.0,0.0
5835,2012.0,1.0,11.0,201.0,678.0,0.0,0.0,1.0,1.0,0.0
5836,2012.0,1.0,11.0,202.0,678.0,0.0,0.0,1.0,1.0,0.0
5837,2012.0,1.0,11.0,203.0,678.0,0.0,0.0,1.0,1.0,0.0
5838,2012.0,1.0,11.0,204.0,678.0,0.0,0.0,1.0,1.0,0.0
5839,2012.0,1.0,11.0,205.0,678.0,0.0,0.0,1.0,1.0,0.0
5840,2012.0,1.0,11.0,206.0,678.0,0.0,0.0,1.0,1.0,0.0
5841,2012.0,1.0,11.0,207.0,678.0,0.0,0.0,1.0,1.0,0.0
5842,2012.0,1.0,11.0,208.0,678.0,0.0,0.0,1.0,1.0,0.0
5843,2012.0,1.0,11.0,209.0,678.0,0.0,0.0,1.0,1.0,0.0
5844,2012.0,1.0,11.0,210.0,678.0,0.0,0.0,1.0,1.0,0.0
5845,2012.0,1.0,11.0,211.0,678.0,0.0,0.0,1.0,1.0,0.0
5846,2012.0,1.0,11.0,212.0,678.0,0.0,0.0,1.0,1.0,0.0
5847,2012.0,1.0,11.0,213.0,678.0,0.0,0.0,1.0,1.0,0.0
5848,2012.0,1.0,11.0,214.0,678.0,0.0,0.0,1.0,1.0,0.0
5849,2012.0,1.0,11.0,215.0,678.0,0.0,0.0,1.0,1.0,0.0
5850,2012.0,1.0,11.0,216.0,678.0,0.0,0.0,1.0,1.0,0.0
5851,2012.0,1.0,11.0,217.0,678.0,0.0,0.0,1.0,1.0,0.0
5852,2012.0,1.0,11.0,218.0,678.0,0.0,0.0,1.0,1.0,0.0
5853,2012.0,1.0,11.0,219.0,678.0,0.0,0.0,1.0,1.0,0.0
5854,2012.0,1.0,11.0,220.0,678.0,0.0,0.0,1.0,1.0,0.0
5855,2012.0,1.0,11.0,221.0,678.0,0.0,0.0,1.0,1.0,0.0
5856,2012.0,1.0,11.0,222.0,678.0,0.0,0.0,1.0,1.0,0.0
5857,2012.0,1.0,11.0,223.0,678.0,0.0,0.0,1.0,1.0,0.0
5858,2012.0,1.0,11.0,224.0,678.0,0.0,0.0,1.0,1.0,0.0
5859,2012.0,1.0,11.0,225.0,678.0,0.0,0.0,1.0,1.0,0.0
5860,2012.0,1.0,11.0,226.0,678.0,0.0,0.0,1.0,1.0,0.0
5861,2012.0,1.0,11.0,227.0,678.0,0.0,0.0,1.0,1.0,0.0
5862,2012.0,1.0,11.0,228.0,678.0,0.0,0.0,1.0,1.0,0.0
5863,2012.0,1.0,11.0,229.0,678.0,0.0,0.0,1.0,1.0,0.0
5864,2012.0,1.0,11.0,230.0,678.0,0.0,0.0,1.0,1.0,0.0
5865,2012.0,1.0,11.0,231.0,678.0,0.0,0.0,1.0,1.0,0.0
5866,2012.0,1.0,11.0,232.0,678.0,0.0,0.0,1.0,1.0,0.0
5867,2012.0,1.0,11.0,233.0,678.0,0.0,0.0,1.0,1.0,0.0
5868,2012.0,1.0,11.0,234.0,678.0,0.0,0.0,1.0,1.0,0.0
5869,2012.0,1.0,11.0,235.0,678.0,0.0,0.0,1.0,1.0,0.0
5870,2012.0,1.0,11.0,236.0,678.0,0.0,0.0,1.0,1.0,0.0
5871,2012.0,1.0,11.0,237.0,678.0,0.0,0.0,1.0,1.0,0.0
5872,2012.0,1.0,11.0,238.0,678.0,0.0,0.0,1.0,1.0,0.0
5873,2012.0,1.0,11.0,239.0,678.0,0.0,0.0,1.0,1.0,0.0
5874,2012.0,1.0,11.0,240.0,678.0,0.0,0.0,1.0,1.0,0.0
5875,2012.0,1.0,11.0,241.0,678.0,0.0,0.0,1.0,1.0,0.0
5876,2012.0,1.0,11.0,242.0,678.0,0.0,0.0,1.0,1.0,0.0
5877,2012.0,1.0,11.0,243.0,678.0,0.0,0.0,1.0,1.0,0.0
5878,2012.0,1.0,11.0,244.0,678.0,0.0,0.0,1.0,1.0,0.0
5879,2012.0,1.0,11.0,245.0,678.0,0.0,0.0,1.0,1.0,0.0
5880,2012.0,1.0,11.0,246.0,678.0,0.0,0.0,1.0,1.0,0.0
5881,2012.0,1.0,11.0,247.0,678.0,0.0,0.0,1.0,1.0,0.0
5882,2012.0,1.0,11.0,248.0,678.0,0.0,0.0,1.0,1.0,0.0
5883,2012.0,1.0,11.0,249.0,678.0,0.0,0.0,1.0,1.0,0.0
5884,2012.0,1.0,11.0,250.0,678.0,0.0,0.0,1.0,1.0,0.0
5885,2012.0,1.0,11.0,251.0,678.0,0.0,0.0,1.0,1.0,0.0
5886,2012.0,1.0,11.0,252.0,678.0,0.0,0.0,1.0,1.0,0.0
5887,2012.0,1.0,11.0,253.0,678.0,0.0,0.0,1.0,1.0,0.0
5888,2012.0,1.0,11.0,254.0,678.0,0.0,0.0,1.0,1.0,0.0
5889,2012.0,1.0,11.0,255.0,678.0,0.0,0.0,1.0,1.0,0.0
5890,2012.0,1.0,11.0,256.0,678.0,0.0,0.0,1.0,1.0,0.0
5891,2012.0,1.0,11.0,257.0,678.0,0.0,0.0,1.0,1.0,0.0
5892,2012.0,1.0,11.0,258.0,678.0,0.0,0.0,1.0,1.0,0.0
5893,2012.0,1.0,11.0,259.0,678.0,0.0,0.0,1.0,1.0,0.0
5894,2012.0,1.0,11.0,260.0,678.0,0.0,0.0,1.0,1.0,0.0
5895,2012.0,1.0,11.0,261.0,678.0,0.0,0.0,1.0,1.0,0.0
5896,2012.0,1.0,11.0,262.0,678.0,0.0,0.0,1.0,1.0,0.0
5897,2012.0,1.0,11.0,263.0,678.0,0.0,0.0,1.0,1.0,0.0
5898,2012.0,1.0,11.0,264.0,678.0,0.0,0.0,1.0,1.0,0.0
5899,2012.0,1.0,11.0,265.0,678.0,0.0,0.0,1.0,1.0,0.0
5900,2012.0,1.0,11.0,266.0,678.0,0.0,0.0,1.0,1.0,0.0
5901,2012.0,1.0,11.0,267.0,678.0,0.0,0.0,1.0,1.0,0.0
5902,2012.0,1.0,11.0,268.0,678.0,0.0,0.0,1.0,1.0,0.0
5903,2012.0,1.0,11.0,269.0,678.0,0.0,0.0,1.0,1.0,0.0
5904,2012.0,1.0,11.0,270.0,678.0,0.0,0.0,1.0,1.0,0.0
5905,2012.0,1.0,11.0,271.0,678.0,0.0,0.0,1.0,1.0,0.0
5906,2012.0,1.0,11.0,272.0,678.0,0.0,0.0,1.0,1.0,0.0
5907,2012.0,1.0,11.0,273.0,678.0,0.0,0.0,1.0,1.0,0.0
5908,2012.0,1.0,11.0,274.0,678.0,0.0,0.0,1.0,1.0,0.0
5909,2012.0,1.0,11.0,275.0,678.0,0.0,0.0,1.0,1.0,0.0
5910,2012.0,1.0,11.0,276.0,678.0,0.0,0.0,1.0,1.0,0.0
5911,2012.0,1.0,11.0,277.0,678.0,0.0,0.0,1.0,1.0,0.0
5912,2012.0,1.0,11.0,278.0,678.0,0.0,0.0,1.0,1.0,0.0
5913,2012.0,1.0,11.0,279.0,678.0,0.0,0.0,1.0,1.0,0.0
5914,2012.0,1.0,11.0,280.0,678.0,0.0,0.0,1.0,1.0,0.0
5915,2012.0,1.0,11.0,281.0,678.0,0.0,0.0,1.0,1.0,0.0
5916,2012.0,1.0,11.0,282.0,678.0,0.0,0.0,1.0,1.0,0.0
5917,2012.0,1.0,11.0,283.0,678.0,0.0,0.0,1.0,1.0,0.0
5918,2012.0,1.0,11.0,284.0,678.0,0.0,0.0,1.0,1.0,0.0
5919,2012.0,1.0,11.0,285.0,678.0,0.0,0.0,1.0,1.0,0.0
5920,2012.0,1.0,11.0,286.0,678.0,0.0,0.0,1.0,1.0,0.0
5921,2012.0,1.0,11.0,287.0,678.0,0.0,0.0,1.0,1.0,0.0
5922,2012.0,1.0,11.0,288.0,678.0,0.0,0.0,1.0,1.0,0.0
5923,2012.0,1.0,11.0,289.0,678.0,0.0,0.0,1.0,1.0,0.0
5924,2012.0,1.0,11.0,290.0,678.0,0.0,0.0,1.0,1.0,0.0
5925,2012.0,1.0,11.0,291.0,678.0,0.0,0.0,1.0,1.0,0.0
5926,2012.0,1.0,11.0,292.0,678.0,0.0,0.0,1.0,1.0,0.0
5927,2012.0,1.0,11.0,293.0,678.0,0.0,0.0,1.0,1.0,0.0
5928,2012.0,1.0,11.0,294.0,678.0,0.0,0.0,1.0,1.0,0.0
5929,2012.0,1.0,11.0,295.0,678.0,0.0,0.0,1.0,1.0,0.0
5930,2012.0,1.0,11.0,296.0,678.0,0.0,0.0,1.0,1.0,0.0
5931,2012.0,1.0,11.0,297.0,678.0,0.0,0.0,1.0,1.0,0.0
5932,2012.0,1.0,11.0,298.0,678.0,0.0,0.0,1.0,1.0,0.0
5933,2012.0,1.0,11.0,299.0,678.0,0.0,0.0,1.0,1.0,0.0
5934,2012.0,1.0,11.0,300.0,678.0,0.0,0.0,1.0,1.0,0.0
5935,2012.0,1.0,11.0,301.0,678.0,0.0,0.0,1.0,1.0,0.0
5936,2012.0,1.0,11.0,302.0,678.0,0.0,0.0,1.0,1.0,0.0
5937,2012.0,1.0,11.0,303.0,678.0,0.0,0.0,1.0,1.0,0.0
5938,2012.0,1.0,11.0,304.0,678.0,0.0,0.0,1.0,1.0,0.0
5939,2012.0,1.0,11.0,305.0,678.0,0.0,0.0,1.0,1.0,0.0
5940,2012.0,1.0,11.0,306.0,678.0,0.0,0.0,1.0,1.0,0.0
5941,2012.0,1.0,11.0,307.0,678.0,0.0,0.0,1.0,1.0,0.0
5942,2012.0,1.0,11.0,308.0,678.0,0.0,0.0,1.0,1.0,0.0
5943,2012.0,1.0,11.0,309.0,678.0,0.0,0.0,1.0,1.0,0.0
5944,2012.0,1.0,11.0,310.0,678.0,0.0,0.0,1.0,1.0,0.0
5945,2012.0,1.0,11.0,311.0,678.0,0.0,0.0,1.0,1.0,0.0
5946,2012.0,1.0,11.0,312.0,678.0,0.0,0.0,1.0,1.0,0.0
5947,2012.0,1.0,11.0,313.0,678.0,0.0,0.0,1.0,1.0,0.0
5948,2012.0,1.0,11.0,314.0,678.0,0.0,0.0,1.0,1.0,0.0
5949,2012.0,1.0,11.0,315.0,678.0,0.0,0.0,1.0,1.0,0.0
5950,2012.0,1.0,11.0,316.0,678.0,0.0,0.0,1.0,1.0,0.0
5951,2012.0,1.0,11.0,317.0,678.0,0.0,0.0,1.0,1.0,0.0
5952,2012.0,1.0,11.0,318.0,678.0,0.0,0.0,1.0,1.0,0.0
5953,2012.0,1.0,11.0,319.0,678.0,0.0,0.0,1.0,1.0,0.0
5954,2012.0,1.0,11.0,320.0,678.0,0.0,0.0,1.0,1.0,0.0
5955,2012.0,1.0,11.0,321.0,678.0,0.0,0.0,1.0,1.0,0.0
5956,2012.0,1.0,11.0,322.0,678.0,0.0,0.0,1.0,1.0,0.0
5957,2012.0,1.0,11.0,323.0,678.0,0.0,0.0,1.0,1.0,0.0
5958,2012.0,1.0,11.0,324.0,678.0,0.0,0.0,1.0,1.0,0.0
5959,2012.0,1.0,11.0,325.0,678.0,0.0,0.0,1.0,1.0,0.0
5960,2012.0,1.0,11.0,326.0,678.0,0.0,0.0,1.0,1.0,0.0
5961,2012.0,1.0,11.0,327.0,678.0,0.0,0.0,1.0,1.0,0.0
5962,2012.0,1.0,11.0,328.0,678.0,0.0,0.0,1.0,1.0,0.0
5963,2012.0,1.0,11.0,329.0,678.0,0.0,0.0,1.0,1.0,0.0
5964,2012.0,1.0,11.0,330.0,678.0,0.0,0.0,1.0,1.0,0.0
5965,2012.0,1.0,11.0,331.0,678.0,0.0,0.0,1.0,1.0,0.0
5966,2012.0,1.0,11.0,332.0,678.0,0.0,0.0,1.0,1.0,0.0
5967,2012.0,1.0,11.0,333.0,678.0,0.0,0.0,1.0,1.0,0.0
5968,2012.0,1.0,11.0,334.0,678.0,0.0,0.0,1.0,1.0,0.0
5969,2012.0,1.0,11.0,335.0,678.0,0.0,0.0,1.0,1.0,0.0
5970,2012.0,1.0,11.0,336.0,678.0,0.0,0.0,1.0,1.0,0.0
5971,2012.0,1.0,11.0,337.0,678.0,0.0,0.0,1.0,1.0,0.0
5972,2012.0,1.0,11.0,338.0,678.0,0.0,0.0,1.0,1.0,0.0
5973,2012.0,1.0,11.0,339.0,678.0,0.0,0.0,1.0,1.0,0.0
5974,2012.0,1.0,11.0,340.0,678.0,0.0,0.0,1.0,1.0,0.0
5975,2012.0,1.0,11.0,341.0,678.0,0.0,0.0,1.0,1.0,0.0
5976,2012.0,1.0,11.0,342.0,678.0,0.0,0.0,1.0,1.0,0.0
5977,2012.0,1.0,11.0,343.0,678.0,0.0,0.0,1.0,1.0,0.0
5978,2012.0,1.0,11.0,344.0,983.0,0.0,0.0,1.0,1.0,0.0
5979,2012.0,2.0,8.0,1.0,635.0,0.0,0.0,1.0,1.0,0.0
5980,2012.0,2.0,8.0,2.0,635.0,0.0,0.0,1.0,1.0,0.0
5981,2012.0,2.0,8.0,3.0,635.0,0.0,0.0,1.0,1.0,0.0
5982,2012.0,2.0,8.0,4.0,635.0,0.0,0.0,1.0,1.0,0.0
5983,2012.0,2.0,8.0,5.0,635.0,0.0,0.0,1.0,1.0,0.0
5984,2012.0,2.0,8.0,6.0,635.0,0.0,0.0,1.0,1.0,0.0
5985,2012.0,2.0,8.0,7.0,635.0,0.0,0.0,1.0,1.0,0.0
5986,2012.0,2.0,8.0,8.0,635.0,0.0,0.0,1.0,1.0,0.0
5987,2012.0,2.0,8.0,9.0,635.0,0.0,0.0,1.0,1.0,0.0
5988,2012.0,2.0,8.0,10.0,635.0,0.0,0.0,1.0,1.0,0.0
5989,2012.0,2.0,8.0,11.0,635.0,0.0,0.0,1.0,1.0,0.0
5990,2012.0,2.0,8.0,12.0,635.0,0.0,0.0,1.0,1.0,0.0
5991,2012.0,2.0,8.0,13.0,635.0,0.0,0.0,1.0,1.0,0.0
5992,2012.0,2.0,8.0,14.0,635.0,0.0,0.0,1.0,1.0,0.0
5993,2012.0,2.0,8.0,15.0,635.0,0.0,0.0,1.0,1.0,0.0
5994,2012.0,2.0,8.0,16.0,635.0,0.0,0.0,1.0,1.0,0.0
5995,2012.0,2.0,8.0,17.0,635.0,0.0,0.0,1.0,1.0,0.0
5996,2012.0,2.0,8.0,18.0,635.0,0.0,0.0,1.0,1.0,0.0
5997,2012.0,2.0,8.0,19.0,635.0,0.0,0.0,1.0,1.0,0.0
5998,2012.0,2.0,8.0,20.0,635.0,0.0,0.0,1.0,1.0,0.0
5999,2012.0,2.0,8.0,21.0,635.0,0.0,0.0,1.0,1.0,0.0
6000,2012.0,2.0,8.0,22.0,635.0,0.0,0.0,1.0,1.0,0.0
6001,2012.0,2.0,8.0,23.0,635.0,0.0,0.0,1.0,1.0,0.0
6002,2012.0,2.0,8.0,24.0,635.0,0.0,0.0,1.0,1.0,0.0
6003,2012.0,2.0,8.0,25.0,635.0,0.0,0.0,1.0,1.0,0.0
6004,2012.0,2.0,8.0,26.0,635.0,0.0,0.0,1.0,1.0,0.0
6005,2012.0,2.0,8.0,27.0,635.0,0.0,0.0,1.0,1.0,0.0
6006,2012.0,2.0,8.0,28.0,635.0,0.0,0.0,1.0,1.0,0.0
6007,2012.0,2.0,8.0,29.0,635.0,0.0,0.0,1.0,1.0,0.0
6008,2012.0,2.0,8.0,30.0,635.0,0.0,0.0,1.0,1.0,0.0
6009,2012.0,2.0,8.0,31.0,635.0,0.0,0.0,1.0,1.0,0.0
6010,2012.0,2.0,8.0,32.0,635.0,0.0,0.0,1.0,1.0,0.0
6011,2012.0,2.0,8.0,33.0,635.0,0.0,0.0,1.0,1.0,0.0
6012,2012.0,2.0,8.0,34.0,635.0,0.0,0.0,1.0,1.0,0.0
6013,2012.0,2.0,8.0,35.0,635.0,0.0,0.0,1.0,1.0,0.0
6014,2012.0,2.0,8.0,36.0,635.0,0.0,0.0,1.0,1.0,0.0
6015,2012.0,2.0,8.0,37.0,635.0,0.0,0.0,1.0,1.0,0.0
6016,2012.0,2.0,8.0,38.0,635.0,0.0,0.0,1.0,1.0,0.0
6017,2012.0,2.0,8.0,39.0,635.0,0.0,0.0,1.0,1.0,0.0
6018,2012.0,2.0,8.0,40.0,635.0,0.0,0.0,1.0,1.0,0.0
6019,2012.0,2.0,8.0,41.0,635.0,0.0,0.0,1.0,1.0,0.0
6020,2012.0,2.0,8.0,42.0,635.0,0.0,0.0,1.0,1.0,0.0
6021,2012.0,2.0,8.0,43.0,635.0,0.0,0.0,1.0,1.0,0.0
6022,2012.0,2.0,8.0,44.0,635.0,0.0,0.0,1.0,1.0,0.0
6023,2012.0,2.0,8.0,45.0,635.0,0.0,0.0,1.0,1.0,0.0
6024,2012.0,2.0,8.0,46.0,635.0,0.0,0.0,1.0,1.0,0.0
6025,2012.0,2.0,8.0,47.0,635.0,0.0,0.0,1.0,1.0,0.0
6026,2012.0,2.0,8.0,48.0,635.0,0.0,0.0,1.0,1.0,0.0
6027,2012.0,2.0,8.0,49.0,635.0,0.0,0.0,1.0,1.0,0.0
6028,2012.0,2.0,8.0,50.0,635.0,0.0,0.0,1.0,1.0,0.0
6029,2012.0,2.0,8.0,51.0,635.0,0.0,0.0,1.0,1.0,0.0
6030,2012.0,2.0,8.0,52.0,635.0,0.0,0.0,1.0,1.0,0.0
6031,2012.0,2.0,8.0,53.0,635.0,0.0,0.0,1.0,1.0,0.0
6032,2012.0,2.0,8.0,54.0,635.0,0.0,0.0,1.0,1.0,0.0
6033,2012.0,2.0,8.0,55.0,635.0,0.0,0.0,1.0,1.0,0.0
6034,2012.0,2.0,8.0,56.0,635.0,0.0,0.0,1.0,1.0,0.0
6035,2012.0,2.0,8.0,57.0,635.0,0.0,0.0,1.0,1.0,0.0
6036,2012.0,2.0,8.0,58.0,635.0,0.0,0.0,1.0,1.0,0.0
6037,2012.0,2.0,8.0,59.0,635.0,0.0,0.0,1.0,1.0,0.0
6038,2012.0,2.0,8.0,60.0,635.0,0.0,0.0,1.0,1.0,0.0
6039,2012.0,2.0,8.0,61.0,635.0,0.0,0.0,1.0,1.0,0.0
6040,2012.0,2.0,8.0,62.0,635.0,0.0,0.0,1.0,1.0,0.0
6041,2012.0,2.0,8.0,63.0,635.0,0.0,0.0,1.0,1.0,0.0
6042,2012.0,2.0,8.0,64.0,635.0,0.0,0.0,1.0,1.0,0.0
6043,2012.0,2.0,8.0,65.0,635.0,0.0,0.0,1.0,1.0,0.0
6044,2012.0,2.0,8.0,66.0,635.0,0.0,0.0,1.0,1.0,0.0
6045,2012.0,2.0,8.0,67.0,635.0,0.0,0.0,1.0,1.0,0.0
6046,2012.0,2.0,8.0,68.0,635.0,0.0,0.0,1.0,1.0,0.0
6047,2012.0,2.0,8.0,69.0,635.0,0.0,0.0,1.0,1.0,0.0
6048,2012.0,2.0,8.0,70.0,635.0,0.0,0.0,1.0,1.0,0.0
6049,2012.0,2.0,8.0,71.0,635.0,0.0,0.0,1.0,1.0,0.0
6050,2012.0,2.0,8.0,72.0,635.0,0.0,0.0,1.0,1.0,0.0
6051,2012.0,2.0,8.0,73.0,635.0,0.0,0.0,1.0,1.0,0.0
6052,2012.0,2.0,8.0,74.0,635.0,0.0,0.0,1.0,1.0,0.0
6053,2012.0,2.0,8.0,75.0,635.0,0.0,0.0,1.0,1.0,0.0
6054,2012.0,2.0,8.0,76.0,635.0,0.0,0.0,1.0,1.0,0.0
6055,2012.0,2.0,8.0,77.0,635.0,0.0,0.0,1.0,1.0,0.0
6056,2012.0,2.0,8.0,78.0,635.0,0.0,0.0,1.0,1.0,0.0
6057,2012.0,2.0,8.0,79.0,635.0,0.0,0.0,1.0,1.0,0.0
6058,2012.0,2.0,8.0,80.0,635.0,0.0,0.0,1.0,1.0,0.0
6059,2012.0,2.0,8.0,81.0,635.0,0.0,0.0,1.0,1.0,0.0
6060,2012.0,2.0,8.0,82.0,635.0,0.0,0.0,1.0,1.0,0.0
6061,2012.0,2.0,8.0,83.0,635.0,0.0,0.0,1.0,1.0,0.0
6062,2012.0,2.0,8.0,84.0,635.0,0.0,0.0,1.0,1.0,0.0
6063,2012.0,2.0,8.0,85.0,635.0,0.0,0.0,1.0,1.0,0.0
6064,2012.0,2.0,8.0,86.0,635.0,0.0,0.0,1.0,1.0,0.0
6065,2012.0,2.0,8.0,87.0,635.0,0.0,0.0,1.0,1.0,0.0
6066,2012.0,2.0,8.0,88.0,635.0,0.0,0.0,1.0,1.0,0.0
6067,2012.0,2.0,8.0,89.0,635.0,0.0,0.0,1.0,1.0,0.0
6068,2012.0,2.0,8.0,90.0,635.0,0.0,0.0,1.0,1.0,0.0
6069,2012.0,2.0,8.0,91.0,635.0,0.0,0.0,1.0,1.0,0.0
6070,2012.0,2.0,8.0,92.0,635.0,0.0,0.0,1.0,1.0,0.0
6071,2012.0,2.0,8.0,93.0,635.0,0.0,0.0,1.0,1.0,0.0
6072,2012.0,2.0,8.0,94.0,635.0,0.0,0.0,1.0,1.0,0.0
6073,2012.0,2.0,8.0,95.0,635.0,0.0,0.0,1.0,1.0,0.0
6074,2012.0,2.0,8.0,96.0,635.0,0.0,0.0,1.0,1.0,0.0
6075,2012.0,2.0,8.0,97.0,635.0,0.0,0.0,1.0,1.0,0.0
6076,2012.0,2.0,8.0,98.0,635.0,0.0,0.0,1.0,1.0,0.0
6077,2012.0,2.0,8.0,99.0,635.0,0.0,0.0,1.0,1.0,0.0
6078,2012.0,2.0,8.0,100.0,635.0,0.0,0.0,1.0,1.0,0.0
6079,2012.0,2.0,8.0,101.0,635.0,0.0,0.0,1.0,1.0,0.0
6080,2012.0,2.0,8.0,102.0,635.0,0.0,0.0,1.0,1.0,0.0
6081,2012.0,2.0,8.0,103.0,635.0,0.0,0.0,1.0,1.0,0.0
6082,2012.0,2.0,8.0,104.0,635.0,0.0,0.0,1.0,1.0,0.0
6083,2012.0,2.0,8.0,105.0,635.0,0.0,0.0,1.0,1.0,0.0
6084,2012.0,2.0,8.0,106.0,635.0,0.0,0.0,1.0,1.0,0.0
6085,2012.0,2.0,8.0,107.0,635.0,0.0,0.0,1.0,1.0,0.0
6086,2012.0,2.0,8.0,108.0,635.0,0.0,0.0,1.0,1.0,0.0
6087,2012.0,2.0,8.0,109.0,635.0,0.0,0.0,1.0,1.0,0.0
6088,2012.0,2.0,8.0,110.0,635.0,0.0,0.0,1.0,1.0,0.0
6089,2012.0,2.0,8.0,111.0,635.0,0.0,0.0,1.0,1.0,0.0
6090,2012.0,2.0,8.0,112.0,635.0,0.0,0.0,1.0,1.0,0.0
6091,2012.0,2.0,8.0,113.0,635.0,0.0,0.0,1.0,1.0,0.0
6092,2012.0,2.0,8.0,114.0,635.0,0.0,0.0,1.0,1.0,0.0
6093,2012.0,2.0,8.0,115.0,635.0,0.0,0.0,1.0,1.0,0.0
6094,2012.0,2.0,8.0,116.0,635.0,0.0,0.0,1.0,1.0,0.0
6095,2012.0,2.0,8.0,117.0,635.0,0.0,0.0,1.0,1.0,0.0
6096,2012.0,2.0,8.0,118.0,635.0,0.0,0.0,1.0,1.0,0.0
6097,2012.0,2.0,8.0,119.0,635.0,0.0,0.0,1.0,1.0,0.0
6098,2012.0,2.0,8.0,120.0,635.0,0.0,0.0,1.0,1.0,0.0
6099,2012.0,2.0,8.0,121.0,635.0,0.0,0.0,1.0,1.0,0.0
6100,2012.0,2.0,8.0,122.0,635.0,0.0,0.0,1.0,1.0,0.0
6101,2012.0,2.0,8.0,123.0,635.0,0.0,0.0,1.0,1.0,0.0
6102,2012.0,2.0,8.0,124.0,635.0,0.0,0.0,1.0,1.0,0.0
6103,2012.0,2.0,8.0,125.0,635.0,0.0,0.0,1.0,1.0,0.0
6104,2012.0,2.0,8.0,126.0,635.0,0.0,0.0,1.0,1.0,0.0
6105,2012.0,2.0,8.0,127.0,635.0,0.0,0.0,1.0,1.0,0.0
6106,2012.0,2.0,8.0,128.0,635.0,0.0,0.0,1.0,1.0,0.0
6107,2012.0,2.0,8.0,129.0,635.0,0.0,0.0,1.0,1.0,0.0
6108,2012.0,2.0,8.0,130.0,635.0,0.0,0.0,1.0,1.0,0.0
6109,2012.0,2.0,8.0,131.0,635.0,0.0,0.0,1.0,1.0,0.0
6110,2012.0,2.0,8.0,132.0,635.0,0.0,0.0,1.0,1.0,0.0
6111,2012.0,2.0,8.0,133.0,635.0,0.0,0.0,1.0,1.0,0.0
6112,2012.0,2.0,8.0,134.0,635.0,0.0,0.0,1.0,1.0,0.0
6113,2012.0,2.0,8.0,135.0,635.0,0.0,0.0,1.0,1.0,0.0
6114,2012.0,2.0,8.0,136.0,635.0,0.0,0.0,1.0,1.0,0.0
6115,2012.0,2.0,8.0,137.0,635.0,0.0,0.0,1.0,1.0,0.0
6116,2012.0,2.0,8.0,138.0,635.0,0.0,0.0,1.0,1.0,0.0
6117,2012.0,2.0,8.0,139.0,635.0,0.0,0.0,1.0,1.0,0.0
6118,2012.0,2.0,8.0,140.0,635.0,0.0,0.0,1.0,1.0,0.0
6119,2012.0,2.0,8.0,141.0,635.0,0.0,0.0,1.0,1.0,0.0
6120,2012.0,2.0,8.0,142.0,635.0,0.0,0.0,1.0,1.0,0.0
6121,2012.0,2.0,8.0,143.0,635.0,0.0,0.0,1.0,1.0,0.0
6122,2012.0,2.0,8.0,144.0,635.0,0.0,0.0,1.0,1.0,0.0
6123,2012.0,2.0,8.0,145.0,635.0,0.0,0.0,1.0,1.0,0.0
6124,2012.0,2.0,8.0,146.0,635.0,0.0,0.0,1.0,1.0,0.0
6125,2012.0,2.0,8.0,147.0,635.0,0.0,0.0,1.0,1.0,0.0
6126,2012.0,2.0,8.0,148.0,635.0,0.0,0.0,1.0,1.0,0.0
6127,2012.0,2.0,8.0,149.0,635.0,0.0,0.0,1.0,1.0,0.0
6128,2012.0,2.0,8.0,150.0,635.0,0.0,0.0,1.0,1.0,0.0
6129,2012.0,2.0,8.0,151.0,635.0,0.0,0.0,1.0,1.0,0.0
6130,2012.0,2.0,8.0,152.0,635.0,0.0,0.0,1.0,1.0,0.0
6131,2012.0,2.0,8.0,153.0,635.0,0.0,0.0,1.0,1.0,0.0
6132,2012.0,2.0,8.0,154.0,636.0,0.0,0.0,1.0,1.0,0.0
6133,2012.0,1.0,1.0,1.0,742.0,1.0,1.0,2.0,1.0,1.34770889487871
6134,2012.0,1.0,2.0,1.0,624.0,1.0,1.0,2.0,1.0,1.6025641025641
6135,2012.0,1.0,3.0,1.0,648.0,1.0,1.0,2.0,1.0,1.54320987654321
6136,2012.0,1.0,13.0,2.0,645.0,0.0,0.0,2.0,1.0,0.0
6137,2012.0,1.0,13.0,3.0,645.0,0.0,0.0,2.0,1.0,0.0
6138,2012.0,1.0,13.0,4.0,645.0,0.0,0.0,2.0,1.0,0.0
6139,2012.0,1.0,13.0,5.0,645.0,0.0,0.0,2.0,1.0,0.0
6140,2012.0,1.0,13.0,6.0,645.0,0.0,0.0,2.0,1.0,0.0
6141,2012.0,1.0,13.0,7.0,645.0,0.0,0.0,2.0,1.0,0.0
6142,2012.0,1.0,13.0,8.0,645.0,0.0,0.0,2.0,1.0,0.0
6143,2012.0,1.0,13.0,9.0,645.0,0.0,0.0,2.0,1.0,0.0
6144,2012.0,1.0,13.0,10.0,645.0,0.0,0.0,2.0,1.0,0.0
6145,2012.0,1.0,13.0,11.0,645.0,0.0,0.0,2.0,1.0,0.0
6146,2012.0,1.0,13.0,12.0,645.0,0.0,0.0,2.0,1.0,0.0
6147,2012.0,1.0,13.0,13.0,645.0,0.0,0.0,2.0,1.0,0.0
6148,2012.0,1.0,13.0,14.0,645.0,0.0,0.0,2.0,1.0,0.0
6149,2012.0,1.0,13.0,15.0,645.0,0.0,0.0,2.0,1.0,0.0
6150,2012.0,1.0,13.0,16.0,645.0,0.0,0.0,2.0,1.0,0.0
6151,2012.0,1.0,13.0,17.0,645.0,0.0,0.0,2.0,1.0,0.0
6152,2012.0,1.0,13.0,18.0,645.0,0.0,0.0,2.0,1.0,0.0
6153,2012.0,1.0,13.0,19.0,645.0,0.0,0.0,2.0,1.0,0.0
6154,2012.0,1.0,13.0,20.0,645.0,0.0,0.0,2.0,1.0,0.0
6155,2012.0,1.0,13.0,21.0,645.0,0.0,0.0,2.0,1.0,0.0
6156,2012.0,1.0,13.0,22.0,645.0,0.0,0.0,2.0,1.0,0.0
6157,2012.0,1.0,13.0,23.0,645.0,0.0,0.0,2.0,1.0,0.0
6158,2012.0,1.0,13.0,24.0,645.0,0.0,0.0,2.0,1.0,0.0
6159,2012.0,1.0,13.0,25.0,645.0,0.0,0.0,2.0,1.0,0.0
6160,2012.0,1.0,13.0,26.0,645.0,0.0,0.0,2.0,1.0,0.0
6161,2012.0,1.0,13.0,27.0,645.0,0.0,0.0,2.0,1.0,0.0
6162,2012.0,1.0,13.0,28.0,645.0,0.0,0.0,2.0,1.0,0.0
6163,2012.0,1.0,13.0,29.0,645.0,0.0,0.0,2.0,1.0,0.0
6164,2012.0,1.0,13.0,30.0,645.0,0.0,0.0,2.0,1.0,0.0
6165,2012.0,1.0,13.0,31.0,645.0,0.0,0.0,2.0,1.0,0.0
6166,2012.0,1.0,13.0,32.0,645.0,0.0,0.0,2.0,1.0,0.0
6167,2012.0,1.0,13.0,33.0,645.0,0.0,0.0,2.0,1.0,0.0
6168,2012.0,1.0,13.0,34.0,645.0,0.0,0.0,2.0,1.0,0.0
6169,2012.0,1.0,13.0,35.0,645.0,0.0,0.0,2.0,1.0,0.0
6170,2012.0,1.0,13.0,36.0,645.0,0.0,0.0,2.0,1.0,0.0
6171,2012.0,1.0,13.0,37.0,645.0,0.0,0.0,2.0,1.0,0.0
6172,2012.0,1.0,13.0,38.0,645.0,0.0,0.0,2.0,1.0,0.0
6173,2012.0,1.0,13.0,39.0,645.0,0.0,0.0,2.0,1.0,0.0
6174,2012.0,1.0,13.0,40.0,645.0,0.0,0.0,2.0,1.0,0.0
6175,2012.0,1.0,13.0,41.0,645.0,0.0,0.0,2.0,1.0,0.0
6176,2012.0,1.0,13.0,42.0,645.0,0.0,0.0,2.0,1.0,0.0
6177,2012.0,1.0,13.0,43.0,645.0,0.0,0.0,2.0,1.0,0.0
6178,2012.0,1.0,13.0,44.0,645.0,0.0,0.0,2.0,1.0,0.0
6179,2012.0,1.0,13.0,45.0,645.0,0.0,0.0,2.0,1.0,0.0
6180,2012.0,1.0,13.0,46.0,645.0,0.0,0.0,2.0,1.0,0.0
6181,2012.0,1.0,13.0,47.0,645.0,0.0,0.0,2.0,1.0,0.0
6182,2012.0,1.0,13.0,48.0,645.0,0.0,0.0,2.0,1.0,0.0
6183,2012.0,1.0,13.0,49.0,645.0,0.0,0.0,2.0,1.0,0.0
6184,2012.0,1.0,13.0,50.0,645.0,0.0,0.0,2.0,1.0,0.0
6185,2012.0,1.0,13.0,51.0,645.0,0.0,0.0,2.0,1.0,0.0
6186,2012.0,1.0,13.0,52.0,645.0,0.0,0.0,2.0,1.0,0.0
6187,2012.0,1.0,13.0,53.0,645.0,0.0,0.0,2.0,1.0,0.0
6188,2012.0,1.0,13.0,54.0,645.0,0.0,0.0,2.0,1.0,0.0
6189,2012.0,1.0,13.0,55.0,645.0,0.0,0.0,2.0,1.0,0.0
6190,2012.0,1.0,13.0,56.0,645.0,0.0,0.0,2.0,1.0,0.0
6191,2012.0,1.0,13.0,57.0,645.0,0.0,0.0,2.0,1.0,0.0
6192,2012.0,1.0,13.0,58.0,645.0,0.0,0.0,2.0,1.0,0.0
6193,2012.0,1.0,13.0,59.0,645.0,0.0,0.0,2.0,1.0,0.0
6194,2012.0,1.0,13.0,60.0,645.0,0.0,0.0,2.0,1.0,0.0
6195,2012.0,1.0,13.0,61.0,645.0,0.0,0.0,2.0,1.0,0.0
6196,2012.0,1.0,13.0,62.0,645.0,0.0,0.0,2.0,1.0,0.0
6197,2012.0,1.0,13.0,63.0,645.0,0.0,0.0,2.0,1.0,0.0
6198,2012.0,1.0,13.0,64.0,645.0,0.0,0.0,2.0,1.0,0.0
6199,2012.0,1.0,13.0,65.0,645.0,0.0,0.0,2.0,1.0,0.0
6200,2012.0,1.0,13.0,66.0,645.0,0.0,0.0,2.0,1.0,0.0
6201,2012.0,1.0,13.0,67.0,645.0,0.0,0.0,2.0,1.0,0.0
6202,2012.0,1.0,13.0,68.0,645.0,0.0,0.0,2.0,1.0,0.0
6203,2012.0,1.0,13.0,69.0,645.0,0.0,0.0,2.0,1.0,0.0
6204,2012.0,1.0,13.0,70.0,645.0,0.0,0.0,2.0,1.0,0.0
6205,2012.0,1.0,13.0,71.0,645.0,0.0,0.0,2.0,1.0,0.0
6206,2012.0,1.0,13.0,72.0,645.0,0.0,0.0,2.0,1.0,0.0
6207,2012.0,1.0,13.0,73.0,645.0,0.0,0.0,2.0,1.0,0.0
6208,2012.0,1.0,13.0,74.0,645.0,0.0,0.0,2.0,1.0,0.0
6209,2012.0,1.0,13.0,75.0,645.0,0.0,0.0,2.0,1.0,0.0
6210,2012.0,1.0,13.0,76.0,645.0,0.0,0.0,2.0,1.0,0.0
6211,2012.0,1.0,13.0,77.0,645.0,0.0,0.0,2.0,1.0,0.0
6212,2012.0,1.0,13.0,78.0,645.0,0.0,0.0,2.0,1.0,0.0
6213,2012.0,1.0,13.0,79.0,645.0,0.0,0.0,2.0,1.0,0.0
6214,2012.0,1.0,13.0,80.0,645.0,0.0,0.0,2.0,1.0,0.0
6215,2012.0,1.0,13.0,81.0,645.0,0.0,0.0,2.0,1.0,0.0
6216,2012.0,1.0,13.0,82.0,645.0,0.0,0.0,2.0,1.0,0.0
6217,2012.0,1.0,13.0,83.0,645.0,0.0,0.0,2.0,1.0,0.0
6218,2012.0,1.0,13.0,84.0,645.0,0.0,0.0,2.0,1.0,0.0
6219,2012.0,1.0,13.0,85.0,645.0,0.0,0.0,2.0,1.0,0.0
6220,2012.0,1.0,13.0,86.0,645.0,0.0,0.0,2.0,1.0,0.0
6221,2012.0,1.0,13.0,87.0,645.0,0.0,0.0,2.0,1.0,0.0
6222,2012.0,1.0,13.0,88.0,645.0,0.0,0.0,2.0,1.0,0.0
6223,2012.0,1.0,13.0,89.0,645.0,0.0,0.0,2.0,1.0,0.0
6224,2012.0,1.0,13.0,90.0,645.0,0.0,0.0,2.0,1.0,0.0
6225,2012.0,1.0,13.0,91.0,645.0,0.0,0.0,2.0,1.0,0.0
6226,2012.0,1.0,13.0,92.0,645.0,0.0,0.0,2.0,1.0,0.0
6227,2012.0,1.0,13.0,93.0,645.0,0.0,0.0,2.0,1.0,0.0
6228,2012.0,1.0,13.0,94.0,645.0,0.0,0.0,2.0,1.0,0.0
6229,2012.0,1.0,13.0,95.0,645.0,0.0,0.0,2.0,1.0,0.0
6230,2012.0,1.0,13.0,96.0,645.0,0.0,0.0,2.0,1.0,0.0
6231,2012.0,1.0,13.0,97.0,645.0,0.0,0.0,2.0,1.0,0.0
6232,2012.0,1.0,13.0,98.0,645.0,0.0,0.0,2.0,1.0,0.0
6233,2012.0,1.0,13.0,99.0,645.0,0.0,0.0,2.0,1.0,0.0
6234,2012.0,1.0,13.0,100.0,645.0,0.0,0.0,2.0,1.0,0.0
6235,2012.0,1.0,13.0,101.0,645.0,0.0,0.0,2.0,1.0,0.0
6236,2012.0,1.0,13.0,102.0,645.0,0.0,0.0,2.0,1.0,0.0
6237,2012.0,1.0,13.0,103.0,645.0,0.0,0.0,2.0,1.0,0.0
6238,2012.0,1.0,13.0,104.0,645.0,0.0,0.0,2.0,1.0,0.0
6239,2012.0,1.0,13.0,105.0,645.0,0.0,0.0,2.0,1.0,0.0
6240,2012.0,1.0,13.0,106.0,645.0,0.0,0.0,2.0,1.0,0.0
6241,2012.0,1.0,13.0,107.0,645.0,0.0,0.0,2.0,1.0,0.0
6242,2012.0,1.0,13.0,108.0,645.0,0.0,0.0,2.0,1.0,0.0
6243,2012.0,1.0,13.0,109.0,645.0,0.0,0.0,2.0,1.0,0.0
6244,2012.0,1.0,13.0,110.0,645.0,0.0,0.0,2.0,1.0,0.0
6245,2012.0,1.0,13.0,111.0,645.0,0.0,0.0,2.0,1.0,0.0
6246,2012.0,1.0,13.0,112.0,645.0,0.0,0.0,2.0,1.0,0.0
6247,2012.0,1.0,13.0,113.0,645.0,0.0,0.0,2.0,1.0,0.0
6248,2012.0,1.0,13.0,114.0,645.0,0.0,0.0,2.0,1.0,0.0
6249,2012.0,1.0,13.0,115.0,645.0,0.0,0.0,2.0,1.0,0.0
6250,2012.0,1.0,13.0,116.0,645.0,0.0,0.0,2.0,1.0,0.0
6251,2012.0,1.0,13.0,117.0,645.0,0.0,0.0,2.0,1.0,0.0
6252,2012.0,1.0,13.0,118.0,645.0,0.0,0.0,2.0,1.0,0.0
6253,2012.0,1.0,13.0,119.0,645.0,0.0,0.0,2.0,1.0,0.0
6254,2012.0,1.0,13.0,120.0,645.0,0.0,0.0,2.0,1.0,0.0
6255,2012.0,1.0,13.0,121.0,645.0,0.0,0.0,2.0,1.0,0.0
6256,2012.0,1.0,13.0,122.0,645.0,0.0,0.0,2.0,1.0,0.0
6257,2012.0,1.0,13.0,123.0,645.0,0.0,0.0,2.0,1.0,0.0
6258,2012.0,1.0,13.0,124.0,645.0,0.0,0.0,2.0,1.0,0.0
6259,2012.0,1.0,13.0,125.0,645.0,0.0,0.0,2.0,1.0,0.0
6260,2012.0,1.0,13.0,126.0,645.0,0.0,0.0,2.0,1.0,0.0
6261,2012.0,1.0,13.0,127.0,645.0,0.0,0.0,2.0,1.0,0.0
6262,2012.0,1.0,13.0,128.0,645.0,0.0,0.0,2.0,1.0,0.0
6263,2012.0,1.0,13.0,129.0,645.0,0.0,0.0,2.0,1.0,0.0
6264,2012.0,1.0,13.0,130.0,645.0,0.0,0.0,2.0,1.0,0.0
6265,2012.0,1.0,13.0,131.0,645.0,0.0,0.0,2.0,1.0,0.0
6266,2012.0,1.0,13.0,132.0,645.0,0.0,0.0,2.0,1.0,0.0
6267,2012.0,1.0,13.0,133.0,645.0,0.0,0.0,2.0,1.0,0.0
6268,2012.0,1.0,13.0,134.0,645.0,0.0,0.0,2.0,1.0,0.0
6269,2012.0,1.0,13.0,135.0,645.0,0.0,0.0,2.0,1.0,0.0
6270,2012.0,1.0,13.0,136.0,645.0,0.0,0.0,2.0,1.0,0.0
6271,2012.0,1.0,13.0,137.0,645.0,0.0,0.0,2.0,1.0,0.0
6272,2012.0,1.0,13.0,138.0,645.0,0.0,0.0,2.0,1.0,0.0
6273,2012.0,1.0,13.0,139.0,645.0,0.0,0.0,2.0,1.0,0.0
6274,2012.0,1.0,13.0,140.0,645.0,0.0,0.0,2.0,1.0,0.0
6275,2012.0,1.0,13.0,141.0,645.0,0.0,0.0,2.0,1.0,0.0
6276,2012.0,1.0,13.0,142.0,645.0,0.0,0.0,2.0,1.0,0.0
6277,2012.0,1.0,13.0,143.0,645.0,0.0,0.0,2.0,1.0,0.0
6278,2012.0,1.0,13.0,144.0,645.0,0.0,0.0,2.0,1.0,0.0
6279,2012.0,1.0,13.0,145.0,645.0,0.0,0.0,2.0,1.0,0.0
6280,2012.0,1.0,13.0,146.0,645.0,0.0,0.0,2.0,1.0,0.0
6281,2012.0,1.0,13.0,147.0,645.0,0.0,0.0,2.0,1.0,0.0
6282,2012.0,1.0,13.0,148.0,645.0,0.0,0.0,2.0,1.0,0.0
6283,2012.0,1.0,13.0,149.0,645.0,0.0,0.0,2.0,1.0,0.0
6284,2012.0,1.0,13.0,150.0,645.0,0.0,0.0,2.0,1.0,0.0
6285,2012.0,1.0,13.0,151.0,645.0,0.0,0.0,2.0,1.0,0.0
6286,2012.0,1.0,13.0,152.0,645.0,0.0,0.0,2.0,1.0,0.0
6287,2012.0,1.0,13.0,153.0,645.0,0.0,0.0,2.0,1.0,0.0
6288,2012.0,1.0,13.0,154.0,645.0,0.0,0.0,2.0,1.0,0.0
6289,2012.0,1.0,13.0,155.0,645.0,0.0,0.0,2.0,1.0,0.0
6290,2012.0,1.0,13.0,156.0,645.0,0.0,0.0,2.0,1.0,0.0
6291,2012.0,1.0,13.0,157.0,645.0,0.0,0.0,2.0,1.0,0.0
6292,2012.0,1.0,13.0,158.0,645.0,0.0,0.0,2.0,1.0,0.0
6293,2012.0,1.0,13.0,159.0,645.0,0.0,0.0,2.0,1.0,0.0
6294,2012.0,1.0,13.0,160.0,645.0,0.0,0.0,2.0,1.0,0.0
6295,2012.0,1.0,13.0,161.0,645.0,0.0,0.0,2.0,1.0,0.0
6296,2012.0,1.0,13.0,162.0,645.0,0.0,0.0,2.0,1.0,0.0
6297,2012.0,1.0,13.0,163.0,645.0,0.0,0.0,2.0,1.0,0.0
6298,2012.0,1.0,13.0,164.0,645.0,0.0,0.0,2.0,1.0,0.0
6299,2012.0,1.0,13.0,165.0,645.0,0.0,0.0,2.0,1.0,0.0
6300,2012.0,1.0,13.0,166.0,645.0,0.0,0.0,2.0,1.0,0.0
6301,2012.0,1.0,13.0,167.0,645.0,0.0,0.0,2.0,1.0,0.0
6302,2012.0,1.0,13.0,168.0,645.0,0.0,0.0,2.0,1.0,0.0
6303,2012.0,1.0,13.0,169.0,645.0,0.0,0.0,2.0,1.0,0.0
6304,2012.0,1.0,13.0,170.0,645.0,0.0,0.0,2.0,1.0,0.0
6305,2012.0,1.0,13.0,171.0,645.0,0.0,0.0,2.0,1.0,0.0
6306,2012.0,1.0,13.0,172.0,645.0,0.0,0.0,2.0,1.0,0.0
6307,2012.0,1.0,13.0,173.0,645.0,0.0,0.0,2.0,1.0,0.0
6308,2012.0,1.0,13.0,174.0,645.0,0.0,0.0,2.0,1.0,0.0
6309,2012.0,1.0,13.0,175.0,645.0,0.0,0.0,2.0,1.0,0.0
6310,2012.0,1.0,13.0,176.0,645.0,0.0,0.0,2.0,1.0,0.0
6311,2012.0,1.0,13.0,177.0,645.0,0.0,0.0,2.0,1.0,0.0
6312,2012.0,1.0,13.0,178.0,645.0,0.0,0.0,2.0,1.0,0.0
6313,2012.0,1.0,13.0,179.0,645.0,0.0,0.0,2.0,1.0,0.0
6314,2012.0,1.0,13.0,180.0,645.0,0.0,0.0,2.0,1.0,0.0
6315,2012.0,1.0,13.0,181.0,645.0,0.0,0.0,2.0,1.0,0.0
6316,2012.0,1.0,13.0,182.0,645.0,0.0,0.0,2.0,1.0,0.0
6317,2012.0,1.0,13.0,183.0,645.0,0.0,0.0,2.0,1.0,0.0
6318,2012.0,1.0,13.0,184.0,645.0,0.0,0.0,2.0,1.0,0.0
6319,2012.0,1.0,13.0,185.0,645.0,0.0,0.0,2.0,1.0,0.0
6320,2012.0,1.0,13.0,186.0,645.0,0.0,0.0,2.0,1.0,0.0
6321,2012.0,1.0,13.0,187.0,645.0,0.0,0.0,2.0,1.0,0.0
6322,2012.0,1.0,13.0,188.0,645.0,0.0,0.0,2.0,1.0,0.0
6323,2012.0,1.0,13.0,189.0,645.0,0.0,0.0,2.0,1.0,0.0
6324,2012.0,1.0,13.0,190.0,645.0,0.0,0.0,2.0,1.0,0.0
6325,2012.0,1.0,13.0,191.0,645.0,0.0,0.0,2.0,1.0,0.0
6326,2012.0,1.0,13.0,192.0,645.0,0.0,0.0,2.0,1.0,0.0
6327,2012.0,1.0,13.0,193.0,645.0,0.0,0.0,2.0,1.0,0.0
6328,2012.0,1.0,13.0,194.0,645.0,0.0,0.0,2.0,1.0,0.0
6329,2012.0,1.0,13.0,195.0,645.0,0.0,0.0,2.0,1.0,0.0
6330,2012.0,1.0,13.0,196.0,645.0,0.0,0.0,2.0,1.0,0.0
6331,2012.0,1.0,13.0,197.0,645.0,0.0,0.0,2.0,1.0,0.0
6332,2012.0,1.0,13.0,198.0,645.0,0.0,0.0,2.0,1.0,0.0
6333,2012.0,1.0,13.0,199.0,645.0,0.0,0.0,2.0,1.0,0.0
6334,2012.0,1.0,13.0,200.0,645.0,0.0,0.0,2.0,1.0,0.0
6335,2012.0,1.0,13.0,201.0,645.0,0.0,0.0,2.0,1.0,0.0
6336,2012.0,1.0,13.0,202.0,645.0,0.0,0.0,2.0,1.0,0.0
6337,2012.0,1.0,13.0,203.0,645.0,0.0,0.0,2.0,1.0,0.0
6338,2012.0,1.0,13.0,204.0,645.0,0.0,0.0,2.0,1.0,0.0
6339,2012.0,1.0,13.0,205.0,645.0,0.0,0.0,2.0,1.0,0.0
6340,2012.0,1.0,13.0,206.0,645.0,0.0,0.0,2.0,1.0,0.0
6341,2012.0,1.0,13.0,207.0,645.0,0.0,0.0,2.0,1.0,0.0
6342,2012.0,1.0,13.0,208.0,645.0,0.0,0.0,2.0,1.0,0.0
6343,2012.0,1.0,13.0,209.0,645.0,0.0,0.0,2.0,1.0,0.0
6344,2012.0,1.0,13.0,210.0,645.0,0.0,0.0,2.0,1.0,0.0
6345,2012.0,1.0,13.0,211.0,645.0,0.0,0.0,2.0,1.0,0.0
6346,2012.0,1.0,13.0,212.0,645.0,0.0,0.0,2.0,1.0,0.0
6347,2012.0,1.0,13.0,213.0,645.0,0.0,0.0,2.0,1.0,0.0
6348,2012.0,1.0,13.0,214.0,645.0,0.0,0.0,2.0,1.0,0.0
6349,2012.0,1.0,13.0,215.0,645.0,0.0,0.0,2.0,1.0,0.0
6350,2012.0,1.0,13.0,216.0,645.0,0.0,0.0,2.0,1.0,0.0
6351,2012.0,1.0,13.0,217.0,645.0,0.0,0.0,2.0,1.0,0.0
6352,2012.0,1.0,13.0,218.0,645.0,0.0,0.0,2.0,1.0,0.0
6353,2012.0,1.0,13.0,219.0,645.0,0.0,0.0,2.0,1.0,0.0
6354,2012.0,1.0,13.0,220.0,645.0,0.0,0.0,2.0,1.0,0.0
6355,2012.0,1.0,13.0,221.0,645.0,0.0,0.0,2.0,1.0,0.0
6356,2012.0,1.0,13.0,222.0,645.0,0.0,0.0,2.0,1.0,0.0
6357,2012.0,1.0,13.0,223.0,645.0,0.0,0.0,2.0,1.0,0.0
6358,2012.0,1.0,13.0,224.0,645.0,0.0,0.0,2.0,1.0,0.0
6359,2012.0,1.0,13.0,225.0,645.0,0.0,0.0,2.0,1.0,0.0
6360,2012.0,1.0,13.0,226.0,645.0,0.0,0.0,2.0,1.0,0.0
6361,2012.0,1.0,13.0,227.0,645.0,0.0,0.0,2.0,1.0,0.0
6362,2012.0,1.0,13.0,228.0,645.0,0.0,0.0,2.0,1.0,0.0
6363,2012.0,1.0,13.0,229.0,645.0,0.0,0.0,2.0,1.0,0.0
6364,2012.0,1.0,13.0,230.0,645.0,0.0,0.0,2.0,1.0,0.0
6365,2012.0,1.0,13.0,231.0,645.0,0.0,0.0,2.0,1.0,0.0
6366,2012.0,1.0,13.0,232.0,645.0,0.0,0.0,2.0,1.0,0.0
6367,2012.0,1.0,13.0,233.0,645.0,0.0,0.0,2.0,1.0,0.0
6368,2012.0,1.0,13.0,234.0,645.0,0.0,0.0,2.0,1.0,0.0
6369,2012.0,1.0,13.0,235.0,645.0,0.0,0.0,2.0,1.0,0.0
6370,2012.0,1.0,13.0,236.0,645.0,0.0,0.0,2.0,1.0,0.0
6371,2012.0,1.0,13.0,237.0,645.0,0.0,0.0,2.0,1.0,0.0
6372,2012.0,1.0,13.0,238.0,645.0,0.0,0.0,2.0,1.0,0.0
6373,2012.0,1.0,13.0,239.0,645.0,0.0,0.0,2.0,1.0,0.0
6374,2012.0,1.0,13.0,240.0,645.0,0.0,0.0,2.0,1.0,0.0
6375,2012.0,1.0,13.0,241.0,645.0,0.0,0.0,2.0,1.0,0.0
6376,2012.0,1.0,13.0,242.0,645.0,0.0,0.0,2.0,1.0,0.0
6377,2012.0,1.0,13.0,243.0,645.0,0.0,0.0,2.0,1.0,0.0
6378,2012.0,1.0,13.0,244.0,645.0,0.0,0.0,2.0,1.0,0.0
6379,2012.0,1.0,13.0,245.0,645.0,0.0,0.0,2.0,1.0,0.0
6380,2012.0,1.0,13.0,246.0,645.0,0.0,0.0,2.0,1.0,0.0
6381,2012.0,1.0,13.0,247.0,645.0,0.0,0.0,2.0,1.0,0.0
6382,2012.0,1.0,13.0,248.0,645.0,0.0,0.0,2.0,1.0,0.0
6383,2012.0,1.0,13.0,249.0,645.0,0.0,0.0,2.0,1.0,0.0
6384,2012.0,1.0,13.0,250.0,645.0,0.0,0.0,2.0,1.0,0.0
6385,2012.0,1.0,13.0,251.0,645.0,0.0,0.0,2.0,1.0,0.0
6386,2012.0,1.0,13.0,252.0,645.0,0.0,0.0,2.0,1.0,0.0
6387,2012.0,1.0,13.0,253.0,645.0,0.0,0.0,2.0,1.0,0.0
6388,2012.0,1.0,13.0,254.0,645.0,0.0,0.0,2.0,1.0,0.0
6389,2012.0,1.0,13.0,255.0,645.0,0.0,0.0,2.0,1.0,0.0
6390,2012.0,1.0,13.0,256.0,645.0,0.0,0.0,2.0,1.0,0.0
6391,2012.0,1.0,13.0,257.0,645.0,0.0,0.0,2.0,1.0,0.0
6392,2012.0,1.0,13.0,258.0,645.0,0.0,0.0,2.0,1.0,0.0
6393,2012.0,1.0,13.0,259.0,645.0,0.0,0.0,2.0,1.0,0.0
6394,2012.0,1.0,13.0,260.0,645.0,0.0,0.0,2.0,1.0,0.0
6395,2012.0,1.0,13.0,261.0,645.0,0.0,0.0,2.0,1.0,0.0
6396,2012.0,1.0,13.0,262.0,645.0,0.0,0.0,2.0,1.0,0.0
6397,2012.0,1.0,13.0,263.0,645.0,0.0,0.0,2.0,1.0,0.0
6398,2012.0,1.0,13.0,264.0,645.0,0.0,0.0,2.0,1.0,0.0
6399,2012.0,1.0,13.0,265.0,645.0,0.0,0.0,2.0,1.0,0.0
6400,2012.0,1.0,13.0,266.0,645.0,0.0,0.0,2.0,1.0,0.0
6401,2012.0,1.0,13.0,267.0,645.0,0.0,0.0,2.0,1.0,0.0
6402,2012.0,1.0,13.0,268.0,645.0,0.0,0.0,2.0,1.0,0.0
6403,2012.0,1.0,13.0,269.0,645.0,0.0,0.0,2.0,1.0,0.0
6404,2012.0,1.0,13.0,270.0,645.0,0.0,0.0,2.0,1.0,0.0
6405,2012.0,1.0,13.0,271.0,645.0,0.0,0.0,2.0,1.0,0.0
6406,2012.0,1.0,13.0,272.0,645.0,0.0,0.0,2.0,1.0,0.0
6407,2012.0,1.0,13.0,273.0,645.0,0.0,0.0,2.0,1.0,0.0
6408,2012.0,1.0,13.0,274.0,645.0,0.0,0.0,2.0,1.0,0.0
6409,2012.0,1.0,13.0,275.0,645.0,0.0,0.0,2.0,1.0,0.0
6410,2012.0,1.0,13.0,276.0,645.0,0.0,0.0,2.0,1.0,0.0
6411,2012.0,1.0,13.0,277.0,645.0,0.0,0.0,2.0,1.0,0.0
6412,2012.0,1.0,13.0,278.0,645.0,0.0,0.0,2.0,1.0,0.0
6413,2012.0,1.0,13.0,279.0,645.0,0.0,0.0,2.0,1.0,0.0
6414,2012.0,1.0,13.0,280.0,645.0,0.0,0.0,2.0,1.0,0.0
6415,2012.0,1.0,13.0,281.0,645.0,0.0,0.0,2.0,1.0,0.0
6416,2012.0,1.0,13.0,282.0,645.0,0.0,0.0,2.0,1.0,0.0
6417,2012.0,1.0,13.0,283.0,645.0,0.0,0.0,2.0,1.0,0.0
6418,2012.0,1.0,13.0,284.0,645.0,0.0,0.0,2.0,1.0,0.0
6419,2012.0,1.0,13.0,285.0,645.0,0.0,0.0,2.0,1.0,0.0
6420,2012.0,1.0,13.0,286.0,645.0,0.0,0.0,2.0,1.0,0.0
6421,2012.0,1.0,13.0,287.0,645.0,0.0,0.0,2.0,1.0,0.0
6422,2012.0,1.0,13.0,288.0,645.0,0.0,0.0,2.0,1.0,0.0
6423,2012.0,1.0,13.0,289.0,645.0,0.0,0.0,2.0,1.0,0.0
6424,2012.0,1.0,13.0,290.0,645.0,0.0,0.0,2.0,1.0,0.0
6425,2012.0,1.0,13.0,291.0,645.0,0.0,0.0,2.0,1.0,0.0
6426,2012.0,1.0,13.0,292.0,645.0,0.0,0.0,2.0,1.0,0.0
6427,2012.0,1.0,13.0,293.0,645.0,0.0,0.0,2.0,1.0,0.0
6428,2012.0,1.0,13.0,294.0,645.0,0.0,0.0,2.0,1.0,0.0
6429,2012.0,1.0,13.0,295.0,645.0,0.0,0.0,2.0,1.0,0.0
6430,2012.0,1.0,13.0,296.0,645.0,0.0,0.0,2.0,1.0,0.0
6431,2012.0,1.0,13.0,297.0,645.0,0.0,0.0,2.0,1.0,0.0
6432,2012.0,1.0,13.0,298.0,645.0,0.0,0.0,2.0,1.0,0.0
6433,2012.0,1.0,13.0,299.0,645.0,0.0,0.0,2.0,1.0,0.0
6434,2012.0,1.0,13.0,300.0,645.0,0.0,0.0,2.0,1.0,0.0
6435,2012.0,1.0,13.0,301.0,645.0,0.0,0.0,2.0,1.0,0.0
6436,2012.0,1.0,13.0,302.0,645.0,0.0,0.0,2.0,1.0,0.0
6437,2012.0,1.0,13.0,303.0,645.0,0.0,0.0,2.0,1.0,0.0
6438,2012.0,1.0,13.0,304.0,645.0,0.0,0.0,2.0,1.0,0.0
6439,2012.0,1.0,13.0,305.0,645.0,0.0,0.0,2.0,1.0,0.0
6440,2012.0,1.0,13.0,306.0,645.0,0.0,0.0,2.0,1.0,0.0
6441,2012.0,1.0,13.0,307.0,645.0,0.0,0.0,2.0,1.0,0.0
6442,2012.0,1.0,13.0,308.0,645.0,0.0,0.0,2.0,1.0,0.0
6443,2012.0,1.0,13.0,309.0,645.0,0.0,0.0,2.0,1.0,0.0
6444,2012.0,1.0,13.0,310.0,645.0,0.0,0.0,2.0,1.0,0.0
6445,2012.0,1.0,13.0,311.0,645.0,0.0,0.0,2.0,1.0,0.0
6446,2012.0,1.0,13.0,312.0,645.0,0.0,0.0,2.0,1.0,0.0
6447,2012.0,1.0,13.0,313.0,645.0,0.0,0.0,2.0,1.0,0.0
6448,2012.0,1.0,13.0,314.0,645.0,0.0,0.0,2.0,1.0,0.0
6449,2012.0,1.0,13.0,315.0,645.0,0.0,0.0,2.0,1.0,0.0
6450,2012.0,1.0,13.0,316.0,645.0,0.0,0.0,2.0,1.0,0.0
6451,2012.0,1.0,13.0,317.0,645.0,0.0,0.0,2.0,1.0,0.0
6452,2012.0,1.0,13.0,318.0,645.0,0.0,0.0,2.0,1.0,0.0
6453,2012.0,1.0,13.0,319.0,645.0,0.0,0.0,2.0,1.0,0.0
6454,2012.0,1.0,13.0,320.0,645.0,0.0,0.0,2.0,1.0,0.0
6455,2012.0,1.0,13.0,321.0,740.0,0.0,0.0,2.0,1.0,0.0
6456,2012.0,2.0,8.0,1.0,680.0,0.0,0.0,2.0,1.0,0.0
6457,2012.0,2.0,8.0,2.0,680.0,0.0,0.0,2.0,1.0,0.0
6458,2012.0,2.0,8.0,3.0,680.0,0.0,0.0,2.0,1.0,0.0
6459,2012.0,2.0,8.0,4.0,680.0,0.0,0.0,2.0,1.0,0.0
6460,2012.0,2.0,8.0,5.0,680.0,0.0,0.0,2.0,1.0,0.0
6461,2012.0,2.0,8.0,6.0,680.0,0.0,0.0,2.0,1.0,0.0
6462,2012.0,2.0,8.0,7.0,680.0,0.0,0.0,2.0,1.0,0.0
6463,2012.0,2.0,8.0,8.0,680.0,0.0,0.0,2.0,1.0,0.0
6464,2012.0,2.0,8.0,9.0,680.0,0.0,0.0,2.0,1.0,0.0
6465,2012.0,2.0,8.0,10.0,680.0,0.0,0.0,2.0,1.0,0.0
6466,2012.0,2.0,8.0,11.0,680.0,0.0,0.0,2.0,1.0,0.0
6467,2012.0,2.0,8.0,12.0,680.0,0.0,0.0,2.0,1.0,0.0
6468,2012.0,2.0,8.0,13.0,680.0,0.0,0.0,2.0,1.0,0.0
6469,2012.0,2.0,8.0,14.0,680.0,0.0,0.0,2.0,1.0,0.0
6470,2012.0,2.0,8.0,15.0,680.0,0.0,0.0,2.0,1.0,0.0
6471,2012.0,2.0,8.0,16.0,680.0,0.0,0.0,2.0,1.0,0.0
6472,2012.0,2.0,8.0,17.0,680.0,0.0,0.0,2.0,1.0,0.0
6473,2012.0,2.0,8.0,18.0,680.0,0.0,0.0,2.0,1.0,0.0
6474,2012.0,2.0,8.0,19.0,680.0,0.0,0.0,2.0,1.0,0.0
6475,2012.0,2.0,8.0,20.0,680.0,0.0,0.0,2.0,1.0,0.0
6476,2012.0,2.0,8.0,21.0,680.0,0.0,0.0,2.0,1.0,0.0
6477,2012.0,2.0,8.0,22.0,680.0,0.0,0.0,2.0,1.0,0.0
6478,2012.0,2.0,8.0,23.0,680.0,0.0,0.0,2.0,1.0,0.0
6479,2012.0,2.0,8.0,24.0,680.0,0.0,0.0,2.0,1.0,0.0
6480,2012.0,2.0,8.0,25.0,680.0,0.0,0.0,2.0,1.0,0.0
6481,2012.0,2.0,8.0,26.0,680.0,0.0,0.0,2.0,1.0,0.0
6482,2012.0,2.0,8.0,27.0,680.0,0.0,0.0,2.0,1.0,0.0
6483,2012.0,2.0,8.0,28.0,680.0,0.0,0.0,2.0,1.0,0.0
6484,2012.0,2.0,8.0,29.0,680.0,0.0,0.0,2.0,1.0,0.0
6485,2012.0,2.0,8.0,30.0,680.0,0.0,0.0,2.0,1.0,0.0
6486,2012.0,2.0,8.0,31.0,680.0,0.0,0.0,2.0,1.0,0.0
6487,2012.0,2.0,8.0,32.0,680.0,0.0,0.0,2.0,1.0,0.0
6488,2012.0,2.0,8.0,33.0,680.0,0.0,0.0,2.0,1.0,0.0
6489,2012.0,2.0,8.0,34.0,680.0,0.0,0.0,2.0,1.0,0.0
6490,2012.0,2.0,8.0,35.0,680.0,0.0,0.0,2.0,1.0,0.0
6491,2012.0,2.0,8.0,36.0,680.0,0.0,0.0,2.0,1.0,0.0
6492,2012.0,2.0,8.0,37.0,680.0,0.0,0.0,2.0,1.0,0.0
6493,2012.0,2.0,8.0,38.0,680.0,0.0,0.0,2.0,1.0,0.0
6494,2012.0,2.0,8.0,39.0,680.0,0.0,0.0,2.0,1.0,0.0
6495,2012.0,2.0,8.0,40.0,680.0,0.0,0.0,2.0,1.0,0.0
6496,2012.0,2.0,8.0,41.0,680.0,0.0,0.0,2.0,1.0,0.0
6497,2012.0,2.0,8.0,42.0,680.0,0.0,0.0,2.0,1.0,0.0
6498,2012.0,2.0,8.0,43.0,680.0,0.0,0.0,2.0,1.0,0.0
6499,2012.0,2.0,8.0,44.0,680.0,0.0,0.0,2.0,1.0,0.0
6500,2012.0,2.0,8.0,45.0,680.0,0.0,0.0,2.0,1.0,0.0
6501,2012.0,2.0,8.0,46.0,680.0,0.0,0.0,2.0,1.0,0.0
6502,2012.0,2.0,8.0,47.0,680.0,0.0,0.0,2.0,1.0,0.0
6503,2012.0,2.0,8.0,48.0,680.0,0.0,0.0,2.0,1.0,0.0
6504,2012.0,2.0,8.0,49.0,680.0,0.0,0.0,2.0,1.0,0.0
6505,2012.0,2.0,8.0,50.0,680.0,0.0,0.0,2.0,1.0,0.0
6506,2012.0,2.0,8.0,51.0,680.0,0.0,0.0,2.0,1.0,0.0
6507,2012.0,2.0,8.0,52.0,680.0,0.0,0.0,2.0,1.0,0.0
6508,2012.0,2.0,8.0,53.0,680.0,0.0,0.0,2.0,1.0,0.0
6509,2012.0,2.0,8.0,54.0,680.0,0.0,0.0,2.0,1.0,0.0
6510,2012.0,2.0,8.0,55.0,680.0,0.0,0.0,2.0,1.0,0.0
6511,2012.0,2.0,8.0,56.0,680.0,0.0,0.0,2.0,1.0,0.0
6512,2012.0,2.0,8.0,57.0,680.0,0.0,0.0,2.0,1.0,0.0
6513,2012.0,2.0,8.0,58.0,680.0,0.0,0.0,2.0,1.0,0.0
6514,2012.0,2.0,8.0,59.0,680.0,0.0,0.0,2.0,1.0,0.0
6515,2012.0,2.0,8.0,60.0,680.0,0.0,0.0,2.0,1.0,0.0
6516,2012.0,2.0,8.0,61.0,680.0,0.0,0.0,2.0,1.0,0.0
6517,2012.0,2.0,8.0,62.0,680.0,0.0,0.0,2.0,1.0,0.0
6518,2012.0,2.0,8.0,63.0,680.0,0.0,0.0,2.0,1.0,0.0
6519,2012.0,2.0,8.0,64.0,680.0,0.0,0.0,2.0,1.0,0.0
6520,2012.0,2.0,8.0,65.0,680.0,0.0,0.0,2.0,1.0,0.0
6521,2012.0,2.0,8.0,66.0,680.0,0.0,0.0,2.0,1.0,0.0
6522,2012.0,2.0,8.0,67.0,680.0,0.0,0.0,2.0,1.0,0.0
6523,2012.0,2.0,8.0,68.0,680.0,0.0,0.0,2.0,1.0,0.0
6524,2012.0,2.0,8.0,69.0,680.0,0.0,0.0,2.0,1.0,0.0
6525,2012.0,2.0,8.0,70.0,680.0,0.0,0.0,2.0,1.0,0.0
6526,2012.0,2.0,8.0,71.0,680.0,0.0,0.0,2.0,1.0,0.0
6527,2012.0,2.0,8.0,72.0,680.0,0.0,0.0,2.0,1.0,0.0
6528,2012.0,2.0,8.0,73.0,680.0,0.0,0.0,2.0,1.0,0.0
6529,2012.0,2.0,8.0,74.0,680.0,0.0,0.0,2.0,1.0,0.0
6530,2012.0,2.0,8.0,75.0,680.0,0.0,0.0,2.0,1.0,0.0
6531,2012.0,2.0,8.0,76.0,680.0,0.0,0.0,2.0,1.0,0.0
6532,2012.0,2.0,8.0,77.0,680.0,0.0,0.0,2.0,1.0,0.0
6533,2012.0,2.0,8.0,78.0,680.0,0.0,0.0,2.0,1.0,0.0
6534,2012.0,2.0,8.0,79.0,680.0,0.0,0.0,2.0,1.0,0.0
6535,2012.0,2.0,8.0,80.0,680.0,0.0,0.0,2.0,1.0,0.0
6536,2012.0,2.0,8.0,81.0,680.0,0.0,0.0,2.0,1.0,0.0
6537,2012.0,2.0,8.0,82.0,680.0,0.0,0.0,2.0,1.0,0.0
6538,2012.0,2.0,8.0,83.0,680.0,0.0,0.0,2.0,1.0,0.0
6539,2012.0,2.0,8.0,84.0,680.0,0.0,0.0,2.0,1.0,0.0
6540,2012.0,2.0,8.0,85.0,680.0,0.0,0.0,2.0,1.0,0.0
6541,2012.0,2.0,8.0,86.0,680.0,0.0,0.0,2.0,1.0,0.0
6542,2012.0,2.0,8.0,87.0,680.0,0.0,0.0,2.0,1.0,0.0
6543,2012.0,2.0,8.0,88.0,680.0,0.0,0.0,2.0,1.0,0.0
6544,2012.0,2.0,8.0,89.0,680.0,0.0,0.0,2.0,1.0,0.0
6545,2012.0,2.0,8.0,90.0,680.0,0.0,0.0,2.0,1.0,0.0
6546,2012.0,2.0,8.0,91.0,680.0,0.0,0.0,2.0,1.0,0.0
6547,2012.0,2.0,8.0,92.0,680.0,0.0,0.0,2.0,1.0,0.0
6548,2012.0,2.0,8.0,93.0,680.0,0.0,0.0,2.0,1.0,0.0
6549,2012.0,2.0,8.0,94.0,680.0,0.0,0.0,2.0,1.0,0.0
6550,2012.0,2.0,8.0,95.0,680.0,0.0,0.0,2.0,1.0,0.0
6551,2012.0,2.0,8.0,96.0,680.0,0.0,0.0,2.0,1.0,0.0
6552,2012.0,2.0,8.0,97.0,680.0,0.0,0.0,2.0,1.0,0.0
6553,2012.0,2.0,8.0,98.0,680.0,0.0,0.0,2.0,1.0,0.0
6554,2012.0,2.0,8.0,99.0,680.0,0.0,0.0,2.0,1.0,0.0
6555,2012.0,2.0,8.0,100.0,680.0,0.0,0.0,2.0,1.0,0.0
6556,2012.0,2.0,8.0,101.0,680.0,0.0,0.0,2.0,1.0,0.0
6557,2012.0,2.0,8.0,102.0,680.0,0.0,0.0,2.0,1.0,0.0
6558,2012.0,2.0,8.0,103.0,680.0,0.0,0.0,2.0,1.0,0.0
6559,2012.0,2.0,8.0,104.0,680.0,0.0,0.0,2.0,1.0,0.0
6560,2012.0,2.0,8.0,105.0,680.0,0.0,0.0,2.0,1.0,0.0
6561,2012.0,2.0,8.0,106.0,680.0,0.0,0.0,2.0,1.0,0.0
6562,2012.0,2.0,8.0,107.0,680.0,0.0,0.0,2.0,1.0,0.0
6563,2012.0,2.0,8.0,108.0,680.0,0.0,0.0,2.0,1.0,0.0
6564,2012.0,2.0,8.0,109.0,680.0,0.0,0.0,2.0,1.0,0.0
6565,2012.0,2.0,8.0,110.0,680.0,0.0,0.0,2.0,1.0,0.0
6566,2012.0,2.0,8.0,111.0,680.0,0.0,0.0,2.0,1.0,0.0
6567,2012.0,2.0,8.0,112.0,680.0,0.0,0.0,2.0,1.0,0.0
6568,2012.0,2.0,8.0,113.0,680.0,0.0,0.0,2.0,1.0,0.0
6569,2012.0,2.0,8.0,114.0,680.0,0.0,0.0,2.0,1.0,0.0
6570,2012.0,2.0,8.0,115.0,680.0,0.0,0.0,2.0,1.0,0.0
6571,2012.0,2.0,8.0,116.0,680.0,0.0,0.0,2.0,1.0,0.0
6572,2012.0,2.0,8.0,117.0,680.0,0.0,0.0,2.0,1.0,0.0
6573,2012.0,2.0,8.0,118.0,680.0,0.0,0.0,2.0,1.0,0.0
6574,2012.0,2.0,8.0,119.0,680.0,0.0,0.0,2.0,1.0,0.0
6575,2012.0,2.0,8.0,120.0,680.0,0.0,0.0,2.0,1.0,0.0
6576,2012.0,2.0,8.0,121.0,680.0,0.0,0.0,2.0,1.0,0.0
6577,2012.0,2.0,8.0,122.0,680.0,0.0,0.0,2.0,1.0,0.0
6578,2012.0,2.0,8.0,123.0,680.0,0.0,0.0,2.0,1.0,0.0
6579,2012.0,2.0,8.0,124.0,680.0,0.0,0.0,2.0,1.0,0.0
6580,2012.0,2.0,8.0,125.0,680.0,0.0,0.0,2.0,1.0,0.0
6581,2012.0,2.0,8.0,126.0,680.0,0.0,0.0,2.0,1.0,0.0
6582,2012.0,2.0,8.0,127.0,680.0,0.0,0.0,2.0,1.0,0.0
6583,2012.0,2.0,8.0,128.0,680.0,0.0,0.0,2.0,1.0,0.0
6584,2012.0,2.0,8.0,129.0,680.0,0.0,0.0,2.0,1.0,0.0
6585,2012.0,2.0,8.0,130.0,680.0,0.0,0.0,2.0,1.0,0.0
6586,2012.0,2.0,8.0,131.0,680.0,0.0,0.0,2.0,1.0,0.0
6587,2012.0,2.0,8.0,132.0,680.0,0.0,0.0,2.0,1.0,0.0
6588,2012.0,2.0,8.0,133.0,680.0,0.0,0.0,2.0,1.0,0.0
6589,2012.0,2.0,8.0,134.0,680.0,0.0,0.0,2.0,1.0,0.0
6590,2012.0,2.0,8.0,135.0,680.0,0.0,0.0,2.0,1.0,0.0
6591,2012.0,2.0,8.0,136.0,680.0,0.0,0.0,2.0,1.0,0.0
6592,2012.0,2.0,8.0,137.0,680.0,0.0,0.0,2.0,1.0,0.0
6593,2012.0,2.0,8.0,138.0,680.0,0.0,0.0,2.0,1.0,0.0
6594,2012.0,2.0,8.0,139.0,680.0,0.0,0.0,2.0,1.0,0.0
6595,2012.0,2.0,8.0,140.0,680.0,0.0,0.0,2.0,1.0,0.0
6596,2012.0,2.0,8.0,141.0,680.0,0.0,0.0,2.0,1.0,0.0
6597,2012.0,2.0,8.0,142.0,680.0,0.0,0.0,2.0,1.0,0.0
6598,2012.0,2.0,8.0,143.0,680.0,0.0,0.0,2.0,1.0,0.0
6599,2012.0,2.0,8.0,144.0,680.0,0.0,0.0,2.0,1.0,0.0
6600,2012.0,2.0,8.0,145.0,680.0,0.0,0.0,2.0,1.0,0.0
6601,2012.0,2.0,8.0,146.0,680.0,0.0,0.0,2.0,1.0,0.0
6602,2012.0,2.0,8.0,147.0,680.0,0.0,0.0,2.0,1.0,0.0
6603,2012.0,2.0,8.0,148.0,680.0,0.0,0.0,2.0,1.0,0.0
6604,2012.0,2.0,8.0,149.0,680.0,0.0,0.0,2.0,1.0,0.0
6605,2012.0,2.0,8.0,150.0,680.0,0.0,0.0,2.0,1.0,0.0
6606,2012.0,2.0,8.0,151.0,680.0,0.0,0.0,2.0,1.0,0.0
6607,2012.0,2.0,8.0,152.0,680.0,0.0,0.0,2.0,1.0,0.0
6608,2012.0,2.0,8.0,153.0,680.0,0.0,0.0,2.0,1.0,0.0
6609,2012.0,2.0,8.0,154.0,680.0,0.0,0.0,2.0,1.0,0.0
6610,2012.0,2.0,8.0,155.0,680.0,0.0,0.0,2.0,1.0,0.0
6611,2012.0,2.0,8.0,156.0,680.0,0.0,0.0,2.0,1.0,0.0
6612,2012.0,2.0,8.0,157.0,680.0,0.0,0.0,2.0,1.0,0.0
6613,2012.0,2.0,8.0,158.0,680.0,0.0,0.0,2.0,1.0,0.0
6614,2012.0,2.0,8.0,159.0,680.0,0.0,0.0,2.0,1.0,0.0
6615,2012.0,2.0,8.0,160.0,680.0,0.0,0.0,2.0,1.0,0.0
6616,2012.0,2.0,8.0,161.0,680.0,0.0,0.0,2.0,1.0,0.0
6617,2012.0,2.0,8.0,162.0,680.0,0.0,0.0,2.0,1.0,0.0
6618,2012.0,2.0,8.0,163.0,680.0,0.0,0.0,2.0,1.0,0.0
6619,2012.0,2.0,8.0,164.0,680.0,0.0,0.0,2.0,1.0,0.0
6620,2012.0,2.0,8.0,165.0,680.0,0.0,0.0,2.0,1.0,0.0
6621,2012.0,2.0,8.0,166.0,680.0,0.0,0.0,2.0,1.0,0.0
6622,2012.0,2.0,8.0,167.0,680.0,0.0,0.0,2.0,1.0,0.0
6623,2012.0,2.0,8.0,168.0,680.0,0.0,0.0,2.0,1.0,0.0
6624,2012.0,2.0,8.0,169.0,680.0,0.0,0.0,2.0,1.0,0.0
6625,2012.0,2.0,8.0,170.0,680.0,0.0,0.0,2.0,1.0,0.0
6626,2012.0,2.0,8.0,171.0,680.0,0.0,0.0,2.0,1.0,0.0
6627,2012.0,2.0,8.0,172.0,680.0,0.0,0.0,2.0,1.0,0.0
6628,2012.0,2.0,8.0,173.0,680.0,0.0,0.0,2.0,1.0,0.0
6629,2012.0,2.0,8.0,174.0,680.0,0.0,0.0,2.0,1.0,0.0
6630,2012.0,2.0,8.0,175.0,768.0,0.0,0.0,2.0,1.0,0.0
6631,2013.0,1.0,1.0,1.0,1000.0,1.0,1.0,1.0,1.0,1.0
6632,2013.0,1.0,33.8,2.0,679.0,0.0,0.0,1.0,1.0,0.0
6633,2013.0,1.0,33.8,3.0,679.0,0.0,0.0,1.0,1.0,0.0
6634,2013.0,1.0,33.8,4.0,679.0,0.0,0.0,1.0,1.0,0.0
6635,2013.0,1.0,33.8,5.0,679.0,0.0,0.0,1.0,1.0,0.0
6636,2013.0,1.0,33.8,6.0,679.0,0.0,0.0,1.0,1.0,0.0
6637,2013.0,1.0,33.8,7.0,679.0,0.0,0.0,1.0,1.0,0.0
6638,2013.0,1.0,33.8,8.0,679.0,0.0,0.0,1.0,1.0,0.0
6639,2013.0,1.0,33.8,9.0,679.0,0.0,0.0,1.0,1.0,0.0
6640,2013.0,1.0,33.8,10.0,679.0,0.0,0.0,1.0,1.0,0.0
6641,2013.0,1.0,33.8,11.0,679.0,0.0,0.0,1.0,1.0,0.0
6642,2013.0,1.0,33.8,12.0,679.0,0.0,0.0,1.0,1.0,0.0
6643,2013.0,1.0,33.8,13.0,679.0,0.0,0.0,1.0,1.0,0.0
6644,2013.0,1.0,33.8,14.0,679.0,0.0,0.0,1.0,1.0,0.0
6645,2013.0,1.0,33.8,15.0,679.0,0.0,0.0,1.0,1.0,0.0
6646,2013.0,1.0,33.8,16.0,679.0,0.0,0.0,1.0,1.0,0.0
6647,2013.0,1.0,33.8,17.0,679.0,0.0,0.0,1.0,1.0,0.0
6648,2013.0,1.0,33.8,18.0,679.0,0.0,0.0,1.0,1.0,0.0
6649,2013.0,1.0,33.8,19.0,679.0,0.0,0.0,1.0,1.0,0.0
6650,2013.0,1.0,33.8,20.0,679.0,0.0,0.0,1.0,1.0,0.0
6651,2013.0,1.0,33.8,21.0,679.0,0.0,0.0,1.0,1.0,0.0
6652,2013.0,1.0,33.8,22.0,679.0,0.0,0.0,1.0,1.0,0.0
6653,2013.0,1.0,33.8,23.0,679.0,0.0,0.0,1.0,1.0,0.0
6654,2013.0,1.0,33.8,24.0,679.0,0.0,0.0,1.0,1.0,0.0
6655,2013.0,1.0,33.8,25.0,679.0,0.0,0.0,1.0,1.0,0.0
6656,2013.0,1.0,33.8,26.0,679.0,0.0,0.0,1.0,1.0,0.0
6657,2013.0,1.0,33.8,27.0,679.0,0.0,0.0,1.0,1.0,0.0
6658,2013.0,1.0,33.8,28.0,679.0,0.0,0.0,1.0,1.0,0.0
6659,2013.0,1.0,33.8,29.0,679.0,0.0,0.0,1.0,1.0,0.0
6660,2013.0,1.0,33.8,30.0,679.0,0.0,0.0,1.0,1.0,0.0
6661,2013.0,1.0,33.8,31.0,679.0,0.0,0.0,1.0,1.0,0.0
6662,2013.0,1.0,33.8,32.0,679.0,0.0,0.0,1.0,1.0,0.0
6663,2013.0,1.0,33.8,33.0,679.0,0.0,0.0,1.0,1.0,0.0
6664,2013.0,1.0,33.8,34.0,679.0,0.0,0.0,1.0,1.0,0.0
6665,2013.0,1.0,33.8,35.0,679.0,0.0,0.0,1.0,1.0,0.0
6666,2013.0,1.0,33.8,36.0,679.0,0.0,0.0,1.0,1.0,0.0
6667,2013.0,1.0,33.8,37.0,679.0,0.0,0.0,1.0,1.0,0.0
6668,2013.0,1.0,33.8,38.0,679.0,0.0,0.0,1.0,1.0,0.0
6669,2013.0,1.0,33.8,39.0,679.0,0.0,0.0,1.0,1.0,0.0
6670,2013.0,1.0,33.8,40.0,679.0,0.0,0.0,1.0,1.0,0.0
6671,2013.0,1.0,33.8,41.0,679.0,0.0,0.0,1.0,1.0,0.0
6672,2013.0,1.0,33.8,42.0,679.0,0.0,0.0,1.0,1.0,0.0
6673,2013.0,1.0,33.8,43.0,679.0,0.0,0.0,1.0,1.0,0.0
6674,2013.0,1.0,33.8,44.0,679.0,0.0,0.0,1.0,1.0,0.0
6675,2013.0,1.0,33.8,45.0,679.0,0.0,0.0,1.0,1.0,0.0
6676,2013.0,1.0,33.8,46.0,679.0,0.0,0.0,1.0,1.0,0.0
6677,2013.0,1.0,33.8,47.0,679.0,0.0,0.0,1.0,1.0,0.0
6678,2013.0,1.0,33.8,48.0,679.0,0.0,0.0,1.0,1.0,0.0
6679,2013.0,1.0,33.8,49.0,679.0,0.0,0.0,1.0,1.0,0.0
6680,2013.0,1.0,33.8,50.0,679.0,0.0,0.0,1.0,1.0,0.0
6681,2013.0,1.0,33.8,51.0,679.0,0.0,0.0,1.0,1.0,0.0
6682,2013.0,1.0,33.8,52.0,679.0,0.0,0.0,1.0,1.0,0.0
6683,2013.0,1.0,33.8,53.0,679.0,0.0,0.0,1.0,1.0,0.0
6684,2013.0,1.0,33.8,54.0,679.0,0.0,0.0,1.0,1.0,0.0
6685,2013.0,1.0,33.8,55.0,679.0,0.0,0.0,1.0,1.0,0.0
6686,2013.0,1.0,33.8,56.0,679.0,0.0,0.0,1.0,1.0,0.0
6687,2013.0,1.0,33.8,57.0,679.0,0.0,0.0,1.0,1.0,0.0
6688,2013.0,1.0,33.8,58.0,679.0,0.0,0.0,1.0,1.0,0.0
6689,2013.0,1.0,33.8,59.0,679.0,0.0,0.0,1.0,1.0,0.0
6690,2013.0,1.0,33.8,60.0,679.0,0.0,0.0,1.0,1.0,0.0
6691,2013.0,1.0,33.8,61.0,679.0,0.0,0.0,1.0,1.0,0.0
6692,2013.0,1.0,33.8,62.0,679.0,0.0,0.0,1.0,1.0,0.0
6693,2013.0,1.0,33.8,63.0,679.0,0.0,0.0,1.0,1.0,0.0
6694,2013.0,1.0,33.8,64.0,679.0,0.0,0.0,1.0,1.0,0.0
6695,2013.0,1.0,33.8,65.0,679.0,0.0,0.0,1.0,1.0,0.0
6696,2013.0,1.0,33.8,66.0,679.0,0.0,0.0,1.0,1.0,0.0
6697,2013.0,1.0,33.8,67.0,679.0,0.0,0.0,1.0,1.0,0.0
6698,2013.0,1.0,33.8,68.0,679.0,0.0,0.0,1.0,1.0,0.0
6699,2013.0,1.0,33.8,69.0,679.0,0.0,0.0,1.0,1.0,0.0
6700,2013.0,1.0,33.8,70.0,679.0,0.0,0.0,1.0,1.0,0.0
6701,2013.0,1.0,33.8,71.0,679.0,0.0,0.0,1.0,1.0,0.0
6702,2013.0,1.0,33.8,72.0,679.0,0.0,0.0,1.0,1.0,0.0
6703,2013.0,1.0,33.8,73.0,679.0,0.0,0.0,1.0,1.0,0.0
6704,2013.0,1.0,33.8,74.0,679.0,0.0,0.0,1.0,1.0,0.0
6705,2013.0,1.0,33.8,75.0,679.0,0.0,0.0,1.0,1.0,0.0
6706,2013.0,1.0,33.8,76.0,679.0,0.0,0.0,1.0,1.0,0.0
6707,2013.0,1.0,33.8,77.0,679.0,0.0,0.0,1.0,1.0,0.0
6708,2013.0,1.0,33.8,78.0,679.0,0.0,0.0,1.0,1.0,0.0
6709,2013.0,1.0,33.8,79.0,679.0,0.0,0.0,1.0,1.0,0.0
6710,2013.0,1.0,33.8,80.0,679.0,0.0,0.0,1.0,1.0,0.0
6711,2013.0,1.0,33.8,81.0,679.0,0.0,0.0,1.0,1.0,0.0
6712,2013.0,1.0,33.8,82.0,679.0,0.0,0.0,1.0,1.0,0.0
6713,2013.0,1.0,33.8,83.0,679.0,0.0,0.0,1.0,1.0,0.0
6714,2013.0,1.0,33.8,84.0,679.0,0.0,0.0,1.0,1.0,0.0
6715,2013.0,1.0,33.8,85.0,679.0,0.0,0.0,1.0,1.0,0.0
6716,2013.0,1.0,33.8,86.0,679.0,0.0,0.0,1.0,1.0,0.0
6717,2013.0,1.0,33.8,87.0,679.0,0.0,0.0,1.0,1.0,0.0
6718,2013.0,1.0,33.8,88.0,679.0,0.0,0.0,1.0,1.0,0.0
6719,2013.0,1.0,33.8,89.0,679.0,0.0,0.0,1.0,1.0,0.0
6720,2013.0,1.0,33.8,90.0,679.0,0.0,0.0,1.0,1.0,0.0
6721,2013.0,1.0,33.8,91.0,679.0,0.0,0.0,1.0,1.0,0.0
6722,2013.0,1.0,33.8,92.0,679.0,0.0,0.0,1.0,1.0,0.0
6723,2013.0,1.0,33.8,93.0,679.0,0.0,0.0,1.0,1.0,0.0
6724,2013.0,1.0,33.8,94.0,679.0,0.0,0.0,1.0,1.0,0.0
6725,2013.0,1.0,33.8,95.0,679.0,0.0,0.0,1.0,1.0,0.0
6726,2013.0,1.0,33.8,96.0,679.0,0.0,0.0,1.0,1.0,0.0
6727,2013.0,1.0,33.8,97.0,679.0,0.0,0.0,1.0,1.0,0.0
6728,2013.0,1.0,33.8,98.0,679.0,0.0,0.0,1.0,1.0,0.0
6729,2013.0,1.0,33.8,99.0,679.0,0.0,0.0,1.0,1.0,0.0
6730,2013.0,1.0,33.8,100.0,679.0,0.0,0.0,1.0,1.0,0.0
6731,2013.0,1.0,33.8,101.0,679.0,0.0,0.0,1.0,1.0,0.0
6732,2013.0,1.0,33.8,102.0,679.0,0.0,0.0,1.0,1.0,0.0
6733,2013.0,1.0,33.8,103.0,679.0,0.0,0.0,1.0,1.0,0.0
6734,2013.0,1.0,33.8,104.0,679.0,0.0,0.0,1.0,1.0,0.0
6735,2013.0,1.0,33.8,105.0,679.0,0.0,0.0,1.0,1.0,0.0
6736,2013.0,1.0,33.8,106.0,679.0,0.0,0.0,1.0,1.0,0.0
6737,2013.0,1.0,33.8,107.0,679.0,0.0,0.0,1.0,1.0,0.0
6738,2013.0,1.0,33.8,108.0,679.0,0.0,0.0,1.0,1.0,0.0
6739,2013.0,1.0,33.8,109.0,679.0,0.0,0.0,1.0,1.0,0.0
6740,2013.0,1.0,33.8,110.0,679.0,0.0,0.0,1.0,1.0,0.0
6741,2013.0,1.0,33.8,111.0,679.0,0.0,0.0,1.0,1.0,0.0
6742,2013.0,1.0,33.8,112.0,679.0,0.0,0.0,1.0,1.0,0.0
6743,2013.0,1.0,33.8,113.0,679.0,0.0,0.0,1.0,1.0,0.0
6744,2013.0,1.0,33.8,114.0,679.0,0.0,0.0,1.0,1.0,0.0
6745,2013.0,1.0,33.8,115.0,679.0,0.0,0.0,1.0,1.0,0.0
6746,2013.0,1.0,33.8,116.0,679.0,0.0,0.0,1.0,1.0,0.0
6747,2013.0,1.0,33.8,117.0,679.0,0.0,0.0,1.0,1.0,0.0
6748,2013.0,1.0,33.8,118.0,679.0,0.0,0.0,1.0,1.0,0.0
6749,2013.0,1.0,33.8,119.0,679.0,0.0,0.0,1.0,1.0,0.0
6750,2013.0,1.0,33.8,120.0,679.0,0.0,0.0,1.0,1.0,0.0
6751,2013.0,1.0,33.8,121.0,679.0,0.0,0.0,1.0,1.0,0.0
6752,2013.0,1.0,33.8,122.0,679.0,0.0,0.0,1.0,1.0,0.0
6753,2013.0,1.0,33.8,123.0,679.0,0.0,0.0,1.0,1.0,0.0
6754,2013.0,1.0,33.8,124.0,679.0,0.0,0.0,1.0,1.0,0.0
6755,2013.0,1.0,33.8,125.0,679.0,0.0,0.0,1.0,1.0,0.0
6756,2013.0,1.0,33.8,126.0,679.0,0.0,0.0,1.0,1.0,0.0
6757,2013.0,1.0,33.8,127.0,679.0,0.0,0.0,1.0,1.0,0.0
6758,2013.0,1.0,33.8,128.0,679.0,0.0,0.0,1.0,1.0,0.0
6759,2013.0,1.0,33.8,129.0,679.0,0.0,0.0,1.0,1.0,0.0
6760,2013.0,1.0,33.8,130.0,679.0,0.0,0.0,1.0,1.0,0.0
6761,2013.0,1.0,33.8,131.0,679.0,0.0,0.0,1.0,1.0,0.0
6762,2013.0,1.0,33.8,132.0,679.0,0.0,0.0,1.0,1.0,0.0
6763,2013.0,1.0,33.8,133.0,679.0,0.0,0.0,1.0,1.0,0.0
6764,2013.0,1.0,33.8,134.0,679.0,0.0,0.0,1.0,1.0,0.0
6765,2013.0,1.0,33.8,135.0,679.0,0.0,0.0,1.0,1.0,0.0
6766,2013.0,1.0,33.8,136.0,679.0,0.0,0.0,1.0,1.0,0.0
6767,2013.0,1.0,33.8,137.0,679.0,0.0,0.0,1.0,1.0,0.0
6768,2013.0,1.0,33.8,138.0,679.0,0.0,0.0,1.0,1.0,0.0
6769,2013.0,1.0,33.8,139.0,679.0,0.0,0.0,1.0,1.0,0.0
6770,2013.0,1.0,33.8,140.0,679.0,0.0,0.0,1.0,1.0,0.0
6771,2013.0,1.0,33.8,141.0,679.0,0.0,0.0,1.0,1.0,0.0
6772,2013.0,1.0,33.8,142.0,679.0,0.0,0.0,1.0,1.0,0.0
6773,2013.0,1.0,33.8,143.0,679.0,0.0,0.0,1.0,1.0,0.0
6774,2013.0,1.0,33.8,144.0,679.0,0.0,0.0,1.0,1.0,0.0
6775,2013.0,1.0,33.8,145.0,679.0,0.0,0.0,1.0,1.0,0.0
6776,2013.0,1.0,33.8,146.0,679.0,0.0,0.0,1.0,1.0,0.0
6777,2013.0,1.0,33.8,147.0,679.0,0.0,0.0,1.0,1.0,0.0
6778,2013.0,1.0,33.8,148.0,679.0,0.0,0.0,1.0,1.0,0.0
6779,2013.0,1.0,33.8,149.0,679.0,0.0,0.0,1.0,1.0,0.0
6780,2013.0,1.0,33.8,150.0,679.0,0.0,0.0,1.0,1.0,0.0
6781,2013.0,1.0,33.8,151.0,679.0,0.0,0.0,1.0,1.0,0.0
6782,2013.0,1.0,33.8,152.0,679.0,0.0,0.0,1.0,1.0,0.0
6783,2013.0,1.0,33.8,153.0,679.0,0.0,0.0,1.0,1.0,0.0
6784,2013.0,1.0,33.8,154.0,679.0,0.0,0.0,1.0,1.0,0.0
6785,2013.0,1.0,33.8,155.0,679.0,0.0,0.0,1.0,1.0,0.0
6786,2013.0,1.0,33.8,156.0,679.0,0.0,0.0,1.0,1.0,0.0
6787,2013.0,1.0,33.8,157.0,679.0,0.0,0.0,1.0,1.0,0.0
6788,2013.0,1.0,33.8,158.0,679.0,0.0,0.0,1.0,1.0,0.0
6789,2013.0,1.0,33.8,159.0,679.0,0.0,0.0,1.0,1.0,0.0
6790,2013.0,1.0,33.8,160.0,679.0,0.0,0.0,1.0,1.0,0.0
6791,2013.0,1.0,33.8,161.0,679.0,0.0,0.0,1.0,1.0,0.0
6792,2013.0,1.0,33.8,162.0,679.0,0.0,0.0,1.0,1.0,0.0
6793,2013.0,1.0,33.8,163.0,679.0,0.0,0.0,1.0,1.0,0.0
6794,2013.0,1.0,33.8,164.0,679.0,0.0,0.0,1.0,1.0,0.0
6795,2013.0,1.0,33.8,165.0,679.0,0.0,0.0,1.0,1.0,0.0
6796,2013.0,1.0,33.8,166.0,679.0,0.0,0.0,1.0,1.0,0.0
6797,2013.0,1.0,33.8,167.0,679.0,0.0,0.0,1.0,1.0,0.0
6798,2013.0,1.0,33.8,168.0,679.0,0.0,0.0,1.0,1.0,0.0
6799,2013.0,1.0,33.8,169.0,679.0,0.0,0.0,1.0,1.0,0.0
6800,2013.0,1.0,33.8,170.0,679.0,0.0,0.0,1.0,1.0,0.0
6801,2013.0,1.0,33.8,171.0,679.0,0.0,0.0,1.0,1.0,0.0
6802,2013.0,1.0,33.8,172.0,679.0,0.0,0.0,1.0,1.0,0.0
6803,2013.0,1.0,33.8,173.0,679.0,0.0,0.0,1.0,1.0,0.0
6804,2013.0,1.0,33.8,174.0,679.0,0.0,0.0,1.0,1.0,0.0
6805,2013.0,1.0,33.8,175.0,679.0,0.0,0.0,1.0,1.0,0.0
6806,2013.0,1.0,33.8,176.0,679.0,0.0,0.0,1.0,1.0,0.0
6807,2013.0,1.0,33.8,177.0,679.0,0.0,0.0,1.0,1.0,0.0
6808,2013.0,1.0,33.8,178.0,679.0,0.0,0.0,1.0,1.0,0.0
6809,2013.0,1.0,33.8,179.0,679.0,0.0,0.0,1.0,1.0,0.0
6810,2013.0,1.0,33.8,180.0,679.0,0.0,0.0,1.0,1.0,0.0
6811,2013.0,1.0,33.8,181.0,679.0,0.0,0.0,1.0,1.0,0.0
6812,2013.0,1.0,33.8,182.0,679.0,0.0,0.0,1.0,1.0,0.0
6813,2013.0,1.0,33.8,183.0,679.0,0.0,0.0,1.0,1.0,0.0
6814,2013.0,1.0,33.8,184.0,679.0,0.0,0.0,1.0,1.0,0.0
6815,2013.0,1.0,33.8,185.0,679.0,0.0,0.0,1.0,1.0,0.0
6816,2013.0,1.0,33.8,186.0,679.0,0.0,0.0,1.0,1.0,0.0
6817,2013.0,1.0,33.8,187.0,679.0,0.0,0.0,1.0,1.0,0.0
6818,2013.0,1.0,33.8,188.0,679.0,0.0,0.0,1.0,1.0,0.0
6819,2013.0,1.0,33.8,189.0,679.0,0.0,0.0,1.0,1.0,0.0
6820,2013.0,1.0,33.8,190.0,679.0,0.0,0.0,1.0,1.0,0.0
6821,2013.0,1.0,33.8,191.0,679.0,0.0,0.0,1.0,1.0,0.0
6822,2013.0,1.0,33.8,192.0,679.0,0.0,0.0,1.0,1.0,0.0
6823,2013.0,1.0,33.8,193.0,679.0,0.0,0.0,1.0,1.0,0.0
6824,2013.0,1.0,33.8,194.0,679.0,0.0,0.0,1.0,1.0,0.0
6825,2013.0,1.0,33.8,195.0,679.0,0.0,0.0,1.0,1.0,0.0
6826,2013.0,1.0,33.8,196.0,679.0,0.0,0.0,1.0,1.0,0.0
6827,2013.0,1.0,33.8,197.0,679.0,0.0,0.0,1.0,1.0,0.0
6828,2013.0,1.0,33.8,198.0,679.0,0.0,0.0,1.0,1.0,0.0
6829,2013.0,1.0,33.8,199.0,679.0,0.0,0.0,1.0,1.0,0.0
6830,2013.0,1.0,33.8,200.0,679.0,0.0,0.0,1.0,1.0,0.0
6831,2013.0,1.0,33.8,201.0,679.0,0.0,0.0,1.0,1.0,0.0
6832,2013.0,1.0,33.8,202.0,679.0,0.0,0.0,1.0,1.0,0.0
6833,2013.0,1.0,33.8,203.0,679.0,0.0,0.0,1.0,1.0,0.0
6834,2013.0,1.0,33.8,204.0,679.0,0.0,0.0,1.0,1.0,0.0
6835,2013.0,1.0,33.8,205.0,679.0,0.0,0.0,1.0,1.0,0.0
6836,2013.0,1.0,33.8,206.0,679.0,0.0,0.0,1.0,1.0,0.0
6837,2013.0,1.0,33.8,207.0,679.0,0.0,0.0,1.0,1.0,0.0
6838,2013.0,1.0,33.8,208.0,679.0,0.0,0.0,1.0,1.0,0.0
6839,2013.0,1.0,33.8,209.0,679.0,0.0,0.0,1.0,1.0,0.0
6840,2013.0,1.0,33.8,210.0,679.0,0.0,0.0,1.0,1.0,0.0
6841,2013.0,1.0,33.8,211.0,679.0,0.0,0.0,1.0,1.0,0.0
6842,2013.0,1.0,33.8,212.0,679.0,0.0,0.0,1.0,1.0,0.0
6843,2013.0,1.0,33.8,213.0,679.0,0.0,0.0,1.0,1.0,0.0
6844,2013.0,1.0,33.8,214.0,679.0,0.0,0.0,1.0,1.0,0.0
6845,2013.0,1.0,33.8,215.0,679.0,0.0,0.0,1.0,1.0,0.0
6846,2013.0,1.0,33.8,216.0,679.0,0.0,0.0,1.0,1.0,0.0
6847,2013.0,1.0,33.8,217.0,679.0,0.0,0.0,1.0,1.0,0.0
6848,2013.0,1.0,33.8,218.0,679.0,0.0,0.0,1.0,1.0,0.0
6849,2013.0,1.0,33.8,219.0,679.0,0.0,0.0,1.0,1.0,0.0
6850,2013.0,1.0,33.8,220.0,679.0,0.0,0.0,1.0,1.0,0.0
6851,2013.0,1.0,33.8,221.0,679.0,0.0,0.0,1.0,1.0,0.0
6852,2013.0,1.0,33.8,222.0,679.0,0.0,0.0,1.0,1.0,0.0
6853,2013.0,1.0,33.8,223.0,679.0,0.0,0.0,1.0,1.0,0.0
6854,2013.0,1.0,33.8,224.0,679.0,0.0,0.0,1.0,1.0,0.0
6855,2013.0,1.0,33.8,225.0,679.0,0.0,0.0,1.0,1.0,0.0
6856,2013.0,1.0,33.8,226.0,679.0,0.0,0.0,1.0,1.0,0.0
6857,2013.0,1.0,33.8,227.0,679.0,0.0,0.0,1.0,1.0,0.0
6858,2013.0,1.0,33.8,228.0,679.0,0.0,0.0,1.0,1.0,0.0
6859,2013.0,1.0,33.8,229.0,679.0,0.0,0.0,1.0,1.0,0.0
6860,2013.0,1.0,33.8,230.0,679.0,0.0,0.0,1.0,1.0,0.0
6861,2013.0,1.0,33.8,231.0,679.0,0.0,0.0,1.0,1.0,0.0
6862,2013.0,1.0,33.8,232.0,679.0,0.0,0.0,1.0,1.0,0.0
6863,2013.0,1.0,33.8,233.0,679.0,0.0,0.0,1.0,1.0,0.0
6864,2013.0,1.0,33.8,234.0,679.0,0.0,0.0,1.0,1.0,0.0
6865,2013.0,1.0,33.8,235.0,679.0,0.0,0.0,1.0,1.0,0.0
6866,2013.0,1.0,33.8,236.0,679.0,0.0,0.0,1.0,1.0,0.0
6867,2013.0,1.0,33.8,237.0,679.0,0.0,0.0,1.0,1.0,0.0
6868,2013.0,1.0,33.8,238.0,679.0,0.0,0.0,1.0,1.0,0.0
6869,2013.0,1.0,33.8,239.0,679.0,0.0,0.0,1.0,1.0,0.0
6870,2013.0,1.0,33.8,240.0,679.0,0.0,0.0,1.0,1.0,0.0
6871,2013.0,1.0,33.8,241.0,679.0,0.0,0.0,1.0,1.0,0.0
6872,2013.0,1.0,33.8,242.0,679.0,0.0,0.0,1.0,1.0,0.0
6873,2013.0,1.0,33.8,243.0,679.0,0.0,0.0,1.0,1.0,0.0
6874,2013.0,1.0,33.8,244.0,679.0,0.0,0.0,1.0,1.0,0.0
6875,2013.0,1.0,33.8,245.0,679.0,0.0,0.0,1.0,1.0,0.0
6876,2013.0,1.0,33.8,246.0,679.0,0.0,0.0,1.0,1.0,0.0
6877,2013.0,1.0,33.8,247.0,679.0,0.0,0.0,1.0,1.0,0.0
6878,2013.0,1.0,33.8,248.0,679.0,0.0,0.0,1.0,1.0,0.0
6879,2013.0,1.0,33.8,249.0,679.0,0.0,0.0,1.0,1.0,0.0
6880,2013.0,1.0,33.8,250.0,679.0,0.0,0.0,1.0,1.0,0.0
6881,2013.0,1.0,33.8,251.0,679.0,0.0,0.0,1.0,1.0,0.0
6882,2013.0,1.0,33.8,252.0,679.0,0.0,0.0,1.0,1.0,0.0
6883,2013.0,1.0,33.8,253.0,679.0,0.0,0.0,1.0,1.0,0.0
6884,2013.0,1.0,33.8,254.0,679.0,0.0,0.0,1.0,1.0,0.0
6885,2013.0,1.0,33.8,255.0,679.0,0.0,0.0,1.0,1.0,0.0
6886,2013.0,1.0,33.8,256.0,679.0,0.0,0.0,1.0,1.0,0.0
6887,2013.0,1.0,33.8,257.0,679.0,0.0,0.0,1.0,1.0,0.0
6888,2013.0,1.0,33.8,258.0,679.0,0.0,0.0,1.0,1.0,0.0
6889,2013.0,1.0,33.8,259.0,679.0,0.0,0.0,1.0,1.0,0.0
6890,2013.0,1.0,33.8,260.0,679.0,0.0,0.0,1.0,1.0,0.0
6891,2013.0,1.0,33.8,261.0,679.0,0.0,0.0,1.0,1.0,0.0
6892,2013.0,1.0,33.8,262.0,679.0,0.0,0.0,1.0,1.0,0.0
6893,2013.0,1.0,33.8,263.0,679.0,0.0,0.0,1.0,1.0,0.0
6894,2013.0,1.0,33.8,264.0,679.0,0.0,0.0,1.0,1.0,0.0
6895,2013.0,1.0,33.8,265.0,679.0,0.0,0.0,1.0,1.0,0.0
6896,2013.0,1.0,33.8,266.0,679.0,0.0,0.0,1.0,1.0,0.0
6897,2013.0,1.0,33.8,267.0,679.0,0.0,0.0,1.0,1.0,0.0
6898,2013.0,1.0,33.8,268.0,679.0,0.0,0.0,1.0,1.0,0.0
6899,2013.0,1.0,33.8,269.0,679.0,0.0,0.0,1.0,1.0,0.0
6900,2013.0,1.0,33.8,270.0,679.0,0.0,0.0,1.0,1.0,0.0
6901,2013.0,1.0,33.8,271.0,679.0,0.0,0.0,1.0,1.0,0.0
6902,2013.0,1.0,33.8,272.0,679.0,0.0,0.0,1.0,1.0,0.0
6903,2013.0,1.0,33.8,273.0,679.0,0.0,0.0,1.0,1.0,0.0
6904,2013.0,1.0,33.8,274.0,679.0,0.0,0.0,1.0,1.0,0.0
6905,2013.0,1.0,33.8,275.0,679.0,0.0,0.0,1.0,1.0,0.0
6906,2013.0,1.0,33.8,276.0,679.0,0.0,0.0,1.0,1.0,0.0
6907,2013.0,1.0,33.8,277.0,679.0,0.0,0.0,1.0,1.0,0.0
6908,2013.0,1.0,33.8,278.0,679.0,0.0,0.0,1.0,1.0,0.0
6909,2013.0,1.0,33.8,279.0,679.0,0.0,0.0,1.0,1.0,0.0
6910,2013.0,1.0,33.8,280.0,679.0,0.0,0.0,1.0,1.0,0.0
6911,2013.0,1.0,33.8,281.0,679.0,0.0,0.0,1.0,1.0,0.0
6912,2013.0,1.0,33.8,282.0,679.0,0.0,0.0,1.0,1.0,0.0
6913,2013.0,1.0,33.8,283.0,679.0,0.0,0.0,1.0,1.0,0.0
6914,2013.0,1.0,33.8,284.0,679.0,0.0,0.0,1.0,1.0,0.0
6915,2013.0,1.0,33.8,285.0,679.0,0.0,0.0,1.0,1.0,0.0
6916,2013.0,1.0,33.8,286.0,679.0,0.0,0.0,1.0,1.0,0.0
6917,2013.0,1.0,33.8,287.0,679.0,0.0,0.0,1.0,1.0,0.0
6918,2013.0,1.0,33.8,288.0,679.0,0.0,0.0,1.0,1.0,0.0
6919,2013.0,1.0,33.8,289.0,679.0,0.0,0.0,1.0,1.0,0.0
6920,2013.0,1.0,33.8,290.0,679.0,0.0,0.0,1.0,1.0,0.0
6921,2013.0,1.0,33.8,291.0,679.0,0.0,0.0,1.0,1.0,0.0
6922,2013.0,1.0,33.8,292.0,679.0,0.0,0.0,1.0,1.0,0.0
6923,2013.0,1.0,33.8,293.0,679.0,0.0,0.0,1.0,1.0,0.0
6924,2013.0,1.0,33.8,294.0,679.0,0.0,0.0,1.0,1.0,0.0
6925,2013.0,1.0,33.8,295.0,679.0,0.0,0.0,1.0,1.0,0.0
6926,2013.0,1.0,33.8,296.0,679.0,0.0,0.0,1.0,1.0,0.0
6927,2013.0,1.0,33.8,297.0,679.0,0.0,0.0,1.0,1.0,0.0
6928,2013.0,1.0,33.8,298.0,679.0,0.0,0.0,1.0,1.0,0.0
6929,2013.0,1.0,33.8,299.0,679.0,0.0,0.0,1.0,1.0,0.0
6930,2013.0,1.0,33.8,300.0,679.0,0.0,0.0,1.0,1.0,0.0
6931,2013.0,1.0,33.8,301.0,679.0,0.0,0.0,1.0,1.0,0.0
6932,2013.0,1.0,33.8,302.0,679.0,0.0,0.0,1.0,1.0,0.0
6933,2013.0,1.0,33.8,303.0,679.0,0.0,0.0,1.0,1.0,0.0
6934,2013.0,1.0,33.8,304.0,679.0,0.0,0.0,1.0,1.0,0.0
6935,2013.0,1.0,33.8,305.0,679.0,0.0,0.0,1.0,1.0,0.0
6936,2013.0,1.0,33.8,306.0,679.0,0.0,0.0,1.0,1.0,0.0
6937,2013.0,1.0,33.8,307.0,679.0,0.0,0.0,1.0,1.0,0.0
6938,2013.0,1.0,33.8,308.0,679.0,0.0,0.0,1.0,1.0,0.0
6939,2013.0,1.0,33.8,309.0,679.0,0.0,0.0,1.0,1.0,0.0
6940,2013.0,1.0,33.8,310.0,679.0,0.0,0.0,1.0,1.0,0.0
6941,2013.0,1.0,33.8,311.0,679.0,0.0,0.0,1.0,1.0,0.0
6942,2013.0,1.0,33.8,312.0,679.0,0.0,0.0,1.0,1.0,0.0
6943,2013.0,1.0,33.8,313.0,679.0,0.0,0.0,1.0,1.0,0.0
6944,2013.0,1.0,33.8,314.0,679.0,0.0,0.0,1.0,1.0,0.0
6945,2013.0,1.0,33.8,315.0,679.0,0.0,0.0,1.0,1.0,0.0
6946,2013.0,1.0,33.8,316.0,679.0,0.0,0.0,1.0,1.0,0.0
6947,2013.0,1.0,33.8,317.0,679.0,0.0,0.0,1.0,1.0,0.0
6948,2013.0,1.0,33.8,318.0,679.0,0.0,0.0,1.0,1.0,0.0
6949,2013.0,1.0,33.8,319.0,679.0,0.0,0.0,1.0,1.0,0.0
6950,2013.0,1.0,33.8,320.0,679.0,0.0,0.0,1.0,1.0,0.0
6951,2013.0,1.0,33.8,321.0,679.0,0.0,0.0,1.0,1.0,0.0
6952,2013.0,1.0,33.8,322.0,679.0,0.0,0.0,1.0,1.0,0.0
6953,2013.0,1.0,33.8,323.0,679.0,0.0,0.0,1.0,1.0,0.0
6954,2013.0,1.0,33.8,324.0,679.0,0.0,0.0,1.0,1.0,0.0
6955,2013.0,1.0,33.8,325.0,679.0,0.0,0.0,1.0,1.0,0.0
6956,2013.0,1.0,33.8,326.0,679.0,0.0,0.0,1.0,1.0,0.0
6957,2013.0,1.0,33.8,327.0,679.0,0.0,0.0,1.0,1.0,0.0
6958,2013.0,1.0,33.8,328.0,679.0,0.0,0.0,1.0,1.0,0.0
6959,2013.0,1.0,33.8,329.0,679.0,0.0,0.0,1.0,1.0,0.0
6960,2013.0,1.0,33.8,330.0,679.0,0.0,0.0,1.0,1.0,0.0
6961,2013.0,1.0,33.8,331.0,679.0,0.0,0.0,1.0,1.0,0.0
6962,2013.0,1.0,33.8,332.0,679.0,0.0,0.0,1.0,1.0,0.0
6963,2013.0,1.0,33.8,333.0,679.0,0.0,0.0,1.0,1.0,0.0
6964,2013.0,1.0,33.8,334.0,679.0,0.0,0.0,1.0,1.0,0.0
6965,2013.0,1.0,33.8,335.0,679.0,0.0,0.0,1.0,1.0,0.0
6966,2013.0,1.0,33.8,336.0,679.0,0.0,0.0,1.0,1.0,0.0
6967,2013.0,1.0,33.8,337.0,679.0,0.0,0.0,1.0,1.0,0.0
6968,2013.0,1.0,33.8,338.0,679.0,0.0,0.0,1.0,1.0,0.0
6969,2013.0,1.0,33.8,339.0,679.0,0.0,0.0,1.0,1.0,0.0
6970,2013.0,1.0,33.8,340.0,679.0,0.0,0.0,1.0,1.0,0.0
6971,2013.0,1.0,33.8,341.0,679.0,0.0,0.0,1.0,1.0,0.0
6972,2013.0,1.0,33.8,342.0,679.0,0.0,0.0,1.0,1.0,0.0
6973,2013.0,1.0,33.8,343.0,679.0,0.0,0.0,1.0,1.0,0.0
6974,2013.0,1.0,33.8,344.0,679.0,0.0,0.0,1.0,1.0,0.0
6975,2013.0,1.0,33.8,345.0,679.0,0.0,0.0,1.0,1.0,0.0
6976,2013.0,1.0,33.8,346.0,679.0,0.0,0.0,1.0,1.0,0.0
6977,2013.0,1.0,33.8,347.0,679.0,0.0,0.0,1.0,1.0,0.0
6978,2013.0,1.0,33.8,348.0,679.0,0.0,0.0,1.0,1.0,0.0
6979,2013.0,1.0,33.8,349.0,679.0,0.0,0.0,1.0,1.0,0.0
6980,2013.0,1.0,33.8,350.0,679.0,0.0,0.0,1.0,1.0,0.0
6981,2013.0,1.0,33.8,351.0,679.0,0.0,0.0,1.0,1.0,0.0
6982,2013.0,1.0,33.8,352.0,679.0,0.0,0.0,1.0,1.0,0.0
6983,2013.0,1.0,33.8,353.0,679.0,0.0,0.0,1.0,1.0,0.0
6984,2013.0,1.0,33.8,354.0,679.0,0.0,0.0,1.0,1.0,0.0
6985,2013.0,1.0,33.8,355.0,679.0,0.0,0.0,1.0,1.0,0.0
6986,2013.0,1.0,33.8,356.0,679.0,0.0,0.0,1.0,1.0,0.0
6987,2013.0,1.0,33.8,357.0,679.0,0.0,0.0,1.0,1.0,0.0
6988,2013.0,1.0,33.8,358.0,679.0,0.0,0.0,1.0,1.0,0.0
6989,2013.0,1.0,33.8,359.0,679.0,0.0,0.0,1.0,1.0,0.0
6990,2013.0,1.0,33.8,360.0,679.0,0.0,0.0,1.0,1.0,0.0
6991,2013.0,1.0,33.8,361.0,679.0,0.0,0.0,1.0,1.0,0.0
6992,2013.0,1.0,33.8,362.0,679.0,0.0,0.0,1.0,1.0,0.0
6993,2013.0,1.0,33.8,363.0,679.0,0.0,0.0,1.0,1.0,0.0
6994,2013.0,1.0,33.8,364.0,679.0,0.0,0.0,1.0,1.0,0.0
6995,2013.0,1.0,33.8,365.0,679.0,0.0,0.0,1.0,1.0,0.0
6996,2013.0,1.0,33.8,366.0,679.0,0.0,0.0,1.0,1.0,0.0
6997,2013.0,1.0,33.8,367.0,679.0,0.0,0.0,1.0,1.0,0.0
6998,2013.0,1.0,33.8,368.0,679.0,0.0,0.0,1.0,1.0,0.0
6999,2013.0,1.0,33.8,369.0,679.0,0.0,0.0,1.0,1.0,0.0
7000,2013.0,1.0,33.8,370.0,679.0,0.0,0.0,1.0,1.0,0.0
7001,2013.0,1.0,33.8,371.0,679.0,0.0,0.0,1.0,1.0,0.0
7002,2013.0,1.0,33.8,372.0,679.0,0.0,0.0,1.0,1.0,0.0
7003,2013.0,1.0,33.8,373.0,679.0,0.0,0.0,1.0,1.0,0.0
7004,2013.0,1.0,33.8,374.0,679.0,0.0,0.0,1.0,1.0,0.0
7005,2013.0,1.0,33.8,375.0,679.0,0.0,0.0,1.0,1.0,0.0
7006,2013.0,1.0,33.8,376.0,679.0,0.0,0.0,1.0,1.0,0.0
7007,2013.0,1.0,33.8,377.0,679.0,0.0,0.0,1.0,1.0,0.0
7008,2013.0,1.0,33.8,378.0,679.0,0.0,0.0,1.0,1.0,0.0
7009,2013.0,1.0,33.8,379.0,679.0,0.0,0.0,1.0,1.0,0.0
7010,2013.0,1.0,33.8,380.0,679.0,0.0,0.0,1.0,1.0,0.0
7011,2013.0,1.0,33.8,381.0,679.0,0.0,0.0,1.0,1.0,0.0
7012,2013.0,1.0,33.8,382.0,679.0,0.0,0.0,1.0,1.0,0.0
7013,2013.0,1.0,33.8,383.0,679.0,0.0,0.0,1.0,1.0,0.0
7014,2013.0,1.0,33.8,384.0,679.0,0.0,0.0,1.0,1.0,0.0
7015,2013.0,1.0,33.8,385.0,679.0,0.0,0.0,1.0,1.0,0.0
7016,2013.0,1.0,33.8,386.0,679.0,0.0,0.0,1.0,1.0,0.0
7017,2013.0,1.0,33.8,387.0,679.0,0.0,0.0,1.0,1.0,0.0
7018,2013.0,1.0,33.8,388.0,679.0,0.0,0.0,1.0,1.0,0.0
7019,2013.0,1.0,33.8,389.0,679.0,0.0,0.0,1.0,1.0,0.0
7020,2013.0,1.0,33.8,390.0,679.0,0.0,0.0,1.0,1.0,0.0
7021,2013.0,1.0,33.8,391.0,679.0,0.0,0.0,1.0,1.0,0.0
7022,2013.0,1.0,33.8,392.0,679.0,0.0,0.0,1.0,1.0,0.0
7023,2013.0,1.0,33.8,393.0,679.0,0.0,0.0,1.0,1.0,0.0
7024,2013.0,1.0,33.8,394.0,679.0,0.0,0.0,1.0,1.0,0.0
7025,2013.0,1.0,33.8,395.0,679.0,0.0,0.0,1.0,1.0,0.0
7026,2013.0,1.0,33.8,396.0,679.0,0.0,0.0,1.0,1.0,0.0
7027,2013.0,1.0,33.8,397.0,679.0,0.0,0.0,1.0,1.0,0.0
7028,2013.0,1.0,33.8,398.0,679.0,0.0,0.0,1.0,1.0,0.0
7029,2013.0,1.0,33.8,399.0,679.0,0.0,0.0,1.0,1.0,0.0
7030,2013.0,1.0,33.8,400.0,679.0,0.0,0.0,1.0,1.0,0.0
7031,2013.0,1.0,33.8,401.0,679.0,0.0,0.0,1.0,1.0,0.0
7032,2013.0,1.0,33.8,402.0,679.0,0.0,0.0,1.0,1.0,0.0
7033,2013.0,1.0,33.8,403.0,679.0,0.0,0.0,1.0,1.0,0.0
7034,2013.0,1.0,33.8,404.0,679.0,0.0,0.0,1.0,1.0,0.0
7035,2013.0,1.0,33.8,405.0,679.0,0.0,0.0,1.0,1.0,0.0
7036,2013.0,1.0,33.8,406.0,679.0,0.0,0.0,1.0,1.0,0.0
7037,2013.0,1.0,33.8,407.0,679.0,0.0,0.0,1.0,1.0,0.0
7038,2013.0,1.0,33.8,408.0,679.0,0.0,0.0,1.0,1.0,0.0
7039,2013.0,1.0,33.8,409.0,679.0,0.0,0.0,1.0,1.0,0.0
7040,2013.0,1.0,33.8,410.0,679.0,0.0,0.0,1.0,1.0,0.0
7041,2013.0,1.0,33.8,411.0,679.0,0.0,0.0,1.0,1.0,0.0
7042,2013.0,1.0,33.8,412.0,679.0,0.0,0.0,1.0,1.0,0.0
7043,2013.0,1.0,33.8,413.0,679.0,0.0,0.0,1.0,1.0,0.0
7044,2013.0,1.0,33.8,414.0,679.0,0.0,0.0,1.0,1.0,0.0
7045,2013.0,1.0,33.8,415.0,679.0,0.0,0.0,1.0,1.0,0.0
7046,2013.0,1.0,33.8,416.0,679.0,0.0,0.0,1.0,1.0,0.0
7047,2013.0,1.0,33.8,417.0,679.0,0.0,0.0,1.0,1.0,0.0
7048,2013.0,1.0,33.8,418.0,679.0,0.0,0.0,1.0,1.0,0.0
7049,2013.0,1.0,33.8,419.0,679.0,0.0,0.0,1.0,1.0,0.0
7050,2013.0,1.0,33.8,420.0,679.0,0.0,0.0,1.0,1.0,0.0
7051,2013.0,1.0,33.8,421.0,679.0,0.0,0.0,1.0,1.0,0.0
7052,2013.0,1.0,33.8,422.0,679.0,0.0,0.0,1.0,1.0,0.0
7053,2013.0,1.0,33.8,423.0,679.0,0.0,0.0,1.0,1.0,0.0
7054,2013.0,1.0,33.8,424.0,679.0,0.0,0.0,1.0,1.0,0.0
7055,2013.0,1.0,33.8,425.0,679.0,0.0,0.0,1.0,1.0,0.0
7056,2013.0,1.0,33.8,426.0,679.0,0.0,0.0,1.0,1.0,0.0
7057,2013.0,1.0,33.8,427.0,679.0,0.0,0.0,1.0,1.0,0.0
7058,2013.0,1.0,33.8,428.0,679.0,0.0,0.0,1.0,1.0,0.0
7059,2013.0,1.0,33.8,429.0,679.0,0.0,0.0,1.0,1.0,0.0
7060,2013.0,1.0,33.8,430.0,679.0,0.0,0.0,1.0,1.0,0.0
7061,2013.0,1.0,33.8,431.0,679.0,0.0,0.0,1.0,1.0,0.0
7062,2013.0,1.0,33.8,432.0,679.0,0.0,0.0,1.0,1.0,0.0
7063,2013.0,1.0,33.8,433.0,679.0,0.0,0.0,1.0,1.0,0.0
7064,2013.0,1.0,33.8,434.0,679.0,0.0,0.0,1.0,1.0,0.0
7065,2013.0,1.0,33.8,435.0,679.0,0.0,0.0,1.0,1.0,0.0
7066,2013.0,1.0,33.8,436.0,679.0,0.0,0.0,1.0,1.0,0.0
7067,2013.0,1.0,33.8,437.0,679.0,0.0,0.0,1.0,1.0,0.0
7068,2013.0,1.0,33.8,438.0,679.0,0.0,0.0,1.0,1.0,0.0
7069,2013.0,1.0,33.8,439.0,679.0,0.0,0.0,1.0,1.0,0.0
7070,2013.0,1.0,33.8,440.0,679.0,0.0,0.0,1.0,1.0,0.0
7071,2013.0,1.0,33.8,441.0,679.0,0.0,0.0,1.0,1.0,0.0
7072,2013.0,1.0,33.8,442.0,679.0,0.0,0.0,1.0,1.0,0.0
7073,2013.0,1.0,33.8,443.0,679.0,0.0,0.0,1.0,1.0,0.0
7074,2013.0,1.0,33.8,444.0,679.0,0.0,0.0,1.0,1.0,0.0
7075,2013.0,1.0,33.8,445.0,679.0,0.0,0.0,1.0,1.0,0.0
7076,2013.0,1.0,33.8,446.0,679.0,0.0,0.0,1.0,1.0,0.0
7077,2013.0,1.0,33.8,447.0,679.0,0.0,0.0,1.0,1.0,0.0
7078,2013.0,1.0,33.8,448.0,679.0,0.0,0.0,1.0,1.0,0.0
7079,2013.0,1.0,33.8,449.0,679.0,0.0,0.0,1.0,1.0,0.0
7080,2013.0,1.0,33.8,450.0,679.0,0.0,0.0,1.0,1.0,0.0
7081,2013.0,1.0,33.8,451.0,679.0,0.0,0.0,1.0,1.0,0.0
7082,2013.0,1.0,33.8,452.0,679.0,0.0,0.0,1.0,1.0,0.0
7083,2013.0,1.0,33.8,453.0,679.0,0.0,0.0,1.0,1.0,0.0
7084,2013.0,1.0,33.8,454.0,679.0,0.0,0.0,1.0,1.0,0.0
7085,2013.0,1.0,33.8,455.0,679.0,0.0,0.0,1.0,1.0,0.0
7086,2013.0,1.0,33.8,456.0,679.0,0.0,0.0,1.0,1.0,0.0
7087,2013.0,1.0,33.8,457.0,679.0,0.0,0.0,1.0,1.0,0.0
7088,2013.0,1.0,33.8,458.0,679.0,0.0,0.0,1.0,1.0,0.0
7089,2013.0,1.0,33.8,459.0,679.0,0.0,0.0,1.0,1.0,0.0
7090,2013.0,1.0,33.8,460.0,679.0,0.0,0.0,1.0,1.0,0.0
7091,2013.0,1.0,33.8,461.0,679.0,0.0,0.0,1.0,1.0,0.0
7092,2013.0,1.0,33.8,462.0,679.0,0.0,0.0,1.0,1.0,0.0
7093,2013.0,1.0,33.8,463.0,679.0,0.0,0.0,1.0,1.0,0.0
7094,2013.0,1.0,33.8,464.0,679.0,0.0,0.0,1.0,1.0,0.0
7095,2013.0,1.0,33.8,465.0,679.0,0.0,0.0,1.0,1.0,0.0
7096,2013.0,1.0,33.8,466.0,679.0,0.0,0.0,1.0,1.0,0.0
7097,2013.0,1.0,33.8,467.0,679.0,0.0,0.0,1.0,1.0,0.0
7098,2013.0,1.0,33.8,468.0,679.0,0.0,0.0,1.0,1.0,0.0
7099,2013.0,1.0,33.8,469.0,679.0,0.0,0.0,1.0,1.0,0.0
7100,2013.0,1.0,33.8,470.0,679.0,0.0,0.0,1.0,1.0,0.0
7101,2013.0,1.0,33.8,471.0,679.0,0.0,0.0,1.0,1.0,0.0
7102,2013.0,1.0,33.8,472.0,679.0,0.0,0.0,1.0,1.0,0.0
7103,2013.0,1.0,33.8,473.0,679.0,0.0,0.0,1.0,1.0,0.0
7104,2013.0,1.0,33.8,474.0,679.0,0.0,0.0,1.0,1.0,0.0
7105,2013.0,1.0,33.8,475.0,679.0,0.0,0.0,1.0,1.0,0.0
7106,2013.0,1.0,33.8,476.0,679.0,0.0,0.0,1.0,1.0,0.0
7107,2013.0,1.0,33.8,477.0,679.0,0.0,0.0,1.0,1.0,0.0
7108,2013.0,1.0,33.8,478.0,679.0,0.0,0.0,1.0,1.0,0.0
7109,2013.0,1.0,33.8,479.0,679.0,0.0,0.0,1.0,1.0,0.0
7110,2013.0,1.0,33.8,480.0,679.0,0.0,0.0,1.0,1.0,0.0
7111,2013.0,1.0,33.8,481.0,679.0,0.0,0.0,1.0,1.0,0.0
7112,2013.0,1.0,33.8,482.0,679.0,0.0,0.0,1.0,1.0,0.0
7113,2013.0,1.0,33.8,483.0,679.0,0.0,0.0,1.0,1.0,0.0
7114,2013.0,1.0,33.8,484.0,679.0,0.0,0.0,1.0,1.0,0.0
7115,2013.0,1.0,33.8,485.0,679.0,0.0,0.0,1.0,1.0,0.0
7116,2013.0,1.0,33.8,486.0,679.0,0.0,0.0,1.0,1.0,0.0
7117,2013.0,1.0,33.8,487.0,679.0,0.0,0.0,1.0,1.0,0.0
7118,2013.0,1.0,33.8,488.0,679.0,0.0,0.0,1.0,1.0,0.0
7119,2013.0,1.0,33.8,489.0,679.0,0.0,0.0,1.0,1.0,0.0
7120,2013.0,1.0,33.8,490.0,679.0,0.0,0.0,1.0,1.0,0.0
7121,2013.0,1.0,33.8,491.0,679.0,0.0,0.0,1.0,1.0,0.0
7122,2013.0,1.0,33.8,492.0,679.0,0.0,0.0,1.0,1.0,0.0
7123,2013.0,1.0,33.8,493.0,679.0,0.0,0.0,1.0,1.0,0.0
7124,2013.0,1.0,33.8,494.0,679.0,0.0,0.0,1.0,1.0,0.0
7125,2013.0,1.0,33.8,495.0,679.0,0.0,0.0,1.0,1.0,0.0
7126,2013.0,1.0,33.8,496.0,679.0,0.0,0.0,1.0,1.0,0.0
7127,2013.0,1.0,33.8,497.0,679.0,0.0,0.0,1.0,1.0,0.0
7128,2013.0,1.0,33.8,498.0,679.0,0.0,0.0,1.0,1.0,0.0
7129,2013.0,1.0,33.8,499.0,679.0,0.0,0.0,1.0,1.0,0.0
7130,2013.0,1.0,33.8,500.0,679.0,0.0,0.0,1.0,1.0,0.0
7131,2013.0,1.0,33.8,501.0,679.0,0.0,0.0,1.0,1.0,0.0
7132,2013.0,1.0,33.8,502.0,679.0,0.0,0.0,1.0,1.0,0.0
7133,2013.0,1.0,33.8,503.0,679.0,0.0,0.0,1.0,1.0,0.0
7134,2013.0,1.0,33.8,504.0,679.0,0.0,0.0,1.0,1.0,0.0
7135,2013.0,1.0,33.8,505.0,679.0,0.0,0.0,1.0,1.0,0.0
7136,2013.0,1.0,33.8,506.0,679.0,0.0,0.0,1.0,1.0,0.0
7137,2013.0,1.0,33.8,507.0,679.0,0.0,0.0,1.0,1.0,0.0
7138,2013.0,1.0,33.8,508.0,679.0,0.0,0.0,1.0,1.0,0.0
7139,2013.0,1.0,33.8,509.0,679.0,0.0,0.0,1.0,1.0,0.0
7140,2013.0,1.0,33.8,510.0,679.0,0.0,0.0,1.0,1.0,0.0
7141,2013.0,1.0,33.8,511.0,679.0,0.0,0.0,1.0,1.0,0.0
7142,2013.0,1.0,33.8,512.0,679.0,0.0,0.0,1.0,1.0,0.0
7143,2013.0,1.0,33.8,513.0,679.0,0.0,0.0,1.0,1.0,0.0
7144,2013.0,1.0,33.8,514.0,679.0,0.0,0.0,1.0,1.0,0.0
7145,2013.0,1.0,33.8,515.0,679.0,0.0,0.0,1.0,1.0,0.0
7146,2013.0,1.0,33.8,516.0,679.0,0.0,0.0,1.0,1.0,0.0
7147,2013.0,1.0,33.8,517.0,679.0,0.0,0.0,1.0,1.0,0.0
7148,2013.0,1.0,33.8,518.0,679.0,0.0,0.0,1.0,1.0,0.0
7149,2013.0,1.0,33.8,519.0,679.0,0.0,0.0,1.0,1.0,0.0
7150,2013.0,1.0,33.8,520.0,679.0,0.0,0.0,1.0,1.0,0.0
7151,2013.0,1.0,33.8,521.0,679.0,0.0,0.0,1.0,1.0,0.0
7152,2013.0,1.0,33.8,522.0,679.0,0.0,0.0,1.0,1.0,0.0
7153,2013.0,1.0,33.8,523.0,679.0,0.0,0.0,1.0,1.0,0.0
7154,2013.0,1.0,33.8,524.0,679.0,0.0,0.0,1.0,1.0,0.0
7155,2013.0,1.0,33.8,525.0,679.0,0.0,0.0,1.0,1.0,0.0
7156,2013.0,1.0,33.8,526.0,679.0,0.0,0.0,1.0,1.0,0.0
7157,2013.0,1.0,33.8,527.0,679.0,0.0,0.0,1.0,1.0,0.0
7158,2013.0,1.0,33.8,528.0,679.0,0.0,0.0,1.0,1.0,0.0
7159,2013.0,1.0,33.8,529.0,679.0,0.0,0.0,1.0,1.0,0.0
7160,2013.0,1.0,33.8,530.0,679.0,0.0,0.0,1.0,1.0,0.0
7161,2013.0,1.0,33.8,531.0,679.0,0.0,0.0,1.0,1.0,0.0
7162,2013.0,1.0,33.8,532.0,679.0,0.0,0.0,1.0,1.0,0.0
7163,2013.0,1.0,33.8,533.0,679.0,0.0,0.0,1.0,1.0,0.0
7164,2013.0,1.0,33.8,534.0,679.0,0.0,0.0,1.0,1.0,0.0
7165,2013.0,1.0,33.8,535.0,679.0,0.0,0.0,1.0,1.0,0.0
7166,2013.0,1.0,33.8,536.0,679.0,0.0,0.0,1.0,1.0,0.0
7167,2013.0,1.0,33.8,537.0,679.0,0.0,0.0,1.0,1.0,0.0
7168,2013.0,1.0,33.8,538.0,679.0,0.0,0.0,1.0,1.0,0.0
7169,2013.0,1.0,33.8,539.0,679.0,0.0,0.0,1.0,1.0,0.0
7170,2013.0,1.0,33.8,540.0,679.0,0.0,0.0,1.0,1.0,0.0
7171,2013.0,1.0,33.8,541.0,679.0,0.0,0.0,1.0,1.0,0.0
7172,2013.0,1.0,33.8,542.0,679.0,0.0,0.0,1.0,1.0,0.0
7173,2013.0,1.0,33.8,543.0,679.0,0.0,0.0,1.0,1.0,0.0
7174,2013.0,1.0,33.8,544.0,679.0,0.0,0.0,1.0,1.0,0.0
7175,2013.0,1.0,33.8,545.0,679.0,0.0,0.0,1.0,1.0,0.0
7176,2013.0,1.0,33.8,546.0,679.0,0.0,0.0,1.0,1.0,0.0
7177,2013.0,1.0,33.8,547.0,679.0,0.0,0.0,1.0,1.0,0.0
7178,2013.0,1.0,33.8,548.0,679.0,0.0,0.0,1.0,1.0,0.0
7179,2013.0,1.0,33.8,549.0,679.0,0.0,0.0,1.0,1.0,0.0
7180,2013.0,1.0,33.8,550.0,679.0,0.0,0.0,1.0,1.0,0.0
7181,2013.0,1.0,33.8,551.0,679.0,0.0,0.0,1.0,1.0,0.0
7182,2013.0,1.0,33.8,552.0,679.0,0.0,0.0,1.0,1.0,0.0
7183,2013.0,1.0,33.8,553.0,679.0,0.0,0.0,1.0,1.0,0.0
7184,2013.0,1.0,33.8,554.0,679.0,0.0,0.0,1.0,1.0,0.0
7185,2013.0,1.0,33.8,555.0,679.0,0.0,0.0,1.0,1.0,0.0
7186,2013.0,1.0,33.8,556.0,679.0,0.0,0.0,1.0,1.0,0.0
7187,2013.0,1.0,33.8,557.0,679.0,0.0,0.0,1.0,1.0,0.0
7188,2013.0,1.0,33.8,558.0,679.0,0.0,0.0,1.0,1.0,0.0
7189,2013.0,1.0,33.8,559.0,679.0,0.0,0.0,1.0,1.0,0.0
7190,2013.0,1.0,33.8,560.0,679.0,0.0,0.0,1.0,1.0,0.0
7191,2013.0,1.0,33.8,561.0,679.0,0.0,0.0,1.0,1.0,0.0
7192,2013.0,1.0,33.8,562.0,679.0,0.0,0.0,1.0,1.0,0.0
7193,2013.0,1.0,33.8,563.0,679.0,0.0,0.0,1.0,1.0,0.0
7194,2013.0,1.0,33.8,564.0,679.0,0.0,0.0,1.0,1.0,0.0
7195,2013.0,1.0,33.8,565.0,679.0,0.0,0.0,1.0,1.0,0.0
7196,2013.0,1.0,33.8,566.0,679.0,0.0,0.0,1.0,1.0,0.0
7197,2013.0,1.0,33.8,567.0,679.0,0.0,0.0,1.0,1.0,0.0
7198,2013.0,1.0,33.8,568.0,679.0,0.0,0.0,1.0,1.0,0.0
7199,2013.0,1.0,33.8,569.0,679.0,0.0,0.0,1.0,1.0,0.0
7200,2013.0,1.0,33.8,570.0,679.0,0.0,0.0,1.0,1.0,0.0
7201,2013.0,1.0,33.8,571.0,679.0,0.0,0.0,1.0,1.0,0.0
7202,2013.0,1.0,33.8,572.0,679.0,0.0,0.0,1.0,1.0,0.0
7203,2013.0,1.0,33.8,573.0,679.0,0.0,0.0,1.0,1.0,0.0
7204,2013.0,1.0,33.8,574.0,679.0,0.0,0.0,1.0,1.0,0.0
7205,2013.0,1.0,33.8,575.0,679.0,0.0,0.0,1.0,1.0,0.0
7206,2013.0,1.0,33.8,576.0,679.0,0.0,0.0,1.0,1.0,0.0
7207,2013.0,1.0,33.8,577.0,679.0,0.0,0.0,1.0,1.0,0.0
7208,2013.0,1.0,33.8,578.0,679.0,0.0,0.0,1.0,1.0,0.0
7209,2013.0,1.0,33.8,579.0,679.0,0.0,0.0,1.0,1.0,0.0
7210,2013.0,1.0,33.8,580.0,679.0,0.0,0.0,1.0,1.0,0.0
7211,2013.0,1.0,33.8,581.0,679.0,0.0,0.0,1.0,1.0,0.0
7212,2013.0,1.0,33.8,582.0,679.0,0.0,0.0,1.0,1.0,0.0
7213,2013.0,1.0,33.8,583.0,679.0,0.0,0.0,1.0,1.0,0.0
7214,2013.0,1.0,33.8,584.0,679.0,0.0,0.0,1.0,1.0,0.0
7215,2013.0,1.0,33.8,585.0,679.0,0.0,0.0,1.0,1.0,0.0
7216,2013.0,1.0,33.8,586.0,679.0,0.0,0.0,1.0,1.0,0.0
7217,2013.0,1.0,33.8,587.0,679.0,0.0,0.0,1.0,1.0,0.0
7218,2013.0,1.0,33.8,588.0,679.0,0.0,0.0,1.0,1.0,0.0
7219,2013.0,1.0,33.8,589.0,679.0,0.0,0.0,1.0,1.0,0.0
7220,2013.0,1.0,33.8,590.0,679.0,0.0,0.0,1.0,1.0,0.0
7221,2013.0,1.0,33.8,591.0,679.0,0.0,0.0,1.0,1.0,0.0
7222,2013.0,1.0,33.8,592.0,679.0,0.0,0.0,1.0,1.0,0.0
7223,2013.0,1.0,33.8,593.0,679.0,0.0,0.0,1.0,1.0,0.0
7224,2013.0,1.0,33.8,594.0,679.0,0.0,0.0,1.0,1.0,0.0
7225,2013.0,1.0,33.8,595.0,679.0,0.0,0.0,1.0,1.0,0.0
7226,2013.0,1.0,33.8,596.0,679.0,0.0,0.0,1.0,1.0,0.0
7227,2013.0,1.0,33.8,597.0,679.0,0.0,0.0,1.0,1.0,0.0
7228,2013.0,1.0,33.8,598.0,679.0,0.0,0.0,1.0,1.0,0.0
7229,2013.0,1.0,33.8,599.0,679.0,0.0,0.0,1.0,1.0,0.0
7230,2013.0,1.0,33.8,600.0,679.0,0.0,0.0,1.0,1.0,0.0
7231,2013.0,1.0,33.8,601.0,679.0,0.0,0.0,1.0,1.0,0.0
7232,2013.0,1.0,33.8,602.0,679.0,0.0,0.0,1.0,1.0,0.0
7233,2013.0,1.0,33.8,603.0,679.0,0.0,0.0,1.0,1.0,0.0
7234,2013.0,1.0,33.8,604.0,679.0,0.0,0.0,1.0,1.0,0.0
7235,2013.0,1.0,33.8,605.0,679.0,0.0,0.0,1.0,1.0,0.0
7236,2013.0,1.0,33.8,606.0,679.0,0.0,0.0,1.0,1.0,0.0
7237,2013.0,1.0,33.8,607.0,679.0,0.0,0.0,1.0,1.0,0.0
7238,2013.0,1.0,33.8,608.0,679.0,0.0,0.0,1.0,1.0,0.0
7239,2013.0,1.0,33.8,609.0,679.0,0.0,0.0,1.0,1.0,0.0
7240,2013.0,1.0,33.8,610.0,679.0,0.0,0.0,1.0,1.0,0.0
7241,2013.0,1.0,33.8,611.0,679.0,0.0,0.0,1.0,1.0,0.0
7242,2013.0,1.0,33.8,612.0,679.0,0.0,0.0,1.0,1.0,0.0
7243,2013.0,1.0,33.8,613.0,679.0,0.0,0.0,1.0,1.0,0.0
7244,2013.0,1.0,33.8,614.0,679.0,0.0,0.0,1.0,1.0,0.0
7245,2013.0,1.0,33.8,615.0,679.0,0.0,0.0,1.0,1.0,0.0
7246,2013.0,1.0,33.8,616.0,679.0,0.0,0.0,1.0,1.0,0.0
7247,2013.0,1.0,33.8,617.0,679.0,0.0,0.0,1.0,1.0,0.0
7248,2013.0,1.0,33.8,618.0,679.0,0.0,0.0,1.0,1.0,0.0
7249,2013.0,1.0,33.8,619.0,679.0,0.0,0.0,1.0,1.0,0.0
7250,2013.0,1.0,33.8,620.0,679.0,0.0,0.0,1.0,1.0,0.0
7251,2013.0,1.0,33.8,621.0,679.0,0.0,0.0,1.0,1.0,0.0
7252,2013.0,1.0,33.8,622.0,679.0,0.0,0.0,1.0,1.0,0.0
7253,2013.0,1.0,33.8,623.0,679.0,0.0,0.0,1.0,1.0,0.0
7254,2013.0,1.0,33.8,624.0,679.0,0.0,0.0,1.0,1.0,0.0
7255,2013.0,1.0,33.8,625.0,679.0,0.0,0.0,1.0,1.0,0.0
7256,2013.0,1.0,33.8,626.0,679.0,0.0,0.0,1.0,1.0,0.0
7257,2013.0,1.0,33.8,627.0,679.0,0.0,0.0,1.0,1.0,0.0
7258,2013.0,1.0,33.8,628.0,679.0,0.0,0.0,1.0,1.0,0.0
7259,2013.0,1.0,33.8,629.0,679.0,0.0,0.0,1.0,1.0,0.0
7260,2013.0,1.0,33.8,630.0,679.0,0.0,0.0,1.0,1.0,0.0
7261,2013.0,1.0,33.8,631.0,679.0,0.0,0.0,1.0,1.0,0.0
7262,2013.0,1.0,33.8,632.0,679.0,0.0,0.0,1.0,1.0,0.0
7263,2013.0,1.0,33.8,633.0,679.0,0.0,0.0,1.0,1.0,0.0
7264,2013.0,1.0,33.8,634.0,679.0,0.0,0.0,1.0,1.0,0.0
7265,2013.0,1.0,33.8,635.0,679.0,0.0,0.0,1.0,1.0,0.0
7266,2013.0,1.0,33.8,636.0,679.0,0.0,0.0,1.0,1.0,0.0
7267,2013.0,1.0,33.8,637.0,679.0,0.0,0.0,1.0,1.0,0.0
7268,2013.0,1.0,33.8,638.0,679.0,0.0,0.0,1.0,1.0,0.0
7269,2013.0,1.0,33.8,639.0,679.0,0.0,0.0,1.0,1.0,0.0
7270,2013.0,1.0,33.8,640.0,679.0,0.0,0.0,1.0,1.0,0.0
7271,2013.0,1.0,33.8,641.0,679.0,0.0,0.0,1.0,1.0,0.0
7272,2013.0,1.0,33.8,642.0,679.0,0.0,0.0,1.0,1.0,0.0
7273,2013.0,1.0,33.8,643.0,679.0,0.0,0.0,1.0,1.0,0.0
7274,2013.0,1.0,33.8,644.0,679.0,0.0,0.0,1.0,1.0,0.0
7275,2013.0,1.0,33.8,645.0,679.0,0.0,0.0,1.0,1.0,0.0
7276,2013.0,1.0,33.8,646.0,679.0,0.0,0.0,1.0,1.0,0.0
7277,2013.0,1.0,33.8,647.0,679.0,0.0,0.0,1.0,1.0,0.0
7278,2013.0,1.0,33.8,648.0,679.0,0.0,0.0,1.0,1.0,0.0
7279,2013.0,1.0,33.8,649.0,679.0,0.0,0.0,1.0,1.0,0.0
7280,2013.0,1.0,33.8,650.0,679.0,0.0,0.0,1.0,1.0,0.0
7281,2013.0,1.0,33.8,651.0,679.0,0.0,0.0,1.0,1.0,0.0
7282,2013.0,1.0,33.8,652.0,679.0,0.0,0.0,1.0,1.0,0.0
7283,2013.0,1.0,33.8,653.0,679.0,0.0,0.0,1.0,1.0,0.0
7284,2013.0,1.0,33.8,654.0,679.0,0.0,0.0,1.0,1.0,0.0
7285,2013.0,1.0,33.8,655.0,679.0,0.0,0.0,1.0,1.0,0.0
7286,2013.0,1.0,33.8,656.0,679.0,0.0,0.0,1.0,1.0,0.0
7287,2013.0,1.0,33.8,657.0,679.0,0.0,0.0,1.0,1.0,0.0
7288,2013.0,1.0,33.8,658.0,679.0,0.0,0.0,1.0,1.0,0.0
7289,2013.0,1.0,33.8,659.0,679.0,0.0,0.0,1.0,1.0,0.0
7290,2013.0,1.0,33.8,660.0,679.0,0.0,0.0,1.0,1.0,0.0
7291,2013.0,1.0,33.8,661.0,679.0,0.0,0.0,1.0,1.0,0.0
7292,2013.0,1.0,33.8,662.0,679.0,0.0,0.0,1.0,1.0,0.0
7293,2013.0,1.0,33.8,663.0,679.0,0.0,0.0,1.0,1.0,0.0
7294,2013.0,1.0,33.8,664.0,679.0,0.0,0.0,1.0,1.0,0.0
7295,2013.0,1.0,33.8,665.0,679.0,0.0,0.0,1.0,1.0,0.0
7296,2013.0,1.0,33.8,666.0,679.0,0.0,0.0,1.0,1.0,0.0
7297,2013.0,1.0,33.8,667.0,679.0,0.0,0.0,1.0,1.0,0.0
7298,2013.0,1.0,33.8,668.0,679.0,0.0,0.0,1.0,1.0,0.0
7299,2013.0,1.0,33.8,669.0,679.0,0.0,0.0,1.0,1.0,0.0
7300,2013.0,1.0,33.8,670.0,679.0,0.0,0.0,1.0,1.0,0.0
7301,2013.0,1.0,33.8,671.0,679.0,0.0,0.0,1.0,1.0,0.0
7302,2013.0,1.0,33.8,672.0,679.0,0.0,0.0,1.0,1.0,0.0
7303,2013.0,1.0,33.8,673.0,679.0,0.0,0.0,1.0,1.0,0.0
7304,2013.0,1.0,33.8,674.0,679.0,0.0,0.0,1.0,1.0,0.0
7305,2013.0,1.0,33.8,675.0,679.0,0.0,0.0,1.0,1.0,0.0
7306,2013.0,1.0,33.8,676.0,679.0,0.0,0.0,1.0,1.0,0.0
7307,2013.0,1.0,33.8,677.0,679.0,0.0,0.0,1.0,1.0,0.0
7308,2013.0,1.0,33.8,678.0,679.0,0.0,0.0,1.0,1.0,0.0
7309,2013.0,1.0,33.8,679.0,679.0,0.0,0.0,1.0,1.0,0.0
7310,2013.0,1.0,33.8,680.0,679.0,0.0,0.0,1.0,1.0,0.0
7311,2013.0,1.0,33.8,681.0,679.0,0.0,0.0,1.0,1.0,0.0
7312,2013.0,1.0,33.8,682.0,679.0,0.0,0.0,1.0,1.0,0.0
7313,2013.0,1.0,33.8,683.0,679.0,0.0,0.0,1.0,1.0,0.0
7314,2013.0,1.0,33.8,684.0,679.0,0.0,0.0,1.0,1.0,0.0
7315,2013.0,1.0,33.8,685.0,679.0,0.0,0.0,1.0,1.0,0.0
7316,2013.0,1.0,33.8,686.0,679.0,0.0,0.0,1.0,1.0,0.0
7317,2013.0,1.0,33.8,687.0,679.0,0.0,0.0,1.0,1.0,0.0
7318,2013.0,1.0,33.8,688.0,679.0,0.0,0.0,1.0,1.0,0.0
7319,2013.0,1.0,33.8,689.0,679.0,0.0,0.0,1.0,1.0,0.0
7320,2013.0,1.0,33.8,690.0,679.0,0.0,0.0,1.0,1.0,0.0
7321,2013.0,1.0,33.8,691.0,679.0,0.0,0.0,1.0,1.0,0.0
7322,2013.0,1.0,33.8,692.0,679.0,0.0,0.0,1.0,1.0,0.0
7323,2013.0,1.0,33.8,693.0,679.0,0.0,0.0,1.0,1.0,0.0
7324,2013.0,1.0,33.8,694.0,679.0,0.0,0.0,1.0,1.0,0.0
7325,2013.0,1.0,33.8,695.0,679.0,0.0,0.0,1.0,1.0,0.0
7326,2013.0,1.0,33.8,696.0,679.0,0.0,0.0,1.0,1.0,0.0
7327,2013.0,1.0,33.8,697.0,679.0,0.0,0.0,1.0,1.0,0.0
7328,2013.0,1.0,33.8,698.0,679.0,0.0,0.0,1.0,1.0,0.0
7329,2013.0,1.0,33.8,699.0,679.0,0.0,0.0,1.0,1.0,0.0
7330,2013.0,1.0,33.8,700.0,679.0,0.0,0.0,1.0,1.0,0.0
7331,2013.0,1.0,33.8,701.0,679.0,0.0,0.0,1.0,1.0,0.0
7332,2013.0,1.0,33.8,702.0,679.0,0.0,0.0,1.0,1.0,0.0
7333,2013.0,1.0,33.8,703.0,679.0,0.0,0.0,1.0,1.0,0.0
7334,2013.0,1.0,33.8,704.0,679.0,0.0,0.0,1.0,1.0,0.0
7335,2013.0,1.0,33.8,705.0,679.0,0.0,0.0,1.0,1.0,0.0
7336,2013.0,1.0,33.8,706.0,679.0,0.0,0.0,1.0,1.0,0.0
7337,2013.0,1.0,33.8,707.0,679.0,0.0,0.0,1.0,1.0,0.0
7338,2013.0,1.0,33.8,708.0,679.0,0.0,0.0,1.0,1.0,0.0
7339,2013.0,1.0,33.8,709.0,679.0,0.0,0.0,1.0,1.0,0.0
7340,2013.0,1.0,33.8,710.0,679.0,0.0,0.0,1.0,1.0,0.0
7341,2013.0,1.0,33.8,711.0,679.0,0.0,0.0,1.0,1.0,0.0
7342,2013.0,1.0,33.8,712.0,679.0,0.0,0.0,1.0,1.0,0.0
7343,2013.0,1.0,33.8,713.0,679.0,0.0,0.0,1.0,1.0,0.0
7344,2013.0,1.0,33.8,714.0,679.0,0.0,0.0,1.0,1.0,0.0
7345,2013.0,1.0,33.8,715.0,679.0,0.0,0.0,1.0,1.0,0.0
7346,2013.0,1.0,33.8,716.0,679.0,0.0,0.0,1.0,1.0,0.0
7347,2013.0,1.0,33.8,717.0,679.0,0.0,0.0,1.0,1.0,0.0
7348,2013.0,1.0,33.8,718.0,679.0,0.0,0.0,1.0,1.0,0.0
7349,2013.0,1.0,33.8,719.0,679.0,0.0,0.0,1.0,1.0,0.0
7350,2013.0,1.0,33.8,720.0,679.0,0.0,0.0,1.0,1.0,0.0
7351,2013.0,1.0,33.8,721.0,679.0,0.0,0.0,1.0,1.0,0.0
7352,2013.0,1.0,33.8,722.0,679.0,0.0,0.0,1.0,1.0,0.0
7353,2013.0,1.0,33.8,723.0,679.0,0.0,0.0,1.0,1.0,0.0
7354,2013.0,1.0,33.8,724.0,679.0,0.0,0.0,1.0,1.0,0.0
7355,2013.0,1.0,33.8,725.0,679.0,0.0,0.0,1.0,1.0,0.0
7356,2013.0,1.0,33.8,726.0,679.0,0.0,0.0,1.0,1.0,0.0
7357,2013.0,1.0,33.8,727.0,679.0,0.0,0.0,1.0,1.0,0.0
7358,2013.0,1.0,33.8,728.0,679.0,0.0,0.0,1.0,1.0,0.0
7359,2013.0,1.0,33.8,729.0,679.0,0.0,0.0,1.0,1.0,0.0
7360,2013.0,1.0,33.8,730.0,679.0,0.0,0.0,1.0,1.0,0.0
7361,2013.0,1.0,33.8,731.0,679.0,0.0,0.0,1.0,1.0,0.0
7362,2013.0,1.0,33.8,732.0,679.0,0.0,0.0,1.0,1.0,0.0
7363,2013.0,1.0,33.8,733.0,679.0,0.0,0.0,1.0,1.0,0.0
7364,2013.0,1.0,33.8,734.0,679.0,0.0,0.0,1.0,1.0,0.0
7365,2013.0,1.0,33.8,735.0,679.0,0.0,0.0,1.0,1.0,0.0
7366,2013.0,1.0,33.8,736.0,679.0,0.0,0.0,1.0,1.0,0.0
7367,2013.0,1.0,33.8,737.0,679.0,0.0,0.0,1.0,1.0,0.0
7368,2013.0,1.0,33.8,738.0,679.0,0.0,0.0,1.0,1.0,0.0
7369,2013.0,1.0,33.8,739.0,679.0,0.0,0.0,1.0,1.0,0.0
7370,2013.0,1.0,33.8,740.0,679.0,0.0,0.0,1.0,1.0,0.0
7371,2013.0,1.0,33.8,741.0,679.0,0.0,0.0,1.0,1.0,0.0
7372,2013.0,1.0,33.8,742.0,679.0,0.0,0.0,1.0,1.0,0.0
7373,2013.0,1.0,33.8,743.0,679.0,0.0,0.0,1.0,1.0,0.0
7374,2013.0,1.0,33.8,744.0,679.0,0.0,0.0,1.0,1.0,0.0
7375,2013.0,1.0,33.8,745.0,679.0,0.0,0.0,1.0,1.0,0.0
7376,2013.0,1.0,33.8,746.0,679.0,0.0,0.0,1.0,1.0,0.0
7377,2013.0,1.0,33.8,747.0,679.0,0.0,0.0,1.0,1.0,0.0
7378,2013.0,1.0,33.8,748.0,679.0,0.0,0.0,1.0,1.0,0.0
7379,2013.0,1.0,33.8,749.0,679.0,0.0,0.0,1.0,1.0,0.0
7380,2013.0,1.0,33.8,750.0,679.0,0.0,0.0,1.0,1.0,0.0
7381,2013.0,1.0,33.8,751.0,679.0,0.0,0.0,1.0,1.0,0.0
7382,2013.0,1.0,33.8,752.0,679.0,0.0,0.0,1.0,1.0,0.0
7383,2013.0,1.0,33.8,753.0,679.0,0.0,0.0,1.0,1.0,0.0
7384,2013.0,1.0,33.8,754.0,679.0,0.0,0.0,1.0,1.0,0.0
7385,2013.0,1.0,33.8,755.0,679.0,0.0,0.0,1.0,1.0,0.0
7386,2013.0,1.0,33.8,756.0,679.0,0.0,0.0,1.0,1.0,0.0
7387,2013.0,1.0,33.8,757.0,679.0,0.0,0.0,1.0,1.0,0.0
7388,2013.0,1.0,33.8,758.0,679.0,0.0,0.0,1.0,1.0,0.0
7389,2013.0,1.0,33.8,759.0,679.0,0.0,0.0,1.0,1.0,0.0
7390,2013.0,1.0,33.8,760.0,679.0,0.0,0.0,1.0,1.0,0.0
7391,2013.0,1.0,33.8,761.0,679.0,0.0,0.0,1.0,1.0,0.0
7392,2013.0,1.0,33.8,762.0,679.0,0.0,0.0,1.0,1.0,0.0
7393,2013.0,1.0,33.8,763.0,679.0,0.0,0.0,1.0,1.0,0.0
7394,2013.0,1.0,33.8,764.0,679.0,0.0,0.0,1.0,1.0,0.0
7395,2013.0,1.0,33.8,765.0,679.0,0.0,0.0,1.0,1.0,0.0
7396,2013.0,1.0,33.8,766.0,679.0,0.0,0.0,1.0,1.0,0.0
7397,2013.0,1.0,33.8,767.0,679.0,0.0,0.0,1.0,1.0,0.0
7398,2013.0,1.0,33.8,768.0,679.0,0.0,0.0,1.0,1.0,0.0
7399,2013.0,1.0,33.8,769.0,679.0,0.0,0.0,1.0,1.0,0.0
7400,2013.0,1.0,33.8,770.0,679.0,0.0,0.0,1.0,1.0,0.0
7401,2013.0,1.0,33.8,771.0,679.0,0.0,0.0,1.0,1.0,0.0
7402,2013.0,1.0,33.8,772.0,679.0,0.0,0.0,1.0,1.0,0.0
7403,2013.0,1.0,33.8,773.0,679.0,0.0,0.0,1.0,1.0,0.0
7404,2013.0,1.0,33.8,774.0,679.0,0.0,0.0,1.0,1.0,0.0
7405,2013.0,1.0,33.8,775.0,679.0,0.0,0.0,1.0,1.0,0.0
7406,2013.0,1.0,33.8,776.0,679.0,0.0,0.0,1.0,1.0,0.0
7407,2013.0,1.0,33.8,777.0,679.0,0.0,0.0,1.0,1.0,0.0
7408,2013.0,1.0,33.8,778.0,679.0,0.0,0.0,1.0,1.0,0.0
7409,2013.0,1.0,33.8,779.0,679.0,0.0,0.0,1.0,1.0,0.0
7410,2013.0,1.0,33.8,780.0,679.0,0.0,0.0,1.0,1.0,0.0
7411,2013.0,1.0,33.8,781.0,679.0,0.0,0.0,1.0,1.0,0.0
7412,2013.0,1.0,33.8,782.0,679.0,0.0,0.0,1.0,1.0,0.0
7413,2013.0,1.0,33.8,783.0,679.0,0.0,0.0,1.0,1.0,0.0
7414,2013.0,1.0,33.8,784.0,679.0,0.0,0.0,1.0,1.0,0.0
7415,2013.0,1.0,33.8,785.0,679.0,0.0,0.0,1.0,1.0,0.0
7416,2013.0,1.0,33.8,786.0,679.0,0.0,0.0,1.0,1.0,0.0
7417,2013.0,1.0,33.8,787.0,679.0,0.0,0.0,1.0,1.0,0.0
7418,2013.0,1.0,33.8,788.0,679.0,0.0,0.0,1.0,1.0,0.0
7419,2013.0,1.0,33.8,789.0,679.0,0.0,0.0,1.0,1.0,0.0
7420,2013.0,1.0,33.8,790.0,679.0,0.0,0.0,1.0,1.0,0.0
7421,2013.0,1.0,33.8,791.0,679.0,0.0,0.0,1.0,1.0,0.0
7422,2013.0,1.0,33.8,792.0,679.0,0.0,0.0,1.0,1.0,0.0
7423,2013.0,1.0,33.8,793.0,679.0,0.0,0.0,1.0,1.0,0.0
7424,2013.0,1.0,33.8,794.0,679.0,0.0,0.0,1.0,1.0,0.0
7425,2013.0,1.0,33.8,795.0,679.0,0.0,0.0,1.0,1.0,0.0
7426,2013.0,1.0,33.8,796.0,679.0,0.0,0.0,1.0,1.0,0.0
7427,2013.0,1.0,33.8,797.0,679.0,0.0,0.0,1.0,1.0,0.0
7428,2013.0,1.0,33.8,798.0,679.0,0.0,0.0,1.0,1.0,0.0
7429,2013.0,1.0,33.8,799.0,679.0,0.0,0.0,1.0,1.0,0.0
7430,2013.0,1.0,33.8,800.0,679.0,0.0,0.0,1.0,1.0,0.0
7431,2013.0,1.0,33.8,801.0,679.0,0.0,0.0,1.0,1.0,0.0
7432,2013.0,1.0,33.8,802.0,679.0,0.0,0.0,1.0,1.0,0.0
7433,2013.0,1.0,33.8,803.0,679.0,0.0,0.0,1.0,1.0,0.0
7434,2013.0,1.0,33.8,804.0,679.0,0.0,0.0,1.0,1.0,0.0
7435,2013.0,1.0,33.8,805.0,679.0,0.0,0.0,1.0,1.0,0.0
7436,2013.0,1.0,33.8,806.0,679.0,0.0,0.0,1.0,1.0,0.0
7437,2013.0,1.0,33.8,807.0,679.0,0.0,0.0,1.0,1.0,0.0
7438,2013.0,1.0,33.8,808.0,679.0,0.0,0.0,1.0,1.0,0.0
7439,2013.0,1.0,33.8,809.0,679.0,0.0,0.0,1.0,1.0,0.0
7440,2013.0,1.0,33.8,810.0,679.0,0.0,0.0,1.0,1.0,0.0
7441,2013.0,1.0,33.8,811.0,679.0,0.0,0.0,1.0,1.0,0.0
7442,2013.0,1.0,33.8,812.0,679.0,0.0,0.0,1.0,1.0,0.0
7443,2013.0,1.0,33.8,813.0,679.0,0.0,0.0,1.0,1.0,0.0
7444,2013.0,1.0,33.8,814.0,679.0,0.0,0.0,1.0,1.0,0.0
7445,2013.0,1.0,33.8,815.0,679.0,0.0,0.0,1.0,1.0,0.0
7446,2013.0,1.0,33.8,816.0,679.0,0.0,0.0,1.0,1.0,0.0
7447,2013.0,1.0,33.8,817.0,679.0,0.0,0.0,1.0,1.0,0.0
7448,2013.0,1.0,33.8,818.0,679.0,0.0,0.0,1.0,1.0,0.0
7449,2013.0,1.0,33.8,819.0,679.0,0.0,0.0,1.0,1.0,0.0
7450,2013.0,1.0,33.8,820.0,679.0,0.0,0.0,1.0,1.0,0.0
7451,2013.0,1.0,33.8,821.0,679.0,0.0,0.0,1.0,1.0,0.0
7452,2013.0,1.0,33.8,822.0,679.0,0.0,0.0,1.0,1.0,0.0
7453,2013.0,1.0,33.8,823.0,679.0,0.0,0.0,1.0,1.0,0.0
7454,2013.0,1.0,33.8,824.0,679.0,0.0,0.0,1.0,1.0,0.0
7455,2013.0,1.0,33.8,825.0,679.0,0.0,0.0,1.0,1.0,0.0
7456,2013.0,1.0,33.8,826.0,679.0,0.0,0.0,1.0,1.0,0.0
7457,2013.0,1.0,33.8,827.0,679.0,0.0,0.0,1.0,1.0,0.0
7458,2013.0,1.0,33.8,828.0,679.0,0.0,0.0,1.0,1.0,0.0
7459,2013.0,1.0,33.8,829.0,679.0,0.0,0.0,1.0,1.0,0.0
7460,2013.0,1.0,33.8,830.0,679.0,0.0,0.0,1.0,1.0,0.0
7461,2013.0,1.0,33.8,831.0,679.0,0.0,0.0,1.0,1.0,0.0
7462,2013.0,1.0,33.8,832.0,679.0,0.0,0.0,1.0,1.0,0.0
7463,2013.0,1.0,33.8,833.0,679.0,0.0,0.0,1.0,1.0,0.0
7464,2013.0,1.0,33.8,834.0,679.0,0.0,0.0,1.0,1.0,0.0
7465,2013.0,1.0,33.8,835.0,679.0,0.0,0.0,1.0,1.0,0.0
7466,2013.0,1.0,33.8,836.0,679.0,0.0,0.0,1.0,1.0,0.0
7467,2013.0,1.0,33.8,837.0,679.0,0.0,0.0,1.0,1.0,0.0
7468,2013.0,1.0,33.8,838.0,679.0,0.0,0.0,1.0,1.0,0.0
7469,2013.0,1.0,33.8,839.0,679.0,0.0,0.0,1.0,1.0,0.0
7470,2013.0,1.0,33.8,840.0,679.0,0.0,0.0,1.0,1.0,0.0
7471,2013.0,1.0,33.8,841.0,679.0,0.0,0.0,1.0,1.0,0.0
7472,2013.0,1.0,33.8,842.0,1235.0,0.0,0.0,1.0,1.0,0.0
7473,2013.0,2.0,1.0,1.0,1000.0,1.0,1.0,1.0,1.0,1.0
7474,2013.0,2.0,47.2,2.0,700.0,0.0,0.0,1.0,1.0,0.0
7475,2013.0,2.0,47.2,3.0,700.0,0.0,0.0,1.0,1.0,0.0
7476,2013.0,2.0,47.2,4.0,700.0,0.0,0.0,1.0,1.0,0.0
7477,2013.0,2.0,47.2,5.0,700.0,0.0,0.0,1.0,1.0,0.0
7478,2013.0,2.0,47.2,6.0,700.0,0.0,0.0,1.0,1.0,0.0
7479,2013.0,2.0,47.2,7.0,700.0,0.0,0.0,1.0,1.0,0.0
7480,2013.0,2.0,47.2,8.0,700.0,0.0,0.0,1.0,1.0,0.0
7481,2013.0,2.0,47.2,9.0,700.0,0.0,0.0,1.0,1.0,0.0
7482,2013.0,2.0,47.2,10.0,700.0,0.0,0.0,1.0,1.0,0.0
7483,2013.0,2.0,47.2,11.0,700.0,0.0,0.0,1.0,1.0,0.0
7484,2013.0,2.0,47.2,12.0,700.0,0.0,0.0,1.0,1.0,0.0
7485,2013.0,2.0,47.2,13.0,700.0,0.0,0.0,1.0,1.0,0.0
7486,2013.0,2.0,47.2,14.0,700.0,0.0,0.0,1.0,1.0,0.0
7487,2013.0,2.0,47.2,15.0,700.0,0.0,0.0,1.0,1.0,0.0
7488,2013.0,2.0,47.2,16.0,700.0,0.0,0.0,1.0,1.0,0.0
7489,2013.0,2.0,47.2,17.0,700.0,0.0,0.0,1.0,1.0,0.0
7490,2013.0,2.0,47.2,18.0,700.0,0.0,0.0,1.0,1.0,0.0
7491,2013.0,2.0,47.2,19.0,700.0,0.0,0.0,1.0,1.0,0.0
7492,2013.0,2.0,47.2,20.0,700.0,0.0,0.0,1.0,1.0,0.0
7493,2013.0,2.0,47.2,21.0,700.0,0.0,0.0,1.0,1.0,0.0
7494,2013.0,2.0,47.2,22.0,700.0,0.0,0.0,1.0,1.0,0.0
7495,2013.0,2.0,47.2,23.0,700.0,0.0,0.0,1.0,1.0,0.0
7496,2013.0,2.0,47.2,24.0,700.0,0.0,0.0,1.0,1.0,0.0
7497,2013.0,2.0,47.2,25.0,700.0,0.0,0.0,1.0,1.0,0.0
7498,2013.0,2.0,47.2,26.0,700.0,0.0,0.0,1.0,1.0,0.0
7499,2013.0,2.0,47.2,27.0,700.0,0.0,0.0,1.0,1.0,0.0
7500,2013.0,2.0,47.2,28.0,700.0,0.0,0.0,1.0,1.0,0.0
7501,2013.0,2.0,47.2,29.0,700.0,0.0,0.0,1.0,1.0,0.0
7502,2013.0,2.0,47.2,30.0,700.0,0.0,0.0,1.0,1.0,0.0
7503,2013.0,2.0,47.2,31.0,700.0,0.0,0.0,1.0,1.0,0.0
7504,2013.0,2.0,47.2,32.0,700.0,0.0,0.0,1.0,1.0,0.0
7505,2013.0,2.0,47.2,33.0,700.0,0.0,0.0,1.0,1.0,0.0
7506,2013.0,2.0,47.2,34.0,700.0,0.0,0.0,1.0,1.0,0.0
7507,2013.0,2.0,47.2,35.0,700.0,0.0,0.0,1.0,1.0,0.0
7508,2013.0,2.0,47.2,36.0,700.0,0.0,0.0,1.0,1.0,0.0
7509,2013.0,2.0,47.2,37.0,700.0,0.0,0.0,1.0,1.0,0.0
7510,2013.0,2.0,47.2,38.0,700.0,0.0,0.0,1.0,1.0,0.0
7511,2013.0,2.0,47.2,39.0,700.0,0.0,0.0,1.0,1.0,0.0
7512,2013.0,2.0,47.2,40.0,700.0,0.0,0.0,1.0,1.0,0.0
7513,2013.0,2.0,47.2,41.0,700.0,0.0,0.0,1.0,1.0,0.0
7514,2013.0,2.0,47.2,42.0,700.0,0.0,0.0,1.0,1.0,0.0
7515,2013.0,2.0,47.2,43.0,700.0,0.0,0.0,1.0,1.0,0.0
7516,2013.0,2.0,47.2,44.0,700.0,0.0,0.0,1.0,1.0,0.0
7517,2013.0,2.0,47.2,45.0,700.0,0.0,0.0,1.0,1.0,0.0
7518,2013.0,2.0,47.2,46.0,700.0,0.0,0.0,1.0,1.0,0.0
7519,2013.0,2.0,47.2,47.0,700.0,0.0,0.0,1.0,1.0,0.0
7520,2013.0,2.0,47.2,48.0,700.0,0.0,0.0,1.0,1.0,0.0
7521,2013.0,2.0,47.2,49.0,700.0,0.0,0.0,1.0,1.0,0.0
7522,2013.0,2.0,47.2,50.0,700.0,0.0,0.0,1.0,1.0,0.0
7523,2013.0,2.0,47.2,51.0,700.0,0.0,0.0,1.0,1.0,0.0
7524,2013.0,2.0,47.2,52.0,700.0,0.0,0.0,1.0,1.0,0.0
7525,2013.0,2.0,47.2,53.0,700.0,0.0,0.0,1.0,1.0,0.0
7526,2013.0,2.0,47.2,54.0,700.0,0.0,0.0,1.0,1.0,0.0
7527,2013.0,2.0,47.2,55.0,700.0,0.0,0.0,1.0,1.0,0.0
7528,2013.0,2.0,47.2,56.0,700.0,0.0,0.0,1.0,1.0,0.0
7529,2013.0,2.0,47.2,57.0,700.0,0.0,0.0,1.0,1.0,0.0
7530,2013.0,2.0,47.2,58.0,700.0,0.0,0.0,1.0,1.0,0.0
7531,2013.0,2.0,47.2,59.0,700.0,0.0,0.0,1.0,1.0,0.0
7532,2013.0,2.0,47.2,60.0,700.0,0.0,0.0,1.0,1.0,0.0
7533,2013.0,2.0,47.2,61.0,700.0,0.0,0.0,1.0,1.0,0.0
7534,2013.0,2.0,47.2,62.0,700.0,0.0,0.0,1.0,1.0,0.0
7535,2013.0,2.0,47.2,63.0,700.0,0.0,0.0,1.0,1.0,0.0
7536,2013.0,2.0,47.2,64.0,700.0,0.0,0.0,1.0,1.0,0.0
7537,2013.0,2.0,47.2,65.0,700.0,0.0,0.0,1.0,1.0,0.0
7538,2013.0,2.0,47.2,66.0,700.0,0.0,0.0,1.0,1.0,0.0
7539,2013.0,2.0,47.2,67.0,700.0,0.0,0.0,1.0,1.0,0.0
7540,2013.0,2.0,47.2,68.0,700.0,0.0,0.0,1.0,1.0,0.0
7541,2013.0,2.0,47.2,69.0,700.0,0.0,0.0,1.0,1.0,0.0
7542,2013.0,2.0,47.2,70.0,700.0,0.0,0.0,1.0,1.0,0.0
7543,2013.0,2.0,47.2,71.0,700.0,0.0,0.0,1.0,1.0,0.0
7544,2013.0,2.0,47.2,72.0,700.0,0.0,0.0,1.0,1.0,0.0
7545,2013.0,2.0,47.2,73.0,700.0,0.0,0.0,1.0,1.0,0.0
7546,2013.0,2.0,47.2,74.0,700.0,0.0,0.0,1.0,1.0,0.0
7547,2013.0,2.0,47.2,75.0,700.0,0.0,0.0,1.0,1.0,0.0
7548,2013.0,2.0,47.2,76.0,700.0,0.0,0.0,1.0,1.0,0.0
7549,2013.0,2.0,47.2,77.0,700.0,0.0,0.0,1.0,1.0,0.0
7550,2013.0,2.0,47.2,78.0,700.0,0.0,0.0,1.0,1.0,0.0
7551,2013.0,2.0,47.2,79.0,700.0,0.0,0.0,1.0,1.0,0.0
7552,2013.0,2.0,47.2,80.0,700.0,0.0,0.0,1.0,1.0,0.0
7553,2013.0,2.0,47.2,81.0,700.0,0.0,0.0,1.0,1.0,0.0
7554,2013.0,2.0,47.2,82.0,700.0,0.0,0.0,1.0,1.0,0.0
7555,2013.0,2.0,47.2,83.0,700.0,0.0,0.0,1.0,1.0,0.0
7556,2013.0,2.0,47.2,84.0,700.0,0.0,0.0,1.0,1.0,0.0
7557,2013.0,2.0,47.2,85.0,700.0,0.0,0.0,1.0,1.0,0.0
7558,2013.0,2.0,47.2,86.0,700.0,0.0,0.0,1.0,1.0,0.0
7559,2013.0,2.0,47.2,87.0,700.0,0.0,0.0,1.0,1.0,0.0
7560,2013.0,2.0,47.2,88.0,700.0,0.0,0.0,1.0,1.0,0.0
7561,2013.0,2.0,47.2,89.0,700.0,0.0,0.0,1.0,1.0,0.0
7562,2013.0,2.0,47.2,90.0,700.0,0.0,0.0,1.0,1.0,0.0
7563,2013.0,2.0,47.2,91.0,700.0,0.0,0.0,1.0,1.0,0.0
7564,2013.0,2.0,47.2,92.0,700.0,0.0,0.0,1.0,1.0,0.0
7565,2013.0,2.0,47.2,93.0,700.0,0.0,0.0,1.0,1.0,0.0
7566,2013.0,2.0,47.2,94.0,700.0,0.0,0.0,1.0,1.0,0.0
7567,2013.0,2.0,47.2,95.0,700.0,0.0,0.0,1.0,1.0,0.0
7568,2013.0,2.0,47.2,96.0,700.0,0.0,0.0,1.0,1.0,0.0
7569,2013.0,2.0,47.2,97.0,700.0,0.0,0.0,1.0,1.0,0.0
7570,2013.0,2.0,47.2,98.0,700.0,0.0,0.0,1.0,1.0,0.0
7571,2013.0,2.0,47.2,99.0,700.0,0.0,0.0,1.0,1.0,0.0
7572,2013.0,2.0,47.2,100.0,700.0,0.0,0.0,1.0,1.0,0.0
7573,2013.0,2.0,47.2,101.0,700.0,0.0,0.0,1.0,1.0,0.0
7574,2013.0,2.0,47.2,102.0,700.0,0.0,0.0,1.0,1.0,0.0
7575,2013.0,2.0,47.2,103.0,700.0,0.0,0.0,1.0,1.0,0.0
7576,2013.0,2.0,47.2,104.0,700.0,0.0,0.0,1.0,1.0,0.0
7577,2013.0,2.0,47.2,105.0,700.0,0.0,0.0,1.0,1.0,0.0
7578,2013.0,2.0,47.2,106.0,700.0,0.0,0.0,1.0,1.0,0.0
7579,2013.0,2.0,47.2,107.0,700.0,0.0,0.0,1.0,1.0,0.0
7580,2013.0,2.0,47.2,108.0,700.0,0.0,0.0,1.0,1.0,0.0
7581,2013.0,2.0,47.2,109.0,700.0,0.0,0.0,1.0,1.0,0.0
7582,2013.0,2.0,47.2,110.0,700.0,0.0,0.0,1.0,1.0,0.0
7583,2013.0,2.0,47.2,111.0,700.0,0.0,0.0,1.0,1.0,0.0
7584,2013.0,2.0,47.2,112.0,700.0,0.0,0.0,1.0,1.0,0.0
7585,2013.0,2.0,47.2,113.0,700.0,0.0,0.0,1.0,1.0,0.0
7586,2013.0,2.0,47.2,114.0,700.0,0.0,0.0,1.0,1.0,0.0
7587,2013.0,2.0,47.2,115.0,700.0,0.0,0.0,1.0,1.0,0.0
7588,2013.0,2.0,47.2,116.0,700.0,0.0,0.0,1.0,1.0,0.0
7589,2013.0,2.0,47.2,117.0,700.0,0.0,0.0,1.0,1.0,0.0
7590,2013.0,2.0,47.2,118.0,700.0,0.0,0.0,1.0,1.0,0.0
7591,2013.0,2.0,47.2,119.0,700.0,0.0,0.0,1.0,1.0,0.0
7592,2013.0,2.0,47.2,120.0,700.0,0.0,0.0,1.0,1.0,0.0
7593,2013.0,2.0,47.2,121.0,700.0,0.0,0.0,1.0,1.0,0.0
7594,2013.0,2.0,47.2,122.0,700.0,0.0,0.0,1.0,1.0,0.0
7595,2013.0,2.0,47.2,123.0,700.0,0.0,0.0,1.0,1.0,0.0
7596,2013.0,2.0,47.2,124.0,700.0,0.0,0.0,1.0,1.0,0.0
7597,2013.0,2.0,47.2,125.0,700.0,0.0,0.0,1.0,1.0,0.0
7598,2013.0,2.0,47.2,126.0,700.0,0.0,0.0,1.0,1.0,0.0
7599,2013.0,2.0,47.2,127.0,700.0,0.0,0.0,1.0,1.0,0.0
7600,2013.0,2.0,47.2,128.0,700.0,0.0,0.0,1.0,1.0,0.0
7601,2013.0,2.0,47.2,129.0,700.0,0.0,0.0,1.0,1.0,0.0
7602,2013.0,2.0,47.2,130.0,700.0,0.0,0.0,1.0,1.0,0.0
7603,2013.0,2.0,47.2,131.0,700.0,0.0,0.0,1.0,1.0,0.0
7604,2013.0,2.0,47.2,132.0,700.0,0.0,0.0,1.0,1.0,0.0
7605,2013.0,2.0,47.2,133.0,700.0,0.0,0.0,1.0,1.0,0.0
7606,2013.0,2.0,47.2,134.0,700.0,0.0,0.0,1.0,1.0,0.0
7607,2013.0,2.0,47.2,135.0,700.0,0.0,0.0,1.0,1.0,0.0
7608,2013.0,2.0,47.2,136.0,700.0,0.0,0.0,1.0,1.0,0.0
7609,2013.0,2.0,47.2,137.0,700.0,0.0,0.0,1.0,1.0,0.0
7610,2013.0,2.0,47.2,138.0,700.0,0.0,0.0,1.0,1.0,0.0
7611,2013.0,2.0,47.2,139.0,700.0,0.0,0.0,1.0,1.0,0.0
7612,2013.0,2.0,47.2,140.0,700.0,0.0,0.0,1.0,1.0,0.0
7613,2013.0,2.0,47.2,141.0,700.0,0.0,0.0,1.0,1.0,0.0
7614,2013.0,2.0,47.2,142.0,700.0,0.0,0.0,1.0,1.0,0.0
7615,2013.0,2.0,47.2,143.0,700.0,0.0,0.0,1.0,1.0,0.0
7616,2013.0,2.0,47.2,144.0,700.0,0.0,0.0,1.0,1.0,0.0
7617,2013.0,2.0,47.2,145.0,700.0,0.0,0.0,1.0,1.0,0.0
7618,2013.0,2.0,47.2,146.0,700.0,0.0,0.0,1.0,1.0,0.0
7619,2013.0,2.0,47.2,147.0,700.0,0.0,0.0,1.0,1.0,0.0
7620,2013.0,2.0,47.2,148.0,700.0,0.0,0.0,1.0,1.0,0.0
7621,2013.0,2.0,47.2,149.0,700.0,0.0,0.0,1.0,1.0,0.0
7622,2013.0,2.0,47.2,150.0,700.0,0.0,0.0,1.0,1.0,0.0
7623,2013.0,2.0,47.2,151.0,700.0,0.0,0.0,1.0,1.0,0.0
7624,2013.0,2.0,47.2,152.0,700.0,0.0,0.0,1.0,1.0,0.0
7625,2013.0,2.0,47.2,153.0,700.0,0.0,0.0,1.0,1.0,0.0
7626,2013.0,2.0,47.2,154.0,700.0,0.0,0.0,1.0,1.0,0.0
7627,2013.0,2.0,47.2,155.0,700.0,0.0,0.0,1.0,1.0,0.0
7628,2013.0,2.0,47.2,156.0,700.0,0.0,0.0,1.0,1.0,0.0
7629,2013.0,2.0,47.2,157.0,700.0,0.0,0.0,1.0,1.0,0.0
7630,2013.0,2.0,47.2,158.0,700.0,0.0,0.0,1.0,1.0,0.0
7631,2013.0,2.0,47.2,159.0,700.0,0.0,0.0,1.0,1.0,0.0
7632,2013.0,2.0,47.2,160.0,700.0,0.0,0.0,1.0,1.0,0.0
7633,2013.0,2.0,47.2,161.0,700.0,0.0,0.0,1.0,1.0,0.0
7634,2013.0,2.0,47.2,162.0,700.0,0.0,0.0,1.0,1.0,0.0
7635,2013.0,2.0,47.2,163.0,700.0,0.0,0.0,1.0,1.0,0.0
7636,2013.0,2.0,47.2,164.0,700.0,0.0,0.0,1.0,1.0,0.0
7637,2013.0,2.0,47.2,165.0,700.0,0.0,0.0,1.0,1.0,0.0
7638,2013.0,2.0,47.2,166.0,700.0,0.0,0.0,1.0,1.0,0.0
7639,2013.0,2.0,47.2,167.0,700.0,0.0,0.0,1.0,1.0,0.0
7640,2013.0,2.0,47.2,168.0,700.0,0.0,0.0,1.0,1.0,0.0
7641,2013.0,2.0,47.2,169.0,700.0,0.0,0.0,1.0,1.0,0.0
7642,2013.0,2.0,47.2,170.0,700.0,0.0,0.0,1.0,1.0,0.0
7643,2013.0,2.0,47.2,171.0,700.0,0.0,0.0,1.0,1.0,0.0
7644,2013.0,2.0,47.2,172.0,700.0,0.0,0.0,1.0,1.0,0.0
7645,2013.0,2.0,47.2,173.0,700.0,0.0,0.0,1.0,1.0,0.0
7646,2013.0,2.0,47.2,174.0,700.0,0.0,0.0,1.0,1.0,0.0
7647,2013.0,2.0,47.2,175.0,700.0,0.0,0.0,1.0,1.0,0.0
7648,2013.0,2.0,47.2,176.0,700.0,0.0,0.0,1.0,1.0,0.0
7649,2013.0,2.0,47.2,177.0,700.0,0.0,0.0,1.0,1.0,0.0
7650,2013.0,2.0,47.2,178.0,700.0,0.0,0.0,1.0,1.0,0.0
7651,2013.0,2.0,47.2,179.0,700.0,0.0,0.0,1.0,1.0,0.0
7652,2013.0,2.0,47.2,180.0,700.0,0.0,0.0,1.0,1.0,0.0
7653,2013.0,2.0,47.2,181.0,700.0,0.0,0.0,1.0,1.0,0.0
7654,2013.0,2.0,47.2,182.0,700.0,0.0,0.0,1.0,1.0,0.0
7655,2013.0,2.0,47.2,183.0,700.0,0.0,0.0,1.0,1.0,0.0
7656,2013.0,2.0,47.2,184.0,700.0,0.0,0.0,1.0,1.0,0.0
7657,2013.0,2.0,47.2,185.0,700.0,0.0,0.0,1.0,1.0,0.0
7658,2013.0,2.0,47.2,186.0,700.0,0.0,0.0,1.0,1.0,0.0
7659,2013.0,2.0,47.2,187.0,700.0,0.0,0.0,1.0,1.0,0.0
7660,2013.0,2.0,47.2,188.0,700.0,0.0,0.0,1.0,1.0,0.0
7661,2013.0,2.0,47.2,189.0,700.0,0.0,0.0,1.0,1.0,0.0
7662,2013.0,2.0,47.2,190.0,700.0,0.0,0.0,1.0,1.0,0.0
7663,2013.0,2.0,47.2,191.0,700.0,0.0,0.0,1.0,1.0,0.0
7664,2013.0,2.0,47.2,192.0,700.0,0.0,0.0,1.0,1.0,0.0
7665,2013.0,2.0,47.2,193.0,700.0,0.0,0.0,1.0,1.0,0.0
7666,2013.0,2.0,47.2,194.0,700.0,0.0,0.0,1.0,1.0,0.0
7667,2013.0,2.0,47.2,195.0,700.0,0.0,0.0,1.0,1.0,0.0
7668,2013.0,2.0,47.2,196.0,700.0,0.0,0.0,1.0,1.0,0.0
7669,2013.0,2.0,47.2,197.0,700.0,0.0,0.0,1.0,1.0,0.0
7670,2013.0,2.0,47.2,198.0,700.0,0.0,0.0,1.0,1.0,0.0
7671,2013.0,2.0,47.2,199.0,700.0,0.0,0.0,1.0,1.0,0.0
7672,2013.0,2.0,47.2,200.0,700.0,0.0,0.0,1.0,1.0,0.0
7673,2013.0,2.0,47.2,201.0,700.0,0.0,0.0,1.0,1.0,0.0
7674,2013.0,2.0,47.2,202.0,700.0,0.0,0.0,1.0,1.0,0.0
7675,2013.0,2.0,47.2,203.0,700.0,0.0,0.0,1.0,1.0,0.0
7676,2013.0,2.0,47.2,204.0,700.0,0.0,0.0,1.0,1.0,0.0
7677,2013.0,2.0,47.2,205.0,700.0,0.0,0.0,1.0,1.0,0.0
7678,2013.0,2.0,47.2,206.0,700.0,0.0,0.0,1.0,1.0,0.0
7679,2013.0,2.0,47.2,207.0,700.0,0.0,0.0,1.0,1.0,0.0
7680,2013.0,2.0,47.2,208.0,700.0,0.0,0.0,1.0,1.0,0.0
7681,2013.0,2.0,47.2,209.0,700.0,0.0,0.0,1.0,1.0,0.0
7682,2013.0,2.0,47.2,210.0,700.0,0.0,0.0,1.0,1.0,0.0
7683,2013.0,2.0,47.2,211.0,700.0,0.0,0.0,1.0,1.0,0.0
7684,2013.0,2.0,47.2,212.0,700.0,0.0,0.0,1.0,1.0,0.0
7685,2013.0,2.0,47.2,213.0,700.0,0.0,0.0,1.0,1.0,0.0
7686,2013.0,2.0,47.2,214.0,700.0,0.0,0.0,1.0,1.0,0.0
7687,2013.0,2.0,47.2,215.0,700.0,0.0,0.0,1.0,1.0,0.0
7688,2013.0,2.0,47.2,216.0,700.0,0.0,0.0,1.0,1.0,0.0
7689,2013.0,2.0,47.2,217.0,700.0,0.0,0.0,1.0,1.0,0.0
7690,2013.0,2.0,47.2,218.0,700.0,0.0,0.0,1.0,1.0,0.0
7691,2013.0,2.0,47.2,219.0,700.0,0.0,0.0,1.0,1.0,0.0
7692,2013.0,2.0,47.2,220.0,700.0,0.0,0.0,1.0,1.0,0.0
7693,2013.0,2.0,47.2,221.0,700.0,0.0,0.0,1.0,1.0,0.0
7694,2013.0,2.0,47.2,222.0,700.0,0.0,0.0,1.0,1.0,0.0
7695,2013.0,2.0,47.2,223.0,700.0,0.0,0.0,1.0,1.0,0.0
7696,2013.0,2.0,47.2,224.0,700.0,0.0,0.0,1.0,1.0,0.0
7697,2013.0,2.0,47.2,225.0,700.0,0.0,0.0,1.0,1.0,0.0
7698,2013.0,2.0,47.2,226.0,700.0,0.0,0.0,1.0,1.0,0.0
7699,2013.0,2.0,47.2,227.0,700.0,0.0,0.0,1.0,1.0,0.0
7700,2013.0,2.0,47.2,228.0,700.0,0.0,0.0,1.0,1.0,0.0
7701,2013.0,2.0,47.2,229.0,700.0,0.0,0.0,1.0,1.0,0.0
7702,2013.0,2.0,47.2,230.0,700.0,0.0,0.0,1.0,1.0,0.0
7703,2013.0,2.0,47.2,231.0,700.0,0.0,0.0,1.0,1.0,0.0
7704,2013.0,2.0,47.2,232.0,700.0,0.0,0.0,1.0,1.0,0.0
7705,2013.0,2.0,47.2,233.0,700.0,0.0,0.0,1.0,1.0,0.0
7706,2013.0,2.0,47.2,234.0,700.0,0.0,0.0,1.0,1.0,0.0
7707,2013.0,2.0,47.2,235.0,700.0,0.0,0.0,1.0,1.0,0.0
7708,2013.0,2.0,47.2,236.0,700.0,0.0,0.0,1.0,1.0,0.0
7709,2013.0,2.0,47.2,237.0,700.0,0.0,0.0,1.0,1.0,0.0
7710,2013.0,2.0,47.2,238.0,700.0,0.0,0.0,1.0,1.0,0.0
7711,2013.0,2.0,47.2,239.0,700.0,0.0,0.0,1.0,1.0,0.0
7712,2013.0,2.0,47.2,240.0,700.0,0.0,0.0,1.0,1.0,0.0
7713,2013.0,2.0,47.2,241.0,700.0,0.0,0.0,1.0,1.0,0.0
7714,2013.0,2.0,47.2,242.0,700.0,0.0,0.0,1.0,1.0,0.0
7715,2013.0,2.0,47.2,243.0,700.0,0.0,0.0,1.0,1.0,0.0
7716,2013.0,2.0,47.2,244.0,700.0,0.0,0.0,1.0,1.0,0.0
7717,2013.0,2.0,47.2,245.0,700.0,0.0,0.0,1.0,1.0,0.0
7718,2013.0,2.0,47.2,246.0,700.0,0.0,0.0,1.0,1.0,0.0
7719,2013.0,2.0,47.2,247.0,700.0,0.0,0.0,1.0,1.0,0.0
7720,2013.0,2.0,47.2,248.0,700.0,0.0,0.0,1.0,1.0,0.0
7721,2013.0,2.0,47.2,249.0,700.0,0.0,0.0,1.0,1.0,0.0
7722,2013.0,2.0,47.2,250.0,700.0,0.0,0.0,1.0,1.0,0.0
7723,2013.0,2.0,47.2,251.0,700.0,0.0,0.0,1.0,1.0,0.0
7724,2013.0,2.0,47.2,252.0,700.0,0.0,0.0,1.0,1.0,0.0
7725,2013.0,2.0,47.2,253.0,700.0,0.0,0.0,1.0,1.0,0.0
7726,2013.0,2.0,47.2,254.0,700.0,0.0,0.0,1.0,1.0,0.0
7727,2013.0,2.0,47.2,255.0,700.0,0.0,0.0,1.0,1.0,0.0
7728,2013.0,2.0,47.2,256.0,700.0,0.0,0.0,1.0,1.0,0.0
7729,2013.0,2.0,47.2,257.0,700.0,0.0,0.0,1.0,1.0,0.0
7730,2013.0,2.0,47.2,258.0,700.0,0.0,0.0,1.0,1.0,0.0
7731,2013.0,2.0,47.2,259.0,700.0,0.0,0.0,1.0,1.0,0.0
7732,2013.0,2.0,47.2,260.0,700.0,0.0,0.0,1.0,1.0,0.0
7733,2013.0,2.0,47.2,261.0,700.0,0.0,0.0,1.0,1.0,0.0
7734,2013.0,2.0,47.2,262.0,700.0,0.0,0.0,1.0,1.0,0.0
7735,2013.0,2.0,47.2,263.0,700.0,0.0,0.0,1.0,1.0,0.0
7736,2013.0,2.0,47.2,264.0,700.0,0.0,0.0,1.0,1.0,0.0
7737,2013.0,2.0,47.2,265.0,700.0,0.0,0.0,1.0,1.0,0.0
7738,2013.0,2.0,47.2,266.0,700.0,0.0,0.0,1.0,1.0,0.0
7739,2013.0,2.0,47.2,267.0,700.0,0.0,0.0,1.0,1.0,0.0
7740,2013.0,2.0,47.2,268.0,700.0,0.0,0.0,1.0,1.0,0.0
7741,2013.0,2.0,47.2,269.0,700.0,0.0,0.0,1.0,1.0,0.0
7742,2013.0,2.0,47.2,270.0,700.0,0.0,0.0,1.0,1.0,0.0
7743,2013.0,2.0,47.2,271.0,700.0,0.0,0.0,1.0,1.0,0.0
7744,2013.0,2.0,47.2,272.0,700.0,0.0,0.0,1.0,1.0,0.0
7745,2013.0,2.0,47.2,273.0,700.0,0.0,0.0,1.0,1.0,0.0
7746,2013.0,2.0,47.2,274.0,700.0,0.0,0.0,1.0,1.0,0.0
7747,2013.0,2.0,47.2,275.0,700.0,0.0,0.0,1.0,1.0,0.0
7748,2013.0,2.0,47.2,276.0,700.0,0.0,0.0,1.0,1.0,0.0
7749,2013.0,2.0,47.2,277.0,700.0,0.0,0.0,1.0,1.0,0.0
7750,2013.0,2.0,47.2,278.0,700.0,0.0,0.0,1.0,1.0,0.0
7751,2013.0,2.0,47.2,279.0,700.0,0.0,0.0,1.0,1.0,0.0
7752,2013.0,2.0,47.2,280.0,700.0,0.0,0.0,1.0,1.0,0.0
7753,2013.0,2.0,47.2,281.0,700.0,0.0,0.0,1.0,1.0,0.0
7754,2013.0,2.0,47.2,282.0,700.0,0.0,0.0,1.0,1.0,0.0
7755,2013.0,2.0,47.2,283.0,700.0,0.0,0.0,1.0,1.0,0.0
7756,2013.0,2.0,47.2,284.0,700.0,0.0,0.0,1.0,1.0,0.0
7757,2013.0,2.0,47.2,285.0,700.0,0.0,0.0,1.0,1.0,0.0
7758,2013.0,2.0,47.2,286.0,700.0,0.0,0.0,1.0,1.0,0.0
7759,2013.0,2.0,47.2,287.0,700.0,0.0,0.0,1.0,1.0,0.0
7760,2013.0,2.0,47.2,288.0,700.0,0.0,0.0,1.0,1.0,0.0
7761,2013.0,2.0,47.2,289.0,700.0,0.0,0.0,1.0,1.0,0.0
7762,2013.0,2.0,47.2,290.0,700.0,0.0,0.0,1.0,1.0,0.0
7763,2013.0,2.0,47.2,291.0,700.0,0.0,0.0,1.0,1.0,0.0
7764,2013.0,2.0,47.2,292.0,700.0,0.0,0.0,1.0,1.0,0.0
7765,2013.0,2.0,47.2,293.0,700.0,0.0,0.0,1.0,1.0,0.0
7766,2013.0,2.0,47.2,294.0,700.0,0.0,0.0,1.0,1.0,0.0
7767,2013.0,2.0,47.2,295.0,700.0,0.0,0.0,1.0,1.0,0.0
7768,2013.0,2.0,47.2,296.0,700.0,0.0,0.0,1.0,1.0,0.0
7769,2013.0,2.0,47.2,297.0,700.0,0.0,0.0,1.0,1.0,0.0
7770,2013.0,2.0,47.2,298.0,700.0,0.0,0.0,1.0,1.0,0.0
7771,2013.0,2.0,47.2,299.0,700.0,0.0,0.0,1.0,1.0,0.0
7772,2013.0,2.0,47.2,300.0,700.0,0.0,0.0,1.0,1.0,0.0
7773,2013.0,2.0,47.2,301.0,700.0,0.0,0.0,1.0,1.0,0.0
7774,2013.0,2.0,47.2,302.0,700.0,0.0,0.0,1.0,1.0,0.0
7775,2013.0,2.0,47.2,303.0,700.0,0.0,0.0,1.0,1.0,0.0
7776,2013.0,2.0,47.2,304.0,700.0,0.0,0.0,1.0,1.0,0.0
7777,2013.0,2.0,47.2,305.0,700.0,0.0,0.0,1.0,1.0,0.0
7778,2013.0,2.0,47.2,306.0,700.0,0.0,0.0,1.0,1.0,0.0
7779,2013.0,2.0,47.2,307.0,700.0,0.0,0.0,1.0,1.0,0.0
7780,2013.0,2.0,47.2,308.0,700.0,0.0,0.0,1.0,1.0,0.0
7781,2013.0,2.0,47.2,309.0,700.0,0.0,0.0,1.0,1.0,0.0
7782,2013.0,2.0,47.2,310.0,700.0,0.0,0.0,1.0,1.0,0.0
7783,2013.0,2.0,47.2,311.0,700.0,0.0,0.0,1.0,1.0,0.0
7784,2013.0,2.0,47.2,312.0,700.0,0.0,0.0,1.0,1.0,0.0
7785,2013.0,2.0,47.2,313.0,700.0,0.0,0.0,1.0,1.0,0.0
7786,2013.0,2.0,47.2,314.0,700.0,0.0,0.0,1.0,1.0,0.0
7787,2013.0,2.0,47.2,315.0,700.0,0.0,0.0,1.0,1.0,0.0
7788,2013.0,2.0,47.2,316.0,700.0,0.0,0.0,1.0,1.0,0.0
7789,2013.0,2.0,47.2,317.0,700.0,0.0,0.0,1.0,1.0,0.0
7790,2013.0,2.0,47.2,318.0,700.0,0.0,0.0,1.0,1.0,0.0
7791,2013.0,2.0,47.2,319.0,700.0,0.0,0.0,1.0,1.0,0.0
7792,2013.0,2.0,47.2,320.0,700.0,0.0,0.0,1.0,1.0,0.0
7793,2013.0,2.0,47.2,321.0,700.0,0.0,0.0,1.0,1.0,0.0
7794,2013.0,2.0,47.2,322.0,700.0,0.0,0.0,1.0,1.0,0.0
7795,2013.0,2.0,47.2,323.0,700.0,0.0,0.0,1.0,1.0,0.0
7796,2013.0,2.0,47.2,324.0,700.0,0.0,0.0,1.0,1.0,0.0
7797,2013.0,2.0,47.2,325.0,700.0,0.0,0.0,1.0,1.0,0.0
7798,2013.0,2.0,47.2,326.0,700.0,0.0,0.0,1.0,1.0,0.0
7799,2013.0,2.0,47.2,327.0,700.0,0.0,0.0,1.0,1.0,0.0
7800,2013.0,2.0,47.2,328.0,700.0,0.0,0.0,1.0,1.0,0.0
7801,2013.0,2.0,47.2,329.0,700.0,0.0,0.0,1.0,1.0,0.0
7802,2013.0,2.0,47.2,330.0,700.0,0.0,0.0,1.0,1.0,0.0
7803,2013.0,2.0,47.2,331.0,700.0,0.0,0.0,1.0,1.0,0.0
7804,2013.0,2.0,47.2,332.0,700.0,0.0,0.0,1.0,1.0,0.0
7805,2013.0,2.0,47.2,333.0,700.0,0.0,0.0,1.0,1.0,0.0
7806,2013.0,2.0,47.2,334.0,700.0,0.0,0.0,1.0,1.0,0.0
7807,2013.0,2.0,47.2,335.0,700.0,0.0,0.0,1.0,1.0,0.0
7808,2013.0,2.0,47.2,336.0,700.0,0.0,0.0,1.0,1.0,0.0
7809,2013.0,2.0,47.2,337.0,700.0,0.0,0.0,1.0,1.0,0.0
7810,2013.0,2.0,47.2,338.0,700.0,0.0,0.0,1.0,1.0,0.0
7811,2013.0,2.0,47.2,339.0,700.0,0.0,0.0,1.0,1.0,0.0
7812,2013.0,2.0,47.2,340.0,700.0,0.0,0.0,1.0,1.0,0.0
7813,2013.0,2.0,47.2,341.0,700.0,0.0,0.0,1.0,1.0,0.0
7814,2013.0,2.0,47.2,342.0,700.0,0.0,0.0,1.0,1.0,0.0
7815,2013.0,2.0,47.2,343.0,700.0,0.0,0.0,1.0,1.0,0.0
7816,2013.0,2.0,47.2,344.0,700.0,0.0,0.0,1.0,1.0,0.0
7817,2013.0,2.0,47.2,345.0,700.0,0.0,0.0,1.0,1.0,0.0
7818,2013.0,2.0,47.2,346.0,700.0,0.0,0.0,1.0,1.0,0.0
7819,2013.0,2.0,47.2,347.0,700.0,0.0,0.0,1.0,1.0,0.0
7820,2013.0,2.0,47.2,348.0,700.0,0.0,0.0,1.0,1.0,0.0
7821,2013.0,2.0,47.2,349.0,700.0,0.0,0.0,1.0,1.0,0.0
7822,2013.0,2.0,47.2,350.0,700.0,0.0,0.0,1.0,1.0,0.0
7823,2013.0,2.0,47.2,351.0,700.0,0.0,0.0,1.0,1.0,0.0
7824,2013.0,2.0,47.2,352.0,700.0,0.0,0.0,1.0,1.0,0.0
7825,2013.0,2.0,47.2,353.0,700.0,0.0,0.0,1.0,1.0,0.0
7826,2013.0,2.0,47.2,354.0,700.0,0.0,0.0,1.0,1.0,0.0
7827,2013.0,2.0,47.2,355.0,700.0,0.0,0.0,1.0,1.0,0.0
7828,2013.0,2.0,47.2,356.0,700.0,0.0,0.0,1.0,1.0,0.0
7829,2013.0,2.0,47.2,357.0,700.0,0.0,0.0,1.0,1.0,0.0
7830,2013.0,2.0,47.2,358.0,700.0,0.0,0.0,1.0,1.0,0.0
7831,2013.0,2.0,47.2,359.0,700.0,0.0,0.0,1.0,1.0,0.0
7832,2013.0,2.0,47.2,360.0,700.0,0.0,0.0,1.0,1.0,0.0
7833,2013.0,2.0,47.2,361.0,700.0,0.0,0.0,1.0,1.0,0.0
7834,2013.0,2.0,47.2,362.0,700.0,0.0,0.0,1.0,1.0,0.0
7835,2013.0,2.0,47.2,363.0,700.0,0.0,0.0,1.0,1.0,0.0
7836,2013.0,2.0,47.2,364.0,700.0,0.0,0.0,1.0,1.0,0.0
7837,2013.0,2.0,47.2,365.0,700.0,0.0,0.0,1.0,1.0,0.0
7838,2013.0,2.0,47.2,366.0,700.0,0.0,0.0,1.0,1.0,0.0
7839,2013.0,2.0,47.2,367.0,700.0,0.0,0.0,1.0,1.0,0.0
7840,2013.0,2.0,47.2,368.0,700.0,0.0,0.0,1.0,1.0,0.0
7841,2013.0,2.0,47.2,369.0,700.0,0.0,0.0,1.0,1.0,0.0
7842,2013.0,2.0,47.2,370.0,700.0,0.0,0.0,1.0,1.0,0.0
7843,2013.0,2.0,47.2,371.0,700.0,0.0,0.0,1.0,1.0,0.0
7844,2013.0,2.0,47.2,372.0,700.0,0.0,0.0,1.0,1.0,0.0
7845,2013.0,2.0,47.2,373.0,700.0,0.0,0.0,1.0,1.0,0.0
7846,2013.0,2.0,47.2,374.0,700.0,0.0,0.0,1.0,1.0,0.0
7847,2013.0,2.0,47.2,375.0,700.0,0.0,0.0,1.0,1.0,0.0
7848,2013.0,2.0,47.2,376.0,700.0,0.0,0.0,1.0,1.0,0.0
7849,2013.0,2.0,47.2,377.0,700.0,0.0,0.0,1.0,1.0,0.0
7850,2013.0,2.0,47.2,378.0,700.0,0.0,0.0,1.0,1.0,0.0
7851,2013.0,2.0,47.2,379.0,700.0,0.0,0.0,1.0,1.0,0.0
7852,2013.0,2.0,47.2,380.0,700.0,0.0,0.0,1.0,1.0,0.0
7853,2013.0,2.0,47.2,381.0,700.0,0.0,0.0,1.0,1.0,0.0
7854,2013.0,2.0,47.2,382.0,700.0,0.0,0.0,1.0,1.0,0.0
7855,2013.0,2.0,47.2,383.0,700.0,0.0,0.0,1.0,1.0,0.0
7856,2013.0,2.0,47.2,384.0,700.0,0.0,0.0,1.0,1.0,0.0
7857,2013.0,2.0,47.2,385.0,700.0,0.0,0.0,1.0,1.0,0.0
7858,2013.0,2.0,47.2,386.0,700.0,0.0,0.0,1.0,1.0,0.0
7859,2013.0,2.0,47.2,387.0,700.0,0.0,0.0,1.0,1.0,0.0
7860,2013.0,2.0,47.2,388.0,700.0,0.0,0.0,1.0,1.0,0.0
7861,2013.0,2.0,47.2,389.0,700.0,0.0,0.0,1.0,1.0,0.0
7862,2013.0,2.0,47.2,390.0,700.0,0.0,0.0,1.0,1.0,0.0
7863,2013.0,2.0,47.2,391.0,700.0,0.0,0.0,1.0,1.0,0.0
7864,2013.0,2.0,47.2,392.0,700.0,0.0,0.0,1.0,1.0,0.0
7865,2013.0,2.0,47.2,393.0,700.0,0.0,0.0,1.0,1.0,0.0
7866,2013.0,2.0,47.2,394.0,700.0,0.0,0.0,1.0,1.0,0.0
7867,2013.0,2.0,47.2,395.0,700.0,0.0,0.0,1.0,1.0,0.0
7868,2013.0,2.0,47.2,396.0,700.0,0.0,0.0,1.0,1.0,0.0
7869,2013.0,2.0,47.2,397.0,700.0,0.0,0.0,1.0,1.0,0.0
7870,2013.0,2.0,47.2,398.0,700.0,0.0,0.0,1.0,1.0,0.0
7871,2013.0,2.0,47.2,399.0,700.0,0.0,0.0,1.0,1.0,0.0
7872,2013.0,2.0,47.2,400.0,700.0,0.0,0.0,1.0,1.0,0.0
7873,2013.0,2.0,47.2,401.0,700.0,0.0,0.0,1.0,1.0,0.0
7874,2013.0,2.0,47.2,402.0,700.0,0.0,0.0,1.0,1.0,0.0
7875,2013.0,2.0,47.2,403.0,700.0,0.0,0.0,1.0,1.0,0.0
7876,2013.0,2.0,47.2,404.0,700.0,0.0,0.0,1.0,1.0,0.0
7877,2013.0,2.0,47.2,405.0,700.0,0.0,0.0,1.0,1.0,0.0
7878,2013.0,2.0,47.2,406.0,700.0,0.0,0.0,1.0,1.0,0.0
7879,2013.0,2.0,47.2,407.0,700.0,0.0,0.0,1.0,1.0,0.0
7880,2013.0,2.0,47.2,408.0,700.0,0.0,0.0,1.0,1.0,0.0
7881,2013.0,2.0,47.2,409.0,700.0,0.0,0.0,1.0,1.0,0.0
7882,2013.0,2.0,47.2,410.0,700.0,0.0,0.0,1.0,1.0,0.0
7883,2013.0,2.0,47.2,411.0,700.0,0.0,0.0,1.0,1.0,0.0
7884,2013.0,2.0,47.2,412.0,700.0,0.0,0.0,1.0,1.0,0.0
7885,2013.0,2.0,47.2,413.0,700.0,0.0,0.0,1.0,1.0,0.0
7886,2013.0,2.0,47.2,414.0,700.0,0.0,0.0,1.0,1.0,0.0
7887,2013.0,2.0,47.2,415.0,700.0,0.0,0.0,1.0,1.0,0.0
7888,2013.0,2.0,47.2,416.0,700.0,0.0,0.0,1.0,1.0,0.0
7889,2013.0,2.0,47.2,417.0,700.0,0.0,0.0,1.0,1.0,0.0
7890,2013.0,2.0,47.2,418.0,700.0,0.0,0.0,1.0,1.0,0.0
7891,2013.0,2.0,47.2,419.0,700.0,0.0,0.0,1.0,1.0,0.0
7892,2013.0,2.0,47.2,420.0,700.0,0.0,0.0,1.0,1.0,0.0
7893,2013.0,2.0,47.2,421.0,700.0,0.0,0.0,1.0,1.0,0.0
7894,2013.0,2.0,47.2,422.0,700.0,0.0,0.0,1.0,1.0,0.0
7895,2013.0,2.0,47.2,423.0,700.0,0.0,0.0,1.0,1.0,0.0
7896,2013.0,2.0,47.2,424.0,700.0,0.0,0.0,1.0,1.0,0.0
7897,2013.0,2.0,47.2,425.0,700.0,0.0,0.0,1.0,1.0,0.0
7898,2013.0,2.0,47.2,426.0,700.0,0.0,0.0,1.0,1.0,0.0
7899,2013.0,2.0,47.2,427.0,700.0,0.0,0.0,1.0,1.0,0.0
7900,2013.0,2.0,47.2,428.0,700.0,0.0,0.0,1.0,1.0,0.0
7901,2013.0,2.0,47.2,429.0,700.0,0.0,0.0,1.0,1.0,0.0
7902,2013.0,2.0,47.2,430.0,700.0,0.0,0.0,1.0,1.0,0.0
7903,2013.0,2.0,47.2,431.0,700.0,0.0,0.0,1.0,1.0,0.0
7904,2013.0,2.0,47.2,432.0,700.0,0.0,0.0,1.0,1.0,0.0
7905,2013.0,2.0,47.2,433.0,700.0,0.0,0.0,1.0,1.0,0.0
7906,2013.0,2.0,47.2,434.0,700.0,0.0,0.0,1.0,1.0,0.0
7907,2013.0,2.0,47.2,435.0,700.0,0.0,0.0,1.0,1.0,0.0
7908,2013.0,2.0,47.2,436.0,700.0,0.0,0.0,1.0,1.0,0.0
7909,2013.0,2.0,47.2,437.0,700.0,0.0,0.0,1.0,1.0,0.0
7910,2013.0,2.0,47.2,438.0,700.0,0.0,0.0,1.0,1.0,0.0
7911,2013.0,2.0,47.2,439.0,700.0,0.0,0.0,1.0,1.0,0.0
7912,2013.0,2.0,47.2,440.0,700.0,0.0,0.0,1.0,1.0,0.0
7913,2013.0,2.0,47.2,441.0,700.0,0.0,0.0,1.0,1.0,0.0
7914,2013.0,2.0,47.2,442.0,700.0,0.0,0.0,1.0,1.0,0.0
7915,2013.0,2.0,47.2,443.0,700.0,0.0,0.0,1.0,1.0,0.0
7916,2013.0,2.0,47.2,444.0,700.0,0.0,0.0,1.0,1.0,0.0
7917,2013.0,2.0,47.2,445.0,700.0,0.0,0.0,1.0,1.0,0.0
7918,2013.0,2.0,47.2,446.0,700.0,0.0,0.0,1.0,1.0,0.0
7919,2013.0,2.0,47.2,447.0,700.0,0.0,0.0,1.0,1.0,0.0
7920,2013.0,2.0,47.2,448.0,700.0,0.0,0.0,1.0,1.0,0.0
7921,2013.0,2.0,47.2,449.0,700.0,0.0,0.0,1.0,1.0,0.0
7922,2013.0,2.0,47.2,450.0,700.0,0.0,0.0,1.0,1.0,0.0
7923,2013.0,2.0,47.2,451.0,700.0,0.0,0.0,1.0,1.0,0.0
7924,2013.0,2.0,47.2,452.0,700.0,0.0,0.0,1.0,1.0,0.0
7925,2013.0,2.0,47.2,453.0,700.0,0.0,0.0,1.0,1.0,0.0
7926,2013.0,2.0,47.2,454.0,700.0,0.0,0.0,1.0,1.0,0.0
7927,2013.0,2.0,47.2,455.0,700.0,0.0,0.0,1.0,1.0,0.0
7928,2013.0,2.0,47.2,456.0,700.0,0.0,0.0,1.0,1.0,0.0
7929,2013.0,2.0,47.2,457.0,700.0,0.0,0.0,1.0,1.0,0.0
7930,2013.0,2.0,47.2,458.0,700.0,0.0,0.0,1.0,1.0,0.0
7931,2013.0,2.0,47.2,459.0,700.0,0.0,0.0,1.0,1.0,0.0
7932,2013.0,2.0,47.2,460.0,700.0,0.0,0.0,1.0,1.0,0.0
7933,2013.0,2.0,47.2,461.0,700.0,0.0,0.0,1.0,1.0,0.0
7934,2013.0,2.0,47.2,462.0,700.0,0.0,0.0,1.0,1.0,0.0
7935,2013.0,2.0,47.2,463.0,700.0,0.0,0.0,1.0,1.0,0.0
7936,2013.0,2.0,47.2,464.0,700.0,0.0,0.0,1.0,1.0,0.0
7937,2013.0,2.0,47.2,465.0,700.0,0.0,0.0,1.0,1.0,0.0
7938,2013.0,2.0,47.2,466.0,700.0,0.0,0.0,1.0,1.0,0.0
7939,2013.0,2.0,47.2,467.0,700.0,0.0,0.0,1.0,1.0,0.0
7940,2013.0,2.0,47.2,468.0,700.0,0.0,0.0,1.0,1.0,0.0
7941,2013.0,2.0,47.2,469.0,700.0,0.0,0.0,1.0,1.0,0.0
7942,2013.0,2.0,47.2,470.0,700.0,0.0,0.0,1.0,1.0,0.0
7943,2013.0,2.0,47.2,471.0,700.0,0.0,0.0,1.0,1.0,0.0
7944,2013.0,2.0,47.2,472.0,700.0,0.0,0.0,1.0,1.0,0.0
7945,2013.0,2.0,47.2,473.0,700.0,0.0,0.0,1.0,1.0,0.0
7946,2013.0,2.0,47.2,474.0,700.0,0.0,0.0,1.0,1.0,0.0
7947,2013.0,2.0,47.2,475.0,700.0,0.0,0.0,1.0,1.0,0.0
7948,2013.0,2.0,47.2,476.0,700.0,0.0,0.0,1.0,1.0,0.0
7949,2013.0,2.0,47.2,477.0,700.0,0.0,0.0,1.0,1.0,0.0
7950,2013.0,2.0,47.2,478.0,700.0,0.0,0.0,1.0,1.0,0.0
7951,2013.0,2.0,47.2,479.0,700.0,0.0,0.0,1.0,1.0,0.0
7952,2013.0,2.0,47.2,480.0,700.0,0.0,0.0,1.0,1.0,0.0
7953,2013.0,2.0,47.2,481.0,700.0,0.0,0.0,1.0,1.0,0.0
7954,2013.0,2.0,47.2,482.0,700.0,0.0,0.0,1.0,1.0,0.0
7955,2013.0,2.0,47.2,483.0,700.0,0.0,0.0,1.0,1.0,0.0
7956,2013.0,2.0,47.2,484.0,700.0,0.0,0.0,1.0,1.0,0.0
7957,2013.0,2.0,47.2,485.0,700.0,0.0,0.0,1.0,1.0,0.0
7958,2013.0,2.0,47.2,486.0,700.0,0.0,0.0,1.0,1.0,0.0
7959,2013.0,2.0,47.2,487.0,700.0,0.0,0.0,1.0,1.0,0.0
7960,2013.0,2.0,47.2,488.0,700.0,0.0,0.0,1.0,1.0,0.0
7961,2013.0,2.0,47.2,489.0,700.0,0.0,0.0,1.0,1.0,0.0
7962,2013.0,2.0,47.2,490.0,700.0,0.0,0.0,1.0,1.0,0.0
7963,2013.0,2.0,47.2,491.0,700.0,0.0,0.0,1.0,1.0,0.0
7964,2013.0,2.0,47.2,492.0,700.0,0.0,0.0,1.0,1.0,0.0
7965,2013.0,2.0,47.2,493.0,700.0,0.0,0.0,1.0,1.0,0.0
7966,2013.0,2.0,47.2,494.0,700.0,0.0,0.0,1.0,1.0,0.0
7967,2013.0,2.0,47.2,495.0,700.0,0.0,0.0,1.0,1.0,0.0
7968,2013.0,2.0,47.2,496.0,700.0,0.0,0.0,1.0,1.0,0.0
7969,2013.0,2.0,47.2,497.0,700.0,0.0,0.0,1.0,1.0,0.0
7970,2013.0,2.0,47.2,498.0,700.0,0.0,0.0,1.0,1.0,0.0
7971,2013.0,2.0,47.2,499.0,700.0,0.0,0.0,1.0,1.0,0.0
7972,2013.0,2.0,47.2,500.0,700.0,0.0,0.0,1.0,1.0,0.0
7973,2013.0,2.0,47.2,501.0,700.0,0.0,0.0,1.0,1.0,0.0
7974,2013.0,2.0,47.2,502.0,700.0,0.0,0.0,1.0,1.0,0.0
7975,2013.0,2.0,47.2,503.0,700.0,0.0,0.0,1.0,1.0,0.0
7976,2013.0,2.0,47.2,504.0,700.0,0.0,0.0,1.0,1.0,0.0
7977,2013.0,2.0,47.2,505.0,700.0,0.0,0.0,1.0,1.0,0.0
7978,2013.0,2.0,47.2,506.0,700.0,0.0,0.0,1.0,1.0,0.0
7979,2013.0,2.0,47.2,507.0,700.0,0.0,0.0,1.0,1.0,0.0
7980,2013.0,2.0,47.2,508.0,700.0,0.0,0.0,1.0,1.0,0.0
7981,2013.0,2.0,47.2,509.0,700.0,0.0,0.0,1.0,1.0,0.0
7982,2013.0,2.0,47.2,510.0,700.0,0.0,0.0,1.0,1.0,0.0
7983,2013.0,2.0,47.2,511.0,700.0,0.0,0.0,1.0,1.0,0.0
7984,2013.0,2.0,47.2,512.0,700.0,0.0,0.0,1.0,1.0,0.0
7985,2013.0,2.0,47.2,513.0,700.0,0.0,0.0,1.0,1.0,0.0
7986,2013.0,2.0,47.2,514.0,700.0,0.0,0.0,1.0,1.0,0.0
7987,2013.0,2.0,47.2,515.0,700.0,0.0,0.0,1.0,1.0,0.0
7988,2013.0,2.0,47.2,516.0,700.0,0.0,0.0,1.0,1.0,0.0
7989,2013.0,2.0,47.2,517.0,700.0,0.0,0.0,1.0,1.0,0.0
7990,2013.0,2.0,47.2,518.0,700.0,0.0,0.0,1.0,1.0,0.0
7991,2013.0,2.0,47.2,519.0,700.0,0.0,0.0,1.0,1.0,0.0
7992,2013.0,2.0,47.2,520.0,700.0,0.0,0.0,1.0,1.0,0.0
7993,2013.0,2.0,47.2,521.0,700.0,0.0,0.0,1.0,1.0,0.0
7994,2013.0,2.0,47.2,522.0,700.0,0.0,0.0,1.0,1.0,0.0
7995,2013.0,2.0,47.2,523.0,700.0,0.0,0.0,1.0,1.0,0.0
7996,2013.0,2.0,47.2,524.0,700.0,0.0,0.0,1.0,1.0,0.0
7997,2013.0,2.0,47.2,525.0,700.0,0.0,0.0,1.0,1.0,0.0
7998,2013.0,2.0,47.2,526.0,700.0,0.0,0.0,1.0,1.0,0.0
7999,2013.0,2.0,47.2,527.0,700.0,0.0,0.0,1.0,1.0,0.0
8000,2013.0,2.0,47.2,528.0,700.0,0.0,0.0,1.0,1.0,0.0
8001,2013.0,2.0,47.2,529.0,700.0,0.0,0.0,1.0,1.0,0.0
8002,2013.0,2.0,47.2,530.0,700.0,0.0,0.0,1.0,1.0,0.0
8003,2013.0,2.0,47.2,531.0,700.0,0.0,0.0,1.0,1.0,0.0
8004,2013.0,2.0,47.2,532.0,700.0,0.0,0.0,1.0,1.0,0.0
8005,2013.0,2.0,47.2,533.0,700.0,0.0,0.0,1.0,1.0,0.0
8006,2013.0,2.0,47.2,534.0,700.0,0.0,0.0,1.0,1.0,0.0
8007,2013.0,2.0,47.2,535.0,700.0,0.0,0.0,1.0,1.0,0.0
8008,2013.0,2.0,47.2,536.0,700.0,0.0,0.0,1.0,1.0,0.0
8009,2013.0,2.0,47.2,537.0,700.0,0.0,0.0,1.0,1.0,0.0
8010,2013.0,2.0,47.2,538.0,700.0,0.0,0.0,1.0,1.0,0.0
8011,2013.0,2.0,47.2,539.0,700.0,0.0,0.0,1.0,1.0,0.0
8012,2013.0,2.0,47.2,540.0,700.0,0.0,0.0,1.0,1.0,0.0
8013,2013.0,2.0,47.2,541.0,700.0,0.0,0.0,1.0,1.0,0.0
8014,2013.0,2.0,47.2,542.0,700.0,0.0,0.0,1.0,1.0,0.0
8015,2013.0,2.0,47.2,543.0,700.0,0.0,0.0,1.0,1.0,0.0
8016,2013.0,2.0,47.2,544.0,700.0,0.0,0.0,1.0,1.0,0.0
8017,2013.0,2.0,47.2,545.0,700.0,0.0,0.0,1.0,1.0,0.0
8018,2013.0,2.0,47.2,546.0,700.0,0.0,0.0,1.0,1.0,0.0
8019,2013.0,2.0,47.2,547.0,700.0,0.0,0.0,1.0,1.0,0.0
8020,2013.0,2.0,47.2,548.0,700.0,0.0,0.0,1.0,1.0,0.0
8021,2013.0,2.0,47.2,549.0,700.0,0.0,0.0,1.0,1.0,0.0
8022,2013.0,2.0,47.2,550.0,700.0,0.0,0.0,1.0,1.0,0.0
8023,2013.0,2.0,47.2,551.0,700.0,0.0,0.0,1.0,1.0,0.0
8024,2013.0,2.0,47.2,552.0,700.0,0.0,0.0,1.0,1.0,0.0
8025,2013.0,2.0,47.2,553.0,700.0,0.0,0.0,1.0,1.0,0.0
8026,2013.0,2.0,47.2,554.0,700.0,0.0,0.0,1.0,1.0,0.0
8027,2013.0,2.0,47.2,555.0,700.0,0.0,0.0,1.0,1.0,0.0
8028,2013.0,2.0,47.2,556.0,700.0,0.0,0.0,1.0,1.0,0.0
8029,2013.0,2.0,47.2,557.0,700.0,0.0,0.0,1.0,1.0,0.0
8030,2013.0,2.0,47.2,558.0,700.0,0.0,0.0,1.0,1.0,0.0
8031,2013.0,2.0,47.2,559.0,700.0,0.0,0.0,1.0,1.0,0.0
8032,2013.0,2.0,47.2,560.0,700.0,0.0,0.0,1.0,1.0,0.0
8033,2013.0,2.0,47.2,561.0,700.0,0.0,0.0,1.0,1.0,0.0
8034,2013.0,2.0,47.2,562.0,700.0,0.0,0.0,1.0,1.0,0.0
8035,2013.0,2.0,47.2,563.0,700.0,0.0,0.0,1.0,1.0,0.0
8036,2013.0,2.0,47.2,564.0,700.0,0.0,0.0,1.0,1.0,0.0
8037,2013.0,2.0,47.2,565.0,700.0,0.0,0.0,1.0,1.0,0.0
8038,2013.0,2.0,47.2,566.0,700.0,0.0,0.0,1.0,1.0,0.0
8039,2013.0,2.0,47.2,567.0,700.0,0.0,0.0,1.0,1.0,0.0
8040,2013.0,2.0,47.2,568.0,700.0,0.0,0.0,1.0,1.0,0.0
8041,2013.0,2.0,47.2,569.0,700.0,0.0,0.0,1.0,1.0,0.0
8042,2013.0,2.0,47.2,570.0,700.0,0.0,0.0,1.0,1.0,0.0
8043,2013.0,2.0,47.2,571.0,700.0,0.0,0.0,1.0,1.0,0.0
8044,2013.0,2.0,47.2,572.0,700.0,0.0,0.0,1.0,1.0,0.0
8045,2013.0,2.0,47.2,573.0,700.0,0.0,0.0,1.0,1.0,0.0
8046,2013.0,2.0,47.2,574.0,700.0,0.0,0.0,1.0,1.0,0.0
8047,2013.0,2.0,47.2,575.0,700.0,0.0,0.0,1.0,1.0,0.0
8048,2013.0,2.0,47.2,576.0,700.0,0.0,0.0,1.0,1.0,0.0
8049,2013.0,2.0,47.2,577.0,700.0,0.0,0.0,1.0,1.0,0.0
8050,2013.0,2.0,47.2,578.0,700.0,0.0,0.0,1.0,1.0,0.0
8051,2013.0,2.0,47.2,579.0,700.0,0.0,0.0,1.0,1.0,0.0
8052,2013.0,2.0,47.2,580.0,700.0,0.0,0.0,1.0,1.0,0.0
8053,2013.0,2.0,47.2,581.0,700.0,0.0,0.0,1.0,1.0,0.0
8054,2013.0,2.0,47.2,582.0,700.0,0.0,0.0,1.0,1.0,0.0
8055,2013.0,2.0,47.2,583.0,700.0,0.0,0.0,1.0,1.0,0.0
8056,2013.0,2.0,47.2,584.0,700.0,0.0,0.0,1.0,1.0,0.0
8057,2013.0,2.0,47.2,585.0,700.0,0.0,0.0,1.0,1.0,0.0
8058,2013.0,2.0,47.2,586.0,700.0,0.0,0.0,1.0,1.0,0.0
8059,2013.0,2.0,47.2,587.0,700.0,0.0,0.0,1.0,1.0,0.0
8060,2013.0,2.0,47.2,588.0,700.0,0.0,0.0,1.0,1.0,0.0
8061,2013.0,2.0,47.2,589.0,700.0,0.0,0.0,1.0,1.0,0.0
8062,2013.0,2.0,47.2,590.0,700.0,0.0,0.0,1.0,1.0,0.0
8063,2013.0,2.0,47.2,591.0,700.0,0.0,0.0,1.0,1.0,0.0
8064,2013.0,2.0,47.2,592.0,700.0,0.0,0.0,1.0,1.0,0.0
8065,2013.0,2.0,47.2,593.0,700.0,0.0,0.0,1.0,1.0,0.0
8066,2013.0,2.0,47.2,594.0,700.0,0.0,0.0,1.0,1.0,0.0
8067,2013.0,2.0,47.2,595.0,700.0,0.0,0.0,1.0,1.0,0.0
8068,2013.0,2.0,47.2,596.0,700.0,0.0,0.0,1.0,1.0,0.0
8069,2013.0,2.0,47.2,597.0,700.0,0.0,0.0,1.0,1.0,0.0
8070,2013.0,2.0,47.2,598.0,700.0,0.0,0.0,1.0,1.0,0.0
8071,2013.0,2.0,47.2,599.0,700.0,0.0,0.0,1.0,1.0,0.0
8072,2013.0,2.0,47.2,600.0,700.0,0.0,0.0,1.0,1.0,0.0
8073,2013.0,2.0,47.2,601.0,700.0,0.0,0.0,1.0,1.0,0.0
8074,2013.0,2.0,47.2,602.0,700.0,0.0,0.0,1.0,1.0,0.0
8075,2013.0,2.0,47.2,603.0,700.0,0.0,0.0,1.0,1.0,0.0
8076,2013.0,2.0,47.2,604.0,700.0,0.0,0.0,1.0,1.0,0.0
8077,2013.0,2.0,47.2,605.0,700.0,0.0,0.0,1.0,1.0,0.0
8078,2013.0,2.0,47.2,606.0,700.0,0.0,0.0,1.0,1.0,0.0
8079,2013.0,2.0,47.2,607.0,700.0,0.0,0.0,1.0,1.0,0.0
8080,2013.0,2.0,47.2,608.0,700.0,0.0,0.0,1.0,1.0,0.0
8081,2013.0,2.0,47.2,609.0,700.0,0.0,0.0,1.0,1.0,0.0
8082,2013.0,2.0,47.2,610.0,700.0,0.0,0.0,1.0,1.0,0.0
8083,2013.0,2.0,47.2,611.0,700.0,0.0,0.0,1.0,1.0,0.0
8084,2013.0,2.0,47.2,612.0,700.0,0.0,0.0,1.0,1.0,0.0
8085,2013.0,2.0,47.2,613.0,700.0,0.0,0.0,1.0,1.0,0.0
8086,2013.0,2.0,47.2,614.0,700.0,0.0,0.0,1.0,1.0,0.0
8087,2013.0,2.0,47.2,615.0,700.0,0.0,0.0,1.0,1.0,0.0
8088,2013.0,2.0,47.2,616.0,700.0,0.0,0.0,1.0,1.0,0.0
8089,2013.0,2.0,47.2,617.0,700.0,0.0,0.0,1.0,1.0,0.0
8090,2013.0,2.0,47.2,618.0,700.0,0.0,0.0,1.0,1.0,0.0
8091,2013.0,2.0,47.2,619.0,700.0,0.0,0.0,1.0,1.0,0.0
8092,2013.0,2.0,47.2,620.0,700.0,0.0,0.0,1.0,1.0,0.0
8093,2013.0,2.0,47.2,621.0,700.0,0.0,0.0,1.0,1.0,0.0
8094,2013.0,2.0,47.2,622.0,700.0,0.0,0.0,1.0,1.0,0.0
8095,2013.0,2.0,47.2,623.0,700.0,0.0,0.0,1.0,1.0,0.0
8096,2013.0,2.0,47.2,624.0,700.0,0.0,0.0,1.0,1.0,0.0
8097,2013.0,2.0,47.2,625.0,700.0,0.0,0.0,1.0,1.0,0.0
8098,2013.0,2.0,47.2,626.0,700.0,0.0,0.0,1.0,1.0,0.0
8099,2013.0,2.0,47.2,627.0,700.0,0.0,0.0,1.0,1.0,0.0
8100,2013.0,2.0,47.2,628.0,700.0,0.0,0.0,1.0,1.0,0.0
8101,2013.0,2.0,47.2,629.0,700.0,0.0,0.0,1.0,1.0,0.0
8102,2013.0,2.0,47.2,630.0,700.0,0.0,0.0,1.0,1.0,0.0
8103,2013.0,2.0,47.2,631.0,700.0,0.0,0.0,1.0,1.0,0.0
8104,2013.0,2.0,47.2,632.0,700.0,0.0,0.0,1.0,1.0,0.0
8105,2013.0,2.0,47.2,633.0,700.0,0.0,0.0,1.0,1.0,0.0
8106,2013.0,2.0,47.2,634.0,700.0,0.0,0.0,1.0,1.0,0.0
8107,2013.0,2.0,47.2,635.0,700.0,0.0,0.0,1.0,1.0,0.0
8108,2013.0,2.0,47.2,636.0,700.0,0.0,0.0,1.0,1.0,0.0
8109,2013.0,2.0,47.2,637.0,700.0,0.0,0.0,1.0,1.0,0.0
8110,2013.0,2.0,47.2,638.0,700.0,0.0,0.0,1.0,1.0,0.0
8111,2013.0,2.0,47.2,639.0,700.0,0.0,0.0,1.0,1.0,0.0
8112,2013.0,2.0,47.2,640.0,700.0,0.0,0.0,1.0,1.0,0.0
8113,2013.0,2.0,47.2,641.0,700.0,0.0,0.0,1.0,1.0,0.0
8114,2013.0,2.0,47.2,642.0,700.0,0.0,0.0,1.0,1.0,0.0
8115,2013.0,2.0,47.2,643.0,700.0,0.0,0.0,1.0,1.0,0.0
8116,2013.0,2.0,47.2,644.0,700.0,0.0,0.0,1.0,1.0,0.0
8117,2013.0,2.0,47.2,645.0,700.0,0.0,0.0,1.0,1.0,0.0
8118,2013.0,2.0,47.2,646.0,700.0,0.0,0.0,1.0,1.0,0.0
8119,2013.0,2.0,47.2,647.0,700.0,0.0,0.0,1.0,1.0,0.0
8120,2013.0,2.0,47.2,648.0,700.0,0.0,0.0,1.0,1.0,0.0
8121,2013.0,2.0,47.2,649.0,700.0,0.0,0.0,1.0,1.0,0.0
8122,2013.0,2.0,47.2,650.0,700.0,0.0,0.0,1.0,1.0,0.0
8123,2013.0,2.0,47.2,651.0,700.0,0.0,0.0,1.0,1.0,0.0
8124,2013.0,2.0,47.2,652.0,700.0,0.0,0.0,1.0,1.0,0.0
8125,2013.0,2.0,47.2,653.0,700.0,0.0,0.0,1.0,1.0,0.0
8126,2013.0,2.0,47.2,654.0,700.0,0.0,0.0,1.0,1.0,0.0
8127,2013.0,2.0,47.2,655.0,700.0,0.0,0.0,1.0,1.0,0.0
8128,2013.0,2.0,47.2,656.0,700.0,0.0,0.0,1.0,1.0,0.0
8129,2013.0,2.0,47.2,657.0,700.0,0.0,0.0,1.0,1.0,0.0
8130,2013.0,2.0,47.2,658.0,700.0,0.0,0.0,1.0,1.0,0.0
8131,2013.0,2.0,47.2,659.0,700.0,0.0,0.0,1.0,1.0,0.0
8132,2013.0,2.0,47.2,660.0,700.0,0.0,0.0,1.0,1.0,0.0
8133,2013.0,2.0,47.2,661.0,700.0,0.0,0.0,1.0,1.0,0.0
8134,2013.0,2.0,47.2,662.0,700.0,0.0,0.0,1.0,1.0,0.0
8135,2013.0,2.0,47.2,663.0,700.0,0.0,0.0,1.0,1.0,0.0
8136,2013.0,2.0,47.2,664.0,700.0,0.0,0.0,1.0,1.0,0.0
8137,2013.0,2.0,47.2,665.0,700.0,0.0,0.0,1.0,1.0,0.0
8138,2013.0,2.0,47.2,666.0,700.0,0.0,0.0,1.0,1.0,0.0
8139,2013.0,2.0,47.2,667.0,700.0,0.0,0.0,1.0,1.0,0.0
8140,2013.0,2.0,47.2,668.0,700.0,0.0,0.0,1.0,1.0,0.0
8141,2013.0,2.0,47.2,669.0,700.0,0.0,0.0,1.0,1.0,0.0
8142,2013.0,2.0,47.2,670.0,700.0,0.0,0.0,1.0,1.0,0.0
8143,2013.0,2.0,47.2,671.0,700.0,0.0,0.0,1.0,1.0,0.0
8144,2013.0,2.0,47.2,672.0,700.0,0.0,0.0,1.0,1.0,0.0
8145,2013.0,2.0,47.2,673.0,700.0,0.0,0.0,1.0,1.0,0.0
8146,2013.0,2.0,47.2,674.0,700.0,0.0,0.0,1.0,1.0,0.0
8147,2013.0,2.0,47.2,675.0,700.0,0.0,0.0,1.0,1.0,0.0
8148,2013.0,2.0,47.2,676.0,700.0,0.0,0.0,1.0,1.0,0.0
8149,2013.0,2.0,47.2,677.0,700.0,0.0,0.0,1.0,1.0,0.0
8150,2013.0,2.0,47.2,678.0,700.0,0.0,0.0,1.0,1.0,0.0
8151,2013.0,2.0,47.2,679.0,700.0,0.0,0.0,1.0,1.0,0.0
8152,2013.0,2.0,47.2,680.0,700.0,0.0,0.0,1.0,1.0,0.0
8153,2013.0,2.0,47.2,681.0,700.0,0.0,0.0,1.0,1.0,0.0
8154,2013.0,2.0,47.2,682.0,700.0,0.0,0.0,1.0,1.0,0.0
8155,2013.0,2.0,47.2,683.0,700.0,0.0,0.0,1.0,1.0,0.0
8156,2013.0,2.0,47.2,684.0,700.0,0.0,0.0,1.0,1.0,0.0
8157,2013.0,2.0,47.2,685.0,700.0,0.0,0.0,1.0,1.0,0.0
8158,2013.0,2.0,47.2,686.0,700.0,0.0,0.0,1.0,1.0,0.0
8159,2013.0,2.0,47.2,687.0,700.0,0.0,0.0,1.0,1.0,0.0
8160,2013.0,2.0,47.2,688.0,700.0,0.0,0.0,1.0,1.0,0.0
8161,2013.0,2.0,47.2,689.0,700.0,0.0,0.0,1.0,1.0,0.0
8162,2013.0,2.0,47.2,690.0,700.0,0.0,0.0,1.0,1.0,0.0
8163,2013.0,2.0,47.2,691.0,700.0,0.0,0.0,1.0,1.0,0.0
8164,2013.0,2.0,47.2,692.0,700.0,0.0,0.0,1.0,1.0,0.0
8165,2013.0,2.0,47.2,693.0,700.0,0.0,0.0,1.0,1.0,0.0
8166,2013.0,2.0,47.2,694.0,700.0,0.0,0.0,1.0,1.0,0.0
8167,2013.0,2.0,47.2,695.0,700.0,0.0,0.0,1.0,1.0,0.0
8168,2013.0,2.0,47.2,696.0,700.0,0.0,0.0,1.0,1.0,0.0
8169,2013.0,2.0,47.2,697.0,700.0,0.0,0.0,1.0,1.0,0.0
8170,2013.0,2.0,47.2,698.0,700.0,0.0,0.0,1.0,1.0,0.0
8171,2013.0,2.0,47.2,699.0,700.0,0.0,0.0,1.0,1.0,0.0
8172,2013.0,2.0,47.2,700.0,700.0,0.0,0.0,1.0,1.0,0.0
8173,2013.0,2.0,47.2,701.0,700.0,0.0,0.0,1.0,1.0,0.0
8174,2013.0,2.0,47.2,702.0,700.0,0.0,0.0,1.0,1.0,0.0
8175,2013.0,2.0,47.2,703.0,700.0,0.0,0.0,1.0,1.0,0.0
8176,2013.0,2.0,47.2,704.0,700.0,0.0,0.0,1.0,1.0,0.0
8177,2013.0,2.0,47.2,705.0,700.0,0.0,0.0,1.0,1.0,0.0
8178,2013.0,2.0,47.2,706.0,700.0,0.0,0.0,1.0,1.0,0.0
8179,2013.0,2.0,47.2,707.0,700.0,0.0,0.0,1.0,1.0,0.0
8180,2013.0,2.0,47.2,708.0,700.0,0.0,0.0,1.0,1.0,0.0
8181,2013.0,2.0,47.2,709.0,700.0,0.0,0.0,1.0,1.0,0.0
8182,2013.0,2.0,47.2,710.0,700.0,0.0,0.0,1.0,1.0,0.0
8183,2013.0,2.0,47.2,711.0,700.0,0.0,0.0,1.0,1.0,0.0
8184,2013.0,2.0,47.2,712.0,700.0,0.0,0.0,1.0,1.0,0.0
8185,2013.0,2.0,47.2,713.0,700.0,0.0,0.0,1.0,1.0,0.0
8186,2013.0,2.0,47.2,714.0,700.0,0.0,0.0,1.0,1.0,0.0
8187,2013.0,2.0,47.2,715.0,700.0,0.0,0.0,1.0,1.0,0.0
8188,2013.0,2.0,47.2,716.0,700.0,0.0,0.0,1.0,1.0,0.0
8189,2013.0,2.0,47.2,717.0,700.0,0.0,0.0,1.0,1.0,0.0
8190,2013.0,2.0,47.2,718.0,700.0,0.0,0.0,1.0,1.0,0.0
8191,2013.0,2.0,47.2,719.0,700.0,0.0,0.0,1.0,1.0,0.0
8192,2013.0,2.0,47.2,720.0,700.0,0.0,0.0,1.0,1.0,0.0
8193,2013.0,2.0,47.2,721.0,700.0,0.0,0.0,1.0,1.0,0.0
8194,2013.0,2.0,47.2,722.0,700.0,0.0,0.0,1.0,1.0,0.0
8195,2013.0,2.0,47.2,723.0,700.0,0.0,0.0,1.0,1.0,0.0
8196,2013.0,2.0,47.2,724.0,700.0,0.0,0.0,1.0,1.0,0.0
8197,2013.0,2.0,47.2,725.0,700.0,0.0,0.0,1.0,1.0,0.0
8198,2013.0,2.0,47.2,726.0,700.0,0.0,0.0,1.0,1.0,0.0
8199,2013.0,2.0,47.2,727.0,700.0,0.0,0.0,1.0,1.0,0.0
8200,2013.0,2.0,47.2,728.0,700.0,0.0,0.0,1.0,1.0,0.0
8201,2013.0,2.0,47.2,729.0,700.0,0.0,0.0,1.0,1.0,0.0
8202,2013.0,2.0,47.2,730.0,700.0,0.0,0.0,1.0,1.0,0.0
8203,2013.0,2.0,47.2,731.0,700.0,0.0,0.0,1.0,1.0,0.0
8204,2013.0,2.0,47.2,732.0,700.0,0.0,0.0,1.0,1.0,0.0
8205,2013.0,2.0,47.2,733.0,700.0,0.0,0.0,1.0,1.0,0.0
8206,2013.0,2.0,47.2,734.0,700.0,0.0,0.0,1.0,1.0,0.0
8207,2013.0,2.0,47.2,735.0,700.0,0.0,0.0,1.0,1.0,0.0
8208,2013.0,2.0,47.2,736.0,700.0,0.0,0.0,1.0,1.0,0.0
8209,2013.0,2.0,47.2,737.0,700.0,0.0,0.0,1.0,1.0,0.0
8210,2013.0,2.0,47.2,738.0,700.0,0.0,0.0,1.0,1.0,0.0
8211,2013.0,2.0,47.2,739.0,700.0,0.0,0.0,1.0,1.0,0.0
8212,2013.0,2.0,47.2,740.0,700.0,0.0,0.0,1.0,1.0,0.0
8213,2013.0,2.0,47.2,741.0,700.0,0.0,0.0,1.0,1.0,0.0
8214,2013.0,2.0,47.2,742.0,700.0,0.0,0.0,1.0,1.0,0.0
8215,2013.0,2.0,47.2,743.0,700.0,0.0,0.0,1.0,1.0,0.0
8216,2013.0,2.0,47.2,744.0,700.0,0.0,0.0,1.0,1.0,0.0
8217,2013.0,2.0,47.2,745.0,700.0,0.0,0.0,1.0,1.0,0.0
8218,2013.0,2.0,47.2,746.0,700.0,0.0,0.0,1.0,1.0,0.0
8219,2013.0,2.0,47.2,747.0,700.0,0.0,0.0,1.0,1.0,0.0
8220,2013.0,2.0,47.2,748.0,700.0,0.0,0.0,1.0,1.0,0.0
8221,2013.0,2.0,47.2,749.0,700.0,0.0,0.0,1.0,1.0,0.0
8222,2013.0,2.0,47.2,750.0,700.0,0.0,0.0,1.0,1.0,0.0
8223,2013.0,2.0,47.2,751.0,700.0,0.0,0.0,1.0,1.0,0.0
8224,2013.0,2.0,47.2,752.0,700.0,0.0,0.0,1.0,1.0,0.0
8225,2013.0,2.0,47.2,753.0,700.0,0.0,0.0,1.0,1.0,0.0
8226,2013.0,2.0,47.2,754.0,700.0,0.0,0.0,1.0,1.0,0.0
8227,2013.0,2.0,47.2,755.0,700.0,0.0,0.0,1.0,1.0,0.0
8228,2013.0,2.0,47.2,756.0,700.0,0.0,0.0,1.0,1.0,0.0
8229,2013.0,2.0,47.2,757.0,700.0,0.0,0.0,1.0,1.0,0.0
8230,2013.0,2.0,47.2,758.0,700.0,0.0,0.0,1.0,1.0,0.0
8231,2013.0,2.0,47.2,759.0,700.0,0.0,0.0,1.0,1.0,0.0
8232,2013.0,2.0,47.2,760.0,700.0,0.0,0.0,1.0,1.0,0.0
8233,2013.0,2.0,47.2,761.0,700.0,0.0,0.0,1.0,1.0,0.0
8234,2013.0,2.0,47.2,762.0,700.0,0.0,0.0,1.0,1.0,0.0
8235,2013.0,2.0,47.2,763.0,700.0,0.0,0.0,1.0,1.0,0.0
8236,2013.0,2.0,47.2,764.0,700.0,0.0,0.0,1.0,1.0,0.0
8237,2013.0,2.0,47.2,765.0,700.0,0.0,0.0,1.0,1.0,0.0
8238,2013.0,2.0,47.2,766.0,700.0,0.0,0.0,1.0,1.0,0.0
8239,2013.0,2.0,47.2,767.0,700.0,0.0,0.0,1.0,1.0,0.0
8240,2013.0,2.0,47.2,768.0,700.0,0.0,0.0,1.0,1.0,0.0
8241,2013.0,2.0,47.2,769.0,700.0,0.0,0.0,1.0,1.0,0.0
8242,2013.0,2.0,47.2,770.0,700.0,0.0,0.0,1.0,1.0,0.0
8243,2013.0,2.0,47.2,771.0,700.0,0.0,0.0,1.0,1.0,0.0
8244,2013.0,2.0,47.2,772.0,700.0,0.0,0.0,1.0,1.0,0.0
8245,2013.0,2.0,47.2,773.0,700.0,0.0,0.0,1.0,1.0,0.0
8246,2013.0,2.0,47.2,774.0,700.0,0.0,0.0,1.0,1.0,0.0
8247,2013.0,2.0,47.2,775.0,700.0,0.0,0.0,1.0,1.0,0.0
8248,2013.0,2.0,47.2,776.0,700.0,0.0,0.0,1.0,1.0,0.0
8249,2013.0,2.0,47.2,777.0,700.0,0.0,0.0,1.0,1.0,0.0
8250,2013.0,2.0,47.2,778.0,700.0,0.0,0.0,1.0,1.0,0.0
8251,2013.0,2.0,47.2,779.0,700.0,0.0,0.0,1.0,1.0,0.0
8252,2013.0,2.0,47.2,780.0,700.0,0.0,0.0,1.0,1.0,0.0
8253,2013.0,2.0,47.2,781.0,700.0,0.0,0.0,1.0,1.0,0.0
8254,2013.0,2.0,47.2,782.0,700.0,0.0,0.0,1.0,1.0,0.0
8255,2013.0,2.0,47.2,783.0,700.0,0.0,0.0,1.0,1.0,0.0
8256,2013.0,2.0,47.2,784.0,700.0,0.0,0.0,1.0,1.0,0.0
8257,2013.0,2.0,47.2,785.0,700.0,0.0,0.0,1.0,1.0,0.0
8258,2013.0,2.0,47.2,786.0,700.0,0.0,0.0,1.0,1.0,0.0
8259,2013.0,2.0,47.2,787.0,700.0,0.0,0.0,1.0,1.0,0.0
8260,2013.0,2.0,47.2,788.0,700.0,0.0,0.0,1.0,1.0,0.0
8261,2013.0,2.0,47.2,789.0,700.0,0.0,0.0,1.0,1.0,0.0
8262,2013.0,2.0,47.2,790.0,700.0,0.0,0.0,1.0,1.0,0.0
8263,2013.0,2.0,47.2,791.0,700.0,0.0,0.0,1.0,1.0,0.0
8264,2013.0,2.0,47.2,792.0,700.0,0.0,0.0,1.0,1.0,0.0
8265,2013.0,2.0,47.2,793.0,700.0,0.0,0.0,1.0,1.0,0.0
8266,2013.0,2.0,47.2,794.0,700.0,0.0,0.0,1.0,1.0,0.0
8267,2013.0,2.0,47.2,795.0,700.0,0.0,0.0,1.0,1.0,0.0
8268,2013.0,2.0,47.2,796.0,700.0,0.0,0.0,1.0,1.0,0.0
8269,2013.0,2.0,47.2,797.0,700.0,0.0,0.0,1.0,1.0,0.0
8270,2013.0,2.0,47.2,798.0,700.0,0.0,0.0,1.0,1.0,0.0
8271,2013.0,2.0,47.2,799.0,700.0,0.0,0.0,1.0,1.0,0.0
8272,2013.0,2.0,47.2,800.0,700.0,0.0,0.0,1.0,1.0,0.0
8273,2013.0,2.0,47.2,801.0,700.0,0.0,0.0,1.0,1.0,0.0
8274,2013.0,2.0,47.2,802.0,700.0,0.0,0.0,1.0,1.0,0.0
8275,2013.0,2.0,47.2,803.0,700.0,0.0,0.0,1.0,1.0,0.0
8276,2013.0,2.0,47.2,804.0,700.0,0.0,0.0,1.0,1.0,0.0
8277,2013.0,2.0,47.2,805.0,700.0,0.0,0.0,1.0,1.0,0.0
8278,2013.0,2.0,47.2,806.0,700.0,0.0,0.0,1.0,1.0,0.0
8279,2013.0,2.0,47.2,807.0,700.0,0.0,0.0,1.0,1.0,0.0
8280,2013.0,2.0,47.2,808.0,700.0,0.0,0.0,1.0,1.0,0.0
8281,2013.0,2.0,47.2,809.0,700.0,0.0,0.0,1.0,1.0,0.0
8282,2013.0,2.0,47.2,810.0,700.0,0.0,0.0,1.0,1.0,0.0
8283,2013.0,2.0,47.2,811.0,700.0,0.0,0.0,1.0,1.0,0.0
8284,2013.0,2.0,47.2,812.0,700.0,0.0,0.0,1.0,1.0,0.0
8285,2013.0,2.0,47.2,813.0,700.0,0.0,0.0,1.0,1.0,0.0
8286,2013.0,2.0,47.2,814.0,700.0,0.0,0.0,1.0,1.0,0.0
8287,2013.0,2.0,47.2,815.0,700.0,0.0,0.0,1.0,1.0,0.0
8288,2013.0,2.0,47.2,816.0,700.0,0.0,0.0,1.0,1.0,0.0
8289,2013.0,2.0,47.2,817.0,700.0,0.0,0.0,1.0,1.0,0.0
8290,2013.0,2.0,47.2,818.0,700.0,0.0,0.0,1.0,1.0,0.0
8291,2013.0,2.0,47.2,819.0,700.0,0.0,0.0,1.0,1.0,0.0
8292,2013.0,2.0,47.2,820.0,700.0,0.0,0.0,1.0,1.0,0.0
8293,2013.0,2.0,47.2,821.0,700.0,0.0,0.0,1.0,1.0,0.0
8294,2013.0,2.0,47.2,822.0,700.0,0.0,0.0,1.0,1.0,0.0
8295,2013.0,2.0,47.2,823.0,700.0,0.0,0.0,1.0,1.0,0.0
8296,2013.0,2.0,47.2,824.0,700.0,0.0,0.0,1.0,1.0,0.0
8297,2013.0,2.0,47.2,825.0,700.0,0.0,0.0,1.0,1.0,0.0
8298,2013.0,2.0,47.2,826.0,700.0,0.0,0.0,1.0,1.0,0.0
8299,2013.0,2.0,47.2,827.0,700.0,0.0,0.0,1.0,1.0,0.0
8300,2013.0,2.0,47.2,828.0,700.0,0.0,0.0,1.0,1.0,0.0
8301,2013.0,2.0,47.2,829.0,700.0,0.0,0.0,1.0,1.0,0.0
8302,2013.0,2.0,47.2,830.0,700.0,0.0,0.0,1.0,1.0,0.0
8303,2013.0,2.0,47.2,831.0,700.0,0.0,0.0,1.0,1.0,0.0
8304,2013.0,2.0,47.2,832.0,700.0,0.0,0.0,1.0,1.0,0.0
8305,2013.0,2.0,47.2,833.0,700.0,0.0,0.0,1.0,1.0,0.0
8306,2013.0,2.0,47.2,834.0,700.0,0.0,0.0,1.0,1.0,0.0
8307,2013.0,2.0,47.2,835.0,700.0,0.0,0.0,1.0,1.0,0.0
8308,2013.0,2.0,47.2,836.0,700.0,0.0,0.0,1.0,1.0,0.0
8309,2013.0,2.0,47.2,837.0,700.0,0.0,0.0,1.0,1.0,0.0
8310,2013.0,2.0,47.2,838.0,700.0,0.0,0.0,1.0,1.0,0.0
8311,2013.0,2.0,47.2,839.0,700.0,0.0,0.0,1.0,1.0,0.0
8312,2013.0,2.0,47.2,840.0,700.0,0.0,0.0,1.0,1.0,0.0
8313,2013.0,2.0,47.2,841.0,700.0,0.0,0.0,1.0,1.0,0.0
8314,2013.0,2.0,47.2,842.0,700.0,0.0,0.0,1.0,1.0,0.0
8315,2013.0,2.0,47.2,843.0,700.0,0.0,0.0,1.0,1.0,0.0
8316,2013.0,2.0,47.2,844.0,700.0,0.0,0.0,1.0,1.0,0.0
8317,2013.0,2.0,47.2,845.0,700.0,0.0,0.0,1.0,1.0,0.0
8318,2013.0,2.0,47.2,846.0,700.0,0.0,0.0,1.0,1.0,0.0
8319,2013.0,2.0,47.2,847.0,700.0,0.0,0.0,1.0,1.0,0.0
8320,2013.0,2.0,47.2,848.0,700.0,0.0,0.0,1.0,1.0,0.0
8321,2013.0,2.0,47.2,849.0,700.0,0.0,0.0,1.0,1.0,0.0
8322,2013.0,2.0,47.2,850.0,700.0,0.0,0.0,1.0,1.0,0.0
8323,2013.0,2.0,47.2,851.0,700.0,0.0,0.0,1.0,1.0,0.0
8324,2013.0,2.0,47.2,852.0,700.0,0.0,0.0,1.0,1.0,0.0
8325,2013.0,2.0,47.2,853.0,700.0,0.0,0.0,1.0,1.0,0.0
8326,2013.0,2.0,47.2,854.0,700.0,0.0,0.0,1.0,1.0,0.0
8327,2013.0,2.0,47.2,855.0,700.0,0.0,0.0,1.0,1.0,0.0
8328,2013.0,2.0,47.2,856.0,700.0,0.0,0.0,1.0,1.0,0.0
8329,2013.0,2.0,47.2,857.0,700.0,0.0,0.0,1.0,1.0,0.0
8330,2013.0,2.0,47.2,858.0,700.0,0.0,0.0,1.0,1.0,0.0
8331,2013.0,2.0,47.2,859.0,700.0,0.0,0.0,1.0,1.0,0.0
8332,2013.0,2.0,47.2,860.0,700.0,0.0,0.0,1.0,1.0,0.0
8333,2013.0,2.0,47.2,861.0,700.0,0.0,0.0,1.0,1.0,0.0
8334,2013.0,2.0,47.2,862.0,700.0,0.0,0.0,1.0,1.0,0.0
8335,2013.0,2.0,47.2,863.0,700.0,0.0,0.0,1.0,1.0,0.0
8336,2013.0,2.0,47.2,864.0,700.0,0.0,0.0,1.0,1.0,0.0
8337,2013.0,2.0,47.2,865.0,700.0,0.0,0.0,1.0,1.0,0.0
8338,2013.0,2.0,47.2,866.0,700.0,0.0,0.0,1.0,1.0,0.0
8339,2013.0,2.0,47.2,867.0,700.0,0.0,0.0,1.0,1.0,0.0
8340,2013.0,2.0,47.2,868.0,700.0,0.0,0.0,1.0,1.0,0.0
8341,2013.0,2.0,47.2,869.0,700.0,0.0,0.0,1.0,1.0,0.0
8342,2013.0,2.0,47.2,870.0,700.0,0.0,0.0,1.0,1.0,0.0
8343,2013.0,2.0,47.2,871.0,700.0,0.0,0.0,1.0,1.0,0.0
8344,2013.0,2.0,47.2,872.0,700.0,0.0,0.0,1.0,1.0,0.0
8345,2013.0,2.0,47.2,873.0,700.0,0.0,0.0,1.0,1.0,0.0
8346,2013.0,2.0,47.2,874.0,700.0,0.0,0.0,1.0,1.0,0.0
8347,2013.0,2.0,47.2,875.0,700.0,0.0,0.0,1.0,1.0,0.0
8348,2013.0,2.0,47.2,876.0,700.0,0.0,0.0,1.0,1.0,0.0
8349,2013.0,2.0,47.2,877.0,700.0,0.0,0.0,1.0,1.0,0.0
8350,2013.0,2.0,47.2,878.0,700.0,0.0,0.0,1.0,1.0,0.0
8351,2013.0,2.0,47.2,879.0,700.0,0.0,0.0,1.0,1.0,0.0
8352,2013.0,2.0,47.2,880.0,700.0,0.0,0.0,1.0,1.0,0.0
8353,2013.0,2.0,47.2,881.0,700.0,0.0,0.0,1.0,1.0,0.0
8354,2013.0,2.0,47.2,882.0,700.0,0.0,0.0,1.0,1.0,0.0
8355,2013.0,2.0,47.2,883.0,700.0,0.0,0.0,1.0,1.0,0.0
8356,2013.0,2.0,47.2,884.0,700.0,0.0,0.0,1.0,1.0,0.0
8357,2013.0,2.0,47.2,885.0,700.0,0.0,0.0,1.0,1.0,0.0
8358,2013.0,2.0,47.2,886.0,700.0,0.0,0.0,1.0,1.0,0.0
8359,2013.0,2.0,47.2,887.0,700.0,0.0,0.0,1.0,1.0,0.0
8360,2013.0,2.0,47.2,888.0,700.0,0.0,0.0,1.0,1.0,0.0
8361,2013.0,2.0,47.2,889.0,700.0,0.0,0.0,1.0,1.0,0.0
8362,2013.0,2.0,47.2,890.0,700.0,0.0,0.0,1.0,1.0,0.0
8363,2013.0,2.0,47.2,891.0,700.0,0.0,0.0,1.0,1.0,0.0
8364,2013.0,2.0,47.2,892.0,700.0,0.0,0.0,1.0,1.0,0.0
8365,2013.0,2.0,47.2,893.0,700.0,0.0,0.0,1.0,1.0,0.0
8366,2013.0,2.0,47.2,894.0,700.0,0.0,0.0,1.0,1.0,0.0
8367,2013.0,2.0,47.2,895.0,700.0,0.0,0.0,1.0,1.0,0.0
8368,2013.0,2.0,47.2,896.0,700.0,0.0,0.0,1.0,1.0,0.0
8369,2013.0,2.0,47.2,897.0,700.0,0.0,0.0,1.0,1.0,0.0
8370,2013.0,2.0,47.2,898.0,700.0,0.0,0.0,1.0,1.0,0.0
8371,2013.0,2.0,47.2,899.0,700.0,0.0,0.0,1.0,1.0,0.0
8372,2013.0,2.0,47.2,900.0,700.0,0.0,0.0,1.0,1.0,0.0
8373,2013.0,2.0,47.2,901.0,700.0,0.0,0.0,1.0,1.0,0.0
8374,2013.0,2.0,47.2,902.0,700.0,0.0,0.0,1.0,1.0,0.0
8375,2013.0,2.0,47.2,903.0,700.0,0.0,0.0,1.0,1.0,0.0
8376,2013.0,2.0,47.2,904.0,700.0,0.0,0.0,1.0,1.0,0.0
8377,2013.0,2.0,47.2,905.0,700.0,0.0,0.0,1.0,1.0,0.0
8378,2013.0,2.0,47.2,906.0,700.0,0.0,0.0,1.0,1.0,0.0
8379,2013.0,2.0,47.2,907.0,700.0,0.0,0.0,1.0,1.0,0.0
8380,2013.0,2.0,47.2,908.0,700.0,0.0,0.0,1.0,1.0,0.0
8381,2013.0,2.0,47.2,909.0,700.0,0.0,0.0,1.0,1.0,0.0
8382,2013.0,2.0,47.2,910.0,700.0,0.0,0.0,1.0,1.0,0.0
8383,2013.0,2.0,47.2,911.0,700.0,0.0,0.0,1.0,1.0,0.0
8384,2013.0,2.0,47.2,912.0,700.0,0.0,0.0,1.0,1.0,0.0
8385,2013.0,2.0,47.2,913.0,700.0,0.0,0.0,1.0,1.0,0.0
8386,2013.0,2.0,47.2,914.0,700.0,0.0,0.0,1.0,1.0,0.0
8387,2013.0,2.0,47.2,915.0,700.0,0.0,0.0,1.0,1.0,0.0
8388,2013.0,2.0,47.2,916.0,700.0,0.0,0.0,1.0,1.0,0.0
8389,2013.0,2.0,47.2,917.0,700.0,0.0,0.0,1.0,1.0,0.0
8390,2013.0,2.0,47.2,918.0,700.0,0.0,0.0,1.0,1.0,0.0
8391,2013.0,2.0,47.2,919.0,700.0,0.0,0.0,1.0,1.0,0.0
8392,2013.0,2.0,47.2,920.0,700.0,0.0,0.0,1.0,1.0,0.0
8393,2013.0,2.0,47.2,921.0,700.0,0.0,0.0,1.0,1.0,0.0
8394,2013.0,2.0,47.2,922.0,700.0,0.0,0.0,1.0,1.0,0.0
8395,2013.0,2.0,47.2,923.0,700.0,0.0,0.0,1.0,1.0,0.0
8396,2013.0,2.0,47.2,924.0,700.0,0.0,0.0,1.0,1.0,0.0
8397,2013.0,2.0,47.2,925.0,700.0,0.0,0.0,1.0,1.0,0.0
8398,2013.0,2.0,47.2,926.0,700.0,0.0,0.0,1.0,1.0,0.0
8399,2013.0,2.0,47.2,927.0,700.0,0.0,0.0,1.0,1.0,0.0
8400,2013.0,2.0,47.2,928.0,700.0,0.0,0.0,1.0,1.0,0.0
8401,2013.0,2.0,47.2,929.0,700.0,0.0,0.0,1.0,1.0,0.0
8402,2013.0,2.0,47.2,930.0,700.0,0.0,0.0,1.0,1.0,0.0
8403,2013.0,2.0,47.2,931.0,700.0,0.0,0.0,1.0,1.0,0.0
8404,2013.0,2.0,47.2,932.0,700.0,0.0,0.0,1.0,1.0,0.0
8405,2013.0,2.0,47.2,933.0,700.0,0.0,0.0,1.0,1.0,0.0
8406,2013.0,2.0,47.2,934.0,700.0,0.0,0.0,1.0,1.0,0.0
8407,2013.0,2.0,47.2,935.0,700.0,0.0,0.0,1.0,1.0,0.0
8408,2013.0,2.0,47.2,936.0,700.0,0.0,0.0,1.0,1.0,0.0
8409,2013.0,2.0,47.2,937.0,700.0,0.0,0.0,1.0,1.0,0.0
8410,2013.0,2.0,47.2,938.0,700.0,0.0,0.0,1.0,1.0,0.0
8411,2013.0,2.0,47.2,939.0,700.0,0.0,0.0,1.0,1.0,0.0
8412,2013.0,2.0,47.2,940.0,700.0,0.0,0.0,1.0,1.0,0.0
8413,2013.0,2.0,47.2,941.0,700.0,0.0,0.0,1.0,1.0,0.0
8414,2013.0,2.0,47.2,942.0,700.0,0.0,0.0,1.0,1.0,0.0
8415,2013.0,2.0,47.2,943.0,700.0,0.0,0.0,1.0,1.0,0.0
8416,2013.0,2.0,47.2,944.0,700.0,0.0,0.0,1.0,1.0,0.0
8417,2013.0,2.0,47.2,945.0,700.0,0.0,0.0,1.0,1.0,0.0
8418,2013.0,2.0,47.2,946.0,700.0,0.0,0.0,1.0,1.0,0.0
8419,2013.0,2.0,47.2,947.0,700.0,0.0,0.0,1.0,1.0,0.0
8420,2013.0,2.0,47.2,948.0,700.0,0.0,0.0,1.0,1.0,0.0
8421,2013.0,2.0,47.2,949.0,700.0,0.0,0.0,1.0,1.0,0.0
8422,2013.0,2.0,47.2,950.0,700.0,0.0,0.0,1.0,1.0,0.0
8423,2013.0,2.0,47.2,951.0,700.0,0.0,0.0,1.0,1.0,0.0
8424,2013.0,2.0,47.2,952.0,700.0,0.0,0.0,1.0,1.0,0.0
8425,2013.0,2.0,47.2,953.0,700.0,0.0,0.0,1.0,1.0,0.0
8426,2013.0,2.0,47.2,954.0,700.0,0.0,0.0,1.0,1.0,0.0
8427,2013.0,2.0,47.2,955.0,700.0,0.0,0.0,1.0,1.0,0.0
8428,2013.0,2.0,47.2,956.0,700.0,0.0,0.0,1.0,1.0,0.0
8429,2013.0,2.0,47.2,957.0,700.0,0.0,0.0,1.0,1.0,0.0
8430,2013.0,2.0,47.2,958.0,700.0,0.0,0.0,1.0,1.0,0.0
8431,2013.0,2.0,47.2,959.0,700.0,0.0,0.0,1.0,1.0,0.0
8432,2013.0,2.0,47.2,960.0,700.0,0.0,0.0,1.0,1.0,0.0
8433,2013.0,2.0,47.2,961.0,700.0,0.0,0.0,1.0,1.0,0.0
8434,2013.0,2.0,47.2,962.0,700.0,0.0,0.0,1.0,1.0,0.0
8435,2013.0,2.0,47.2,963.0,700.0,0.0,0.0,1.0,1.0,0.0
8436,2013.0,2.0,47.2,964.0,700.0,0.0,0.0,1.0,1.0,0.0
8437,2013.0,2.0,47.2,965.0,700.0,0.0,0.0,1.0,1.0,0.0
8438,2013.0,2.0,47.2,966.0,700.0,0.0,0.0,1.0,1.0,0.0
8439,2013.0,2.0,47.2,967.0,700.0,0.0,0.0,1.0,1.0,0.0
8440,2013.0,2.0,47.2,968.0,700.0,0.0,0.0,1.0,1.0,0.0
8441,2013.0,2.0,47.2,969.0,700.0,0.0,0.0,1.0,1.0,0.0
8442,2013.0,2.0,47.2,970.0,700.0,0.0,0.0,1.0,1.0,0.0
8443,2013.0,2.0,47.2,971.0,700.0,0.0,0.0,1.0,1.0,0.0
8444,2013.0,2.0,47.2,972.0,700.0,0.0,0.0,1.0,1.0,0.0
8445,2013.0,2.0,47.2,973.0,700.0,0.0,0.0,1.0,1.0,0.0
8446,2013.0,2.0,47.2,974.0,700.0,0.0,0.0,1.0,1.0,0.0
8447,2013.0,2.0,47.2,975.0,700.0,0.0,0.0,1.0,1.0,0.0
8448,2013.0,2.0,47.2,976.0,700.0,0.0,0.0,1.0,1.0,0.0
8449,2013.0,2.0,47.2,977.0,700.0,0.0,0.0,1.0,1.0,0.0
8450,2013.0,2.0,47.2,978.0,700.0,0.0,0.0,1.0,1.0,0.0
8451,2013.0,2.0,47.2,979.0,700.0,0.0,0.0,1.0,1.0,0.0
8452,2013.0,2.0,47.2,980.0,700.0,0.0,0.0,1.0,1.0,0.0
8453,2013.0,2.0,47.2,981.0,700.0,0.0,0.0,1.0,1.0,0.0
8454,2013.0,2.0,47.2,982.0,700.0,0.0,0.0,1.0,1.0,0.0
8455,2013.0,2.0,47.2,983.0,700.0,0.0,0.0,1.0,1.0,0.0
8456,2013.0,2.0,47.2,984.0,700.0,0.0,0.0,1.0,1.0,0.0
8457,2013.0,2.0,47.2,985.0,700.0,0.0,0.0,1.0,1.0,0.0
8458,2013.0,2.0,47.2,986.0,700.0,0.0,0.0,1.0,1.0,0.0
8459,2013.0,2.0,47.2,987.0,700.0,0.0,0.0,1.0,1.0,0.0
8460,2013.0,2.0,47.2,988.0,700.0,0.0,0.0,1.0,1.0,0.0
8461,2013.0,2.0,47.2,989.0,700.0,0.0,0.0,1.0,1.0,0.0
8462,2013.0,2.0,47.2,990.0,700.0,0.0,0.0,1.0,1.0,0.0
8463,2013.0,2.0,47.2,991.0,700.0,0.0,0.0,1.0,1.0,0.0
8464,2013.0,2.0,47.2,992.0,700.0,0.0,0.0,1.0,1.0,0.0
8465,2013.0,2.0,47.2,993.0,700.0,0.0,0.0,1.0,1.0,0.0
8466,2013.0,2.0,47.2,994.0,700.0,0.0,0.0,1.0,1.0,0.0
8467,2013.0,2.0,47.2,995.0,700.0,0.0,0.0,1.0,1.0,0.0
8468,2013.0,2.0,47.2,996.0,700.0,0.0,0.0,1.0,1.0,0.0
8469,2013.0,2.0,47.2,997.0,700.0,0.0,0.0,1.0,1.0,0.0
8470,2013.0,2.0,47.2,998.0,700.0,0.0,0.0,1.0,1.0,0.0
8471,2013.0,2.0,47.2,999.0,700.0,0.0,0.0,1.0,1.0,0.0
8472,2013.0,2.0,47.2,1000.0,700.0,0.0,0.0,1.0,1.0,0.0
8473,2013.0,2.0,47.2,1001.0,700.0,0.0,0.0,1.0,1.0,0.0
8474,2013.0,2.0,47.2,1002.0,700.0,0.0,0.0,1.0,1.0,0.0
8475,2013.0,2.0,47.2,1003.0,700.0,0.0,0.0,1.0,1.0,0.0
8476,2013.0,2.0,47.2,1004.0,700.0,0.0,0.0,1.0,1.0,0.0
8477,2013.0,2.0,47.2,1005.0,700.0,0.0,0.0,1.0,1.0,0.0
8478,2013.0,2.0,47.2,1006.0,700.0,0.0,0.0,1.0,1.0,0.0
8479,2013.0,2.0,47.2,1007.0,700.0,0.0,0.0,1.0,1.0,0.0
8480,2013.0,2.0,47.2,1008.0,700.0,0.0,0.0,1.0,1.0,0.0
8481,2013.0,2.0,47.2,1009.0,700.0,0.0,0.0,1.0,1.0,0.0
8482,2013.0,2.0,47.2,1010.0,700.0,0.0,0.0,1.0,1.0,0.0
8483,2013.0,2.0,47.2,1011.0,700.0,0.0,0.0,1.0,1.0,0.0
8484,2013.0,2.0,47.2,1012.0,700.0,0.0,0.0,1.0,1.0,0.0
8485,2013.0,2.0,47.2,1013.0,700.0,0.0,0.0,1.0,1.0,0.0
8486,2013.0,2.0,47.2,1014.0,700.0,0.0,0.0,1.0,1.0,0.0
8487,2013.0,2.0,47.2,1015.0,700.0,0.0,0.0,1.0,1.0,0.0
8488,2013.0,2.0,47.2,1016.0,700.0,0.0,0.0,1.0,1.0,0.0
8489,2013.0,2.0,47.2,1017.0,700.0,0.0,0.0,1.0,1.0,0.0
8490,2013.0,2.0,47.2,1018.0,700.0,0.0,0.0,1.0,1.0,0.0
8491,2013.0,2.0,47.2,1019.0,700.0,0.0,0.0,1.0,1.0,0.0
8492,2013.0,2.0,47.2,1020.0,700.0,0.0,0.0,1.0,1.0,0.0
8493,2013.0,2.0,47.2,1021.0,700.0,0.0,0.0,1.0,1.0,0.0
8494,2013.0,2.0,47.2,1022.0,700.0,0.0,0.0,1.0,1.0,0.0
8495,2013.0,2.0,47.2,1023.0,700.0,0.0,0.0,1.0,1.0,0.0
8496,2013.0,2.0,47.2,1024.0,700.0,0.0,0.0,1.0,1.0,0.0
8497,2013.0,2.0,47.2,1025.0,700.0,0.0,0.0,1.0,1.0,0.0
8498,2013.0,2.0,47.2,1026.0,700.0,0.0,0.0,1.0,1.0,0.0
8499,2013.0,2.0,47.2,1027.0,700.0,0.0,0.0,1.0,1.0,0.0
8500,2013.0,2.0,47.2,1028.0,700.0,0.0,0.0,1.0,1.0,0.0
8501,2013.0,2.0,47.2,1029.0,700.0,0.0,0.0,1.0,1.0,0.0
8502,2013.0,2.0,47.2,1030.0,700.0,0.0,0.0,1.0,1.0,0.0
8503,2013.0,2.0,47.2,1031.0,700.0,0.0,0.0,1.0,1.0,0.0
8504,2013.0,2.0,47.2,1032.0,700.0,0.0,0.0,1.0,1.0,0.0
8505,2013.0,2.0,47.2,1033.0,700.0,0.0,0.0,1.0,1.0,0.0
8506,2013.0,2.0,47.2,1034.0,700.0,0.0,0.0,1.0,1.0,0.0
8507,2013.0,2.0,47.2,1035.0,700.0,0.0,0.0,1.0,1.0,0.0
8508,2013.0,2.0,47.2,1036.0,700.0,0.0,0.0,1.0,1.0,0.0
8509,2013.0,2.0,47.2,1037.0,700.0,0.0,0.0,1.0,1.0,0.0
8510,2013.0,2.0,47.2,1038.0,700.0,0.0,0.0,1.0,1.0,0.0
8511,2013.0,2.0,47.2,1039.0,700.0,0.0,0.0,1.0,1.0,0.0
8512,2013.0,2.0,47.2,1040.0,700.0,0.0,0.0,1.0,1.0,0.0
8513,2013.0,2.0,47.2,1041.0,700.0,0.0,0.0,1.0,1.0,0.0
8514,2013.0,2.0,47.2,1042.0,700.0,0.0,0.0,1.0,1.0,0.0
8515,2013.0,2.0,47.2,1043.0,700.0,0.0,0.0,1.0,1.0,0.0
8516,2013.0,2.0,47.2,1044.0,700.0,0.0,0.0,1.0,1.0,0.0
8517,2013.0,2.0,47.2,1045.0,700.0,0.0,0.0,1.0,1.0,0.0
8518,2013.0,2.0,47.2,1046.0,700.0,0.0,0.0,1.0,1.0,0.0
8519,2013.0,2.0,47.2,1047.0,700.0,0.0,0.0,1.0,1.0,0.0
8520,2013.0,2.0,47.2,1048.0,700.0,0.0,0.0,1.0,1.0,0.0
8521,2013.0,2.0,47.2,1049.0,700.0,0.0,0.0,1.0,1.0,0.0
8522,2013.0,2.0,47.2,1050.0,700.0,0.0,0.0,1.0,1.0,0.0
8523,2013.0,2.0,47.2,1051.0,700.0,0.0,0.0,1.0,1.0,0.0
8524,2013.0,2.0,47.2,1052.0,700.0,0.0,0.0,1.0,1.0,0.0
8525,2013.0,2.0,47.2,1053.0,700.0,0.0,0.0,1.0,1.0,0.0
8526,2013.0,2.0,47.2,1054.0,700.0,0.0,0.0,1.0,1.0,0.0
8527,2013.0,2.0,47.2,1055.0,700.0,0.0,0.0,1.0,1.0,0.0
8528,2013.0,2.0,47.2,1056.0,700.0,0.0,0.0,1.0,1.0,0.0
8529,2013.0,2.0,47.2,1057.0,700.0,0.0,0.0,1.0,1.0,0.0
8530,2013.0,2.0,47.2,1058.0,700.0,0.0,0.0,1.0,1.0,0.0
8531,2013.0,2.0,47.2,1059.0,700.0,0.0,0.0,1.0,1.0,0.0
8532,2013.0,2.0,47.2,1060.0,700.0,0.0,0.0,1.0,1.0,0.0
8533,2013.0,2.0,47.2,1061.0,700.0,0.0,0.0,1.0,1.0,0.0
8534,2013.0,2.0,47.2,1062.0,700.0,0.0,0.0,1.0,1.0,0.0
8535,2013.0,2.0,47.2,1063.0,700.0,0.0,0.0,1.0,1.0,0.0
8536,2013.0,2.0,47.2,1064.0,700.0,0.0,0.0,1.0,1.0,0.0
8537,2013.0,2.0,47.2,1065.0,700.0,0.0,0.0,1.0,1.0,0.0
8538,2013.0,2.0,47.2,1066.0,700.0,0.0,0.0,1.0,1.0,0.0
8539,2013.0,2.0,47.2,1067.0,700.0,0.0,0.0,1.0,1.0,0.0
8540,2013.0,2.0,47.2,1068.0,700.0,0.0,0.0,1.0,1.0,0.0
8541,2013.0,2.0,47.2,1069.0,700.0,0.0,0.0,1.0,1.0,0.0
8542,2013.0,2.0,47.2,1070.0,700.0,0.0,0.0,1.0,1.0,0.0
8543,2013.0,2.0,47.2,1071.0,700.0,0.0,0.0,1.0,1.0,0.0
8544,2013.0,2.0,47.2,1072.0,700.0,0.0,0.0,1.0,1.0,0.0
8545,2013.0,2.0,47.2,1073.0,700.0,0.0,0.0,1.0,1.0,0.0
8546,2013.0,2.0,47.2,1074.0,700.0,0.0,0.0,1.0,1.0,0.0
8547,2013.0,2.0,47.2,1075.0,700.0,0.0,0.0,1.0,1.0,0.0
8548,2013.0,2.0,47.2,1076.0,700.0,0.0,0.0,1.0,1.0,0.0
8549,2013.0,2.0,47.2,1077.0,700.0,0.0,0.0,1.0,1.0,0.0
8550,2013.0,2.0,47.2,1078.0,700.0,0.0,0.0,1.0,1.0,0.0
8551,2013.0,2.0,47.2,1079.0,700.0,0.0,0.0,1.0,1.0,0.0
8552,2013.0,2.0,47.2,1080.0,700.0,0.0,0.0,1.0,1.0,0.0
8553,2013.0,2.0,47.2,1081.0,700.0,0.0,0.0,1.0,1.0,0.0
8554,2013.0,2.0,47.2,1082.0,700.0,0.0,0.0,1.0,1.0,0.0
8555,2013.0,2.0,47.2,1083.0,700.0,0.0,0.0,1.0,1.0,0.0
8556,2013.0,2.0,47.2,1084.0,700.0,0.0,0.0,1.0,1.0,0.0
8557,2013.0,2.0,47.2,1085.0,700.0,0.0,0.0,1.0,1.0,0.0
8558,2013.0,2.0,47.2,1086.0,700.0,0.0,0.0,1.0,1.0,0.0
8559,2013.0,2.0,47.2,1087.0,700.0,0.0,0.0,1.0,1.0,0.0
8560,2013.0,2.0,47.2,1088.0,700.0,0.0,0.0,1.0,1.0,0.0
8561,2013.0,2.0,47.2,1089.0,700.0,0.0,0.0,1.0,1.0,0.0
8562,2013.0,2.0,47.2,1090.0,700.0,0.0,0.0,1.0,1.0,0.0
8563,2013.0,2.0,47.2,1091.0,700.0,0.0,0.0,1.0,1.0,0.0
8564,2013.0,2.0,47.2,1092.0,700.0,0.0,0.0,1.0,1.0,0.0
8565,2013.0,2.0,47.2,1093.0,700.0,0.0,0.0,1.0,1.0,0.0
8566,2013.0,2.0,47.2,1094.0,700.0,0.0,0.0,1.0,1.0,0.0
8567,2013.0,2.0,47.2,1095.0,700.0,0.0,0.0,1.0,1.0,0.0
8568,2013.0,2.0,47.2,1096.0,700.0,0.0,0.0,1.0,1.0,0.0
8569,2013.0,2.0,47.2,1097.0,700.0,0.0,0.0,1.0,1.0,0.0
8570,2013.0,2.0,47.2,1098.0,700.0,0.0,0.0,1.0,1.0,0.0
8571,2013.0,2.0,47.2,1099.0,700.0,0.0,0.0,1.0,1.0,0.0
8572,2013.0,2.0,47.2,1100.0,700.0,0.0,0.0,1.0,1.0,0.0
8573,2013.0,2.0,47.2,1101.0,700.0,0.0,0.0,1.0,1.0,0.0
8574,2013.0,2.0,47.2,1102.0,700.0,0.0,0.0,1.0,1.0,0.0
8575,2013.0,2.0,47.2,1103.0,700.0,0.0,0.0,1.0,1.0,0.0
8576,2013.0,2.0,47.2,1104.0,700.0,0.0,0.0,1.0,1.0,0.0
8577,2013.0,2.0,47.2,1105.0,700.0,0.0,0.0,1.0,1.0,0.0
8578,2013.0,2.0,47.2,1106.0,700.0,0.0,0.0,1.0,1.0,0.0
8579,2013.0,2.0,47.2,1107.0,700.0,0.0,0.0,1.0,1.0,0.0
8580,2013.0,2.0,47.2,1108.0,700.0,0.0,0.0,1.0,1.0,0.0
8581,2013.0,2.0,47.2,1109.0,700.0,0.0,0.0,1.0,1.0,0.0
8582,2013.0,2.0,47.2,1110.0,700.0,0.0,0.0,1.0,1.0,0.0
8583,2013.0,2.0,47.2,1111.0,700.0,0.0,0.0,1.0,1.0,0.0
8584,2013.0,2.0,47.2,1112.0,700.0,0.0,0.0,1.0,1.0,0.0
8585,2013.0,2.0,47.2,1113.0,700.0,0.0,0.0,1.0,1.0,0.0
8586,2013.0,2.0,47.2,1114.0,700.0,0.0,0.0,1.0,1.0,0.0
8587,2013.0,2.0,47.2,1115.0,700.0,0.0,0.0,1.0,1.0,0.0
8588,2013.0,2.0,47.2,1116.0,700.0,0.0,0.0,1.0,1.0,0.0
8589,2013.0,2.0,47.2,1117.0,700.0,0.0,0.0,1.0,1.0,0.0
8590,2013.0,2.0,47.2,1118.0,700.0,0.0,0.0,1.0,1.0,0.0
8591,2013.0,2.0,47.2,1119.0,700.0,0.0,0.0,1.0,1.0,0.0
8592,2013.0,2.0,47.2,1120.0,700.0,0.0,0.0,1.0,1.0,0.0
8593,2013.0,2.0,47.2,1121.0,700.0,0.0,0.0,1.0,1.0,0.0
8594,2013.0,2.0,47.2,1122.0,700.0,0.0,0.0,1.0,1.0,0.0
8595,2013.0,2.0,47.2,1123.0,700.0,0.0,0.0,1.0,1.0,0.0
8596,2013.0,2.0,47.2,1124.0,700.0,0.0,0.0,1.0,1.0,0.0
8597,2013.0,2.0,47.2,1125.0,700.0,0.0,0.0,1.0,1.0,0.0
8598,2013.0,2.0,47.2,1126.0,700.0,0.0,0.0,1.0,1.0,0.0
8599,2013.0,2.0,47.2,1127.0,700.0,0.0,0.0,1.0,1.0,0.0
8600,2013.0,2.0,47.2,1128.0,700.0,0.0,0.0,1.0,1.0,0.0
8601,2013.0,2.0,47.2,1129.0,700.0,0.0,0.0,1.0,1.0,0.0
8602,2013.0,2.0,47.2,1130.0,700.0,0.0,0.0,1.0,1.0,0.0
8603,2013.0,2.0,47.2,1131.0,700.0,0.0,0.0,1.0,1.0,0.0
8604,2013.0,2.0,47.2,1132.0,700.0,0.0,0.0,1.0,1.0,0.0
8605,2013.0,2.0,47.2,1133.0,700.0,0.0,0.0,1.0,1.0,0.0
8606,2013.0,2.0,47.2,1134.0,700.0,0.0,0.0,1.0,1.0,0.0
8607,2013.0,2.0,47.2,1135.0,700.0,0.0,0.0,1.0,1.0,0.0
8608,2013.0,2.0,47.2,1136.0,700.0,0.0,0.0,1.0,1.0,0.0
8609,2013.0,2.0,47.2,1137.0,700.0,0.0,0.0,1.0,1.0,0.0
8610,2013.0,2.0,47.2,1138.0,700.0,0.0,0.0,1.0,1.0,0.0
8611,2013.0,2.0,47.2,1139.0,700.0,0.0,0.0,1.0,1.0,0.0
8612,2013.0,2.0,47.2,1140.0,700.0,0.0,0.0,1.0,1.0,0.0
8613,2013.0,2.0,47.2,1141.0,700.0,0.0,0.0,1.0,1.0,0.0
8614,2013.0,2.0,47.2,1142.0,700.0,0.0,0.0,1.0,1.0,0.0
8615,2013.0,2.0,47.2,1143.0,700.0,0.0,0.0,1.0,1.0,0.0
8616,2013.0,2.0,47.2,1144.0,700.0,0.0,0.0,1.0,1.0,0.0
8617,2013.0,2.0,47.2,1145.0,700.0,0.0,0.0,1.0,1.0,0.0
8618,2013.0,2.0,47.2,1146.0,700.0,0.0,0.0,1.0,1.0,0.0
8619,2013.0,2.0,47.2,1147.0,700.0,0.0,0.0,1.0,1.0,0.0
8620,2013.0,2.0,47.2,1148.0,700.0,0.0,0.0,1.0,1.0,0.0
8621,2013.0,2.0,47.2,1149.0,700.0,0.0,0.0,1.0,1.0,0.0
8622,2013.0,2.0,47.2,1150.0,700.0,0.0,0.0,1.0,1.0,0.0
8623,2013.0,2.0,47.2,1151.0,700.0,0.0,0.0,1.0,1.0,0.0
8624,2013.0,2.0,47.2,1152.0,700.0,0.0,0.0,1.0,1.0,0.0
8625,2013.0,2.0,47.2,1153.0,700.0,0.0,0.0,1.0,1.0,0.0
8626,2013.0,2.0,47.2,1154.0,700.0,0.0,0.0,1.0,1.0,0.0
8627,2013.0,2.0,47.2,1155.0,700.0,0.0,0.0,1.0,1.0,0.0
8628,2013.0,2.0,47.2,1156.0,700.0,0.0,0.0,1.0,1.0,0.0
8629,2013.0,2.0,47.2,1157.0,700.0,0.0,0.0,1.0,1.0,0.0
8630,2013.0,2.0,47.2,1158.0,700.0,0.0,0.0,1.0,1.0,0.0
8631,2013.0,2.0,47.2,1159.0,700.0,0.0,0.0,1.0,1.0,0.0
8632,2013.0,2.0,47.2,1160.0,700.0,0.0,0.0,1.0,1.0,0.0
8633,2013.0,2.0,47.2,1161.0,700.0,0.0,0.0,1.0,1.0,0.0
8634,2013.0,2.0,47.2,1162.0,700.0,0.0,0.0,1.0,1.0,0.0
8635,2013.0,2.0,47.2,1163.0,700.0,0.0,0.0,1.0,1.0,0.0
8636,2013.0,2.0,47.2,1164.0,700.0,0.0,0.0,1.0,1.0,0.0
8637,2013.0,2.0,47.2,1165.0,700.0,0.0,0.0,1.0,1.0,0.0
8638,2013.0,2.0,47.2,1166.0,700.0,0.0,0.0,1.0,1.0,0.0
8639,2013.0,2.0,47.2,1167.0,700.0,0.0,0.0,1.0,1.0,0.0
8640,2013.0,2.0,47.2,1168.0,700.0,0.0,0.0,1.0,1.0,0.0
8641,2013.0,2.0,47.2,1169.0,700.0,0.0,0.0,1.0,1.0,0.0
8642,2013.0,2.0,47.2,1170.0,700.0,0.0,0.0,1.0,1.0,0.0
8643,2013.0,2.0,47.2,1171.0,700.0,0.0,0.0,1.0,1.0,0.0
8644,2013.0,2.0,47.2,1172.0,700.0,0.0,0.0,1.0,1.0,0.0
8645,2013.0,2.0,47.2,1173.0,700.0,0.0,0.0,1.0,1.0,0.0
8646,2013.0,2.0,47.2,1174.0,700.0,0.0,0.0,1.0,1.0,0.0
8647,2013.0,2.0,47.2,1175.0,700.0,0.0,0.0,1.0,1.0,0.0
8648,2013.0,2.0,47.2,1176.0,700.0,0.0,0.0,1.0,1.0,0.0
8649,2013.0,2.0,47.2,1177.0,700.0,0.0,0.0,1.0,1.0,0.0
8650,2013.0,2.0,47.2,1178.0,700.0,0.0,0.0,1.0,1.0,0.0
8651,2013.0,2.0,47.2,1179.0,700.0,0.0,0.0,1.0,1.0,0.0
8652,2013.0,2.0,47.2,1180.0,700.0,0.0,0.0,1.0,1.0,0.0
8653,2013.0,2.0,47.2,1181.0,700.0,0.0,0.0,1.0,1.0,0.0
8654,2013.0,2.0,47.2,1182.0,700.0,0.0,0.0,1.0,1.0,0.0
8655,2013.0,2.0,47.2,1183.0,700.0,0.0,0.0,1.0,1.0,0.0
8656,2013.0,2.0,47.2,1184.0,700.0,0.0,0.0,1.0,1.0,0.0
8657,2013.0,2.0,47.2,1185.0,700.0,0.0,0.0,1.0,1.0,0.0
8658,2013.0,2.0,47.2,1186.0,700.0,0.0,0.0,1.0,1.0,0.0
8659,2013.0,2.0,47.2,1187.0,700.0,0.0,0.0,1.0,1.0,0.0
8660,2013.0,2.0,47.2,1188.0,700.0,0.0,0.0,1.0,1.0,0.0
8661,2013.0,2.0,47.2,1189.0,700.0,0.0,0.0,1.0,1.0,0.0
8662,2013.0,2.0,47.2,1190.0,700.0,0.0,0.0,1.0,1.0,0.0
8663,2013.0,2.0,47.2,1191.0,700.0,0.0,0.0,1.0,1.0,0.0
8664,2013.0,2.0,47.2,1192.0,700.0,0.0,0.0,1.0,1.0,0.0
8665,2013.0,2.0,47.2,1193.0,700.0,0.0,0.0,1.0,1.0,0.0
8666,2013.0,2.0,47.2,1194.0,700.0,0.0,0.0,1.0,1.0,0.0
8667,2013.0,2.0,47.2,1195.0,700.0,0.0,0.0,1.0,1.0,0.0
8668,2013.0,2.0,47.2,1196.0,700.0,0.0,0.0,1.0,1.0,0.0
8669,2013.0,2.0,47.2,1197.0,700.0,0.0,0.0,1.0,1.0,0.0
8670,2013.0,2.0,47.2,1198.0,700.0,0.0,0.0,1.0,1.0,0.0
8671,2013.0,2.0,47.2,1199.0,700.0,0.0,0.0,1.0,1.0,0.0
8672,2013.0,2.0,47.2,1200.0,700.0,0.0,0.0,1.0,1.0,0.0
8673,2013.0,2.0,47.2,1201.0,700.0,0.0,0.0,1.0,1.0,0.0
8674,2013.0,2.0,47.2,1202.0,700.0,0.0,0.0,1.0,1.0,0.0
8675,2013.0,2.0,47.2,1203.0,700.0,0.0,0.0,1.0,1.0,0.0
8676,2013.0,2.0,47.2,1204.0,700.0,0.0,0.0,1.0,1.0,0.0
8677,2013.0,2.0,47.2,1205.0,700.0,0.0,0.0,1.0,1.0,0.0
8678,2013.0,2.0,47.2,1206.0,700.0,0.0,0.0,1.0,1.0,0.0
8679,2013.0,2.0,47.2,1207.0,700.0,0.0,0.0,1.0,1.0,0.0
8680,2013.0,2.0,47.2,1208.0,700.0,0.0,0.0,1.0,1.0,0.0
8681,2013.0,2.0,47.2,1209.0,700.0,0.0,0.0,1.0,1.0,0.0
8682,2013.0,2.0,47.2,1210.0,700.0,0.0,0.0,1.0,1.0,0.0
8683,2013.0,2.0,47.2,1211.0,700.0,0.0,0.0,1.0,1.0,0.0
8684,2013.0,2.0,47.2,1212.0,700.0,0.0,0.0,1.0,1.0,0.0
8685,2013.0,2.0,47.2,1213.0,700.0,0.0,0.0,1.0,1.0,0.0
8686,2013.0,2.0,47.2,1214.0,700.0,0.0,0.0,1.0,1.0,0.0
8687,2013.0,2.0,47.2,1215.0,700.0,0.0,0.0,1.0,1.0,0.0
8688,2013.0,2.0,47.2,1216.0,700.0,0.0,0.0,1.0,1.0,0.0
8689,2013.0,2.0,47.2,1217.0,700.0,0.0,0.0,1.0,1.0,0.0
8690,2013.0,2.0,47.2,1218.0,700.0,0.0,0.0,1.0,1.0,0.0
8691,2013.0,2.0,47.2,1219.0,700.0,0.0,0.0,1.0,1.0,0.0
8692,2013.0,2.0,47.2,1220.0,700.0,0.0,0.0,1.0,1.0,0.0
8693,2013.0,2.0,47.2,1221.0,700.0,0.0,0.0,1.0,1.0,0.0
8694,2013.0,2.0,47.2,1222.0,700.0,0.0,0.0,1.0,1.0,0.0
8695,2013.0,2.0,47.2,1223.0,700.0,0.0,0.0,1.0,1.0,0.0
8696,2013.0,2.0,47.2,1224.0,700.0,0.0,0.0,1.0,1.0,0.0
8697,2013.0,2.0,47.2,1225.0,700.0,0.0,0.0,1.0,1.0,0.0
8698,2013.0,2.0,47.2,1226.0,700.0,0.0,0.0,1.0,1.0,0.0
8699,2013.0,2.0,47.2,1227.0,700.0,0.0,0.0,1.0,1.0,0.0
8700,2013.0,2.0,47.2,1228.0,700.0,0.0,0.0,1.0,1.0,0.0
8701,2013.0,2.0,47.2,1229.0,700.0,0.0,0.0,1.0,1.0,0.0
8702,2013.0,2.0,47.2,1230.0,700.0,0.0,0.0,1.0,1.0,0.0
8703,2013.0,2.0,47.2,1231.0,700.0,0.0,0.0,1.0,1.0,0.0
8704,2013.0,2.0,47.2,1232.0,700.0,0.0,0.0,1.0,1.0,0.0
8705,2013.0,2.0,47.2,1233.0,700.0,0.0,0.0,1.0,1.0,0.0
8706,2013.0,2.0,47.2,1234.0,700.0,0.0,0.0,1.0,1.0,0.0
8707,2013.0,2.0,47.2,1235.0,700.0,0.0,0.0,1.0,1.0,0.0
8708,2013.0,2.0,47.2,1236.0,700.0,0.0,0.0,1.0,1.0,0.0
8709,2013.0,2.0,47.2,1237.0,700.0,0.0,0.0,1.0,1.0,0.0
8710,2013.0,2.0,47.2,1238.0,700.0,0.0,0.0,1.0,1.0,0.0
8711,2013.0,2.0,47.2,1239.0,700.0,0.0,0.0,1.0,1.0,0.0
8712,2013.0,2.0,47.2,1240.0,700.0,0.0,0.0,1.0,1.0,0.0
8713,2013.0,2.0,47.2,1241.0,700.0,0.0,0.0,1.0,1.0,0.0
8714,2013.0,2.0,47.2,1242.0,700.0,0.0,0.0,1.0,1.0,0.0
8715,2013.0,2.0,47.2,1243.0,700.0,0.0,0.0,1.0,1.0,0.0
8716,2013.0,2.0,47.2,1244.0,700.0,0.0,0.0,1.0,1.0,0.0
8717,2013.0,2.0,47.2,1245.0,700.0,0.0,0.0,1.0,1.0,0.0
8718,2013.0,2.0,47.2,1246.0,700.0,0.0,0.0,1.0,1.0,0.0
8719,2013.0,2.0,47.2,1247.0,700.0,0.0,0.0,1.0,1.0,0.0
8720,2013.0,2.0,47.2,1248.0,700.0,0.0,0.0,1.0,1.0,0.0
8721,2013.0,2.0,47.2,1249.0,1734.0,0.0,0.0,1.0,1.0,0.0
8722,2014.0,1.0,19.0,1.0,687.0,0.0,0.0,1.0,1.0,0.0
8723,2014.0,1.0,19.0,2.0,687.0,0.0,0.0,1.0,1.0,0.0
8724,2014.0,1.0,19.0,3.0,687.0,0.0,0.0,1.0,1.0,0.0
8725,2014.0,1.0,19.0,4.0,687.0,0.0,0.0,1.0,1.0,0.0
8726,2014.0,1.0,19.0,5.0,687.0,0.0,0.0,1.0,1.0,0.0
8727,2014.0,1.0,19.0,6.0,687.0,0.0,0.0,1.0,1.0,0.0
8728,2014.0,1.0,19.0,7.0,687.0,0.0,0.0,1.0,1.0,0.0
8729,2014.0,1.0,19.0,8.0,687.0,0.0,0.0,1.0,1.0,0.0
8730,2014.0,1.0,19.0,9.0,687.0,0.0,0.0,1.0,1.0,0.0
8731,2014.0,1.0,19.0,10.0,687.0,0.0,0.0,1.0,1.0,0.0
8732,2014.0,1.0,19.0,11.0,687.0,0.0,0.0,1.0,1.0,0.0
8733,2014.0,1.0,19.0,12.0,687.0,0.0,0.0,1.0,1.0,0.0
8734,2014.0,1.0,19.0,13.0,687.0,0.0,0.0,1.0,1.0,0.0
8735,2014.0,1.0,19.0,14.0,687.0,0.0,0.0,1.0,1.0,0.0
8736,2014.0,1.0,19.0,15.0,687.0,0.0,0.0,1.0,1.0,0.0
8737,2014.0,1.0,19.0,16.0,687.0,0.0,0.0,1.0,1.0,0.0
8738,2014.0,1.0,19.0,17.0,687.0,0.0,0.0,1.0,1.0,0.0
8739,2014.0,1.0,19.0,18.0,687.0,0.0,0.0,1.0,1.0,0.0
8740,2014.0,1.0,19.0,19.0,687.0,0.0,0.0,1.0,1.0,0.0
8741,2014.0,1.0,19.0,20.0,687.0,0.0,0.0,1.0,1.0,0.0
8742,2014.0,1.0,19.0,21.0,687.0,0.0,0.0,1.0,1.0,0.0
8743,2014.0,1.0,19.0,22.0,687.0,0.0,0.0,1.0,1.0,0.0
8744,2014.0,1.0,19.0,23.0,687.0,0.0,0.0,1.0,1.0,0.0
8745,2014.0,1.0,19.0,24.0,687.0,0.0,0.0,1.0,1.0,0.0
8746,2014.0,1.0,19.0,25.0,687.0,0.0,0.0,1.0,1.0,0.0
8747,2014.0,1.0,19.0,26.0,687.0,0.0,0.0,1.0,1.0,0.0
8748,2014.0,1.0,19.0,27.0,687.0,0.0,0.0,1.0,1.0,0.0
8749,2014.0,1.0,19.0,28.0,687.0,0.0,0.0,1.0,1.0,0.0
8750,2014.0,1.0,19.0,29.0,687.0,0.0,0.0,1.0,1.0,0.0
8751,2014.0,1.0,19.0,30.0,687.0,0.0,0.0,1.0,1.0,0.0
8752,2014.0,1.0,19.0,31.0,687.0,0.0,0.0,1.0,1.0,0.0
8753,2014.0,1.0,19.0,32.0,687.0,0.0,0.0,1.0,1.0,0.0
8754,2014.0,1.0,19.0,33.0,687.0,0.0,0.0,1.0,1.0,0.0
8755,2014.0,1.0,19.0,34.0,687.0,0.0,0.0,1.0,1.0,0.0
8756,2014.0,1.0,19.0,35.0,687.0,0.0,0.0,1.0,1.0,0.0
8757,2014.0,1.0,19.0,36.0,687.0,0.0,0.0,1.0,1.0,0.0
8758,2014.0,1.0,19.0,37.0,687.0,0.0,0.0,1.0,1.0,0.0
8759,2014.0,1.0,19.0,38.0,687.0,0.0,0.0,1.0,1.0,0.0
8760,2014.0,1.0,19.0,39.0,687.0,0.0,0.0,1.0,1.0,0.0
8761,2014.0,1.0,19.0,40.0,687.0,0.0,0.0,1.0,1.0,0.0
8762,2014.0,1.0,19.0,41.0,687.0,0.0,0.0,1.0,1.0,0.0
8763,2014.0,1.0,19.0,42.0,687.0,0.0,0.0,1.0,1.0,0.0
8764,2014.0,1.0,19.0,43.0,687.0,0.0,0.0,1.0,1.0,0.0
8765,2014.0,1.0,19.0,44.0,687.0,0.0,0.0,1.0,1.0,0.0
8766,2014.0,1.0,19.0,45.0,687.0,0.0,0.0,1.0,1.0,0.0
8767,2014.0,1.0,19.0,46.0,687.0,0.0,0.0,1.0,1.0,0.0
8768,2014.0,1.0,19.0,47.0,687.0,0.0,0.0,1.0,1.0,0.0
8769,2014.0,1.0,19.0,48.0,687.0,0.0,0.0,1.0,1.0,0.0
8770,2014.0,1.0,19.0,49.0,687.0,0.0,0.0,1.0,1.0,0.0
8771,2014.0,1.0,19.0,50.0,687.0,0.0,0.0,1.0,1.0,0.0
8772,2014.0,1.0,19.0,51.0,687.0,0.0,0.0,1.0,1.0,0.0
8773,2014.0,1.0,19.0,52.0,687.0,0.0,0.0,1.0,1.0,0.0
8774,2014.0,1.0,19.0,53.0,687.0,0.0,0.0,1.0,1.0,0.0
8775,2014.0,1.0,19.0,54.0,687.0,0.0,0.0,1.0,1.0,0.0
8776,2014.0,1.0,19.0,55.0,687.0,0.0,0.0,1.0,1.0,0.0
8777,2014.0,1.0,19.0,56.0,687.0,0.0,0.0,1.0,1.0,0.0
8778,2014.0,1.0,19.0,57.0,687.0,0.0,0.0,1.0,1.0,0.0
8779,2014.0,1.0,19.0,58.0,687.0,0.0,0.0,1.0,1.0,0.0
8780,2014.0,1.0,19.0,59.0,687.0,0.0,0.0,1.0,1.0,0.0
8781,2014.0,1.0,19.0,60.0,687.0,0.0,0.0,1.0,1.0,0.0
8782,2014.0,1.0,19.0,61.0,687.0,0.0,0.0,1.0,1.0,0.0
8783,2014.0,1.0,19.0,62.0,687.0,0.0,0.0,1.0,1.0,0.0
8784,2014.0,1.0,19.0,63.0,687.0,0.0,0.0,1.0,1.0,0.0
8785,2014.0,1.0,19.0,64.0,687.0,0.0,0.0,1.0,1.0,0.0
8786,2014.0,1.0,19.0,65.0,687.0,0.0,0.0,1.0,1.0,0.0
8787,2014.0,1.0,19.0,66.0,687.0,0.0,0.0,1.0,1.0,0.0
8788,2014.0,1.0,19.0,67.0,687.0,0.0,0.0,1.0,1.0,0.0
8789,2014.0,1.0,19.0,68.0,687.0,0.0,0.0,1.0,1.0,0.0
8790,2014.0,1.0,19.0,69.0,687.0,0.0,0.0,1.0,1.0,0.0
8791,2014.0,1.0,19.0,70.0,687.0,0.0,0.0,1.0,1.0,0.0
8792,2014.0,1.0,19.0,71.0,687.0,0.0,0.0,1.0,1.0,0.0
8793,2014.0,1.0,19.0,72.0,687.0,0.0,0.0,1.0,1.0,0.0
8794,2014.0,1.0,19.0,73.0,687.0,0.0,0.0,1.0,1.0,0.0
8795,2014.0,1.0,19.0,74.0,687.0,0.0,0.0,1.0,1.0,0.0
8796,2014.0,1.0,19.0,75.0,687.0,0.0,0.0,1.0,1.0,0.0
8797,2014.0,1.0,19.0,76.0,687.0,0.0,0.0,1.0,1.0,0.0
8798,2014.0,1.0,19.0,77.0,687.0,0.0,0.0,1.0,1.0,0.0
8799,2014.0,1.0,19.0,78.0,687.0,0.0,0.0,1.0,1.0,0.0
8800,2014.0,1.0,19.0,79.0,687.0,0.0,0.0,1.0,1.0,0.0
8801,2014.0,1.0,19.0,80.0,687.0,0.0,0.0,1.0,1.0,0.0
8802,2014.0,1.0,19.0,81.0,687.0,0.0,0.0,1.0,1.0,0.0
8803,2014.0,1.0,19.0,82.0,687.0,0.0,0.0,1.0,1.0,0.0
8804,2014.0,1.0,19.0,83.0,687.0,0.0,0.0,1.0,1.0,0.0
8805,2014.0,1.0,19.0,84.0,687.0,0.0,0.0,1.0,1.0,0.0
8806,2014.0,1.0,19.0,85.0,687.0,0.0,0.0,1.0,1.0,0.0
8807,2014.0,1.0,19.0,86.0,687.0,0.0,0.0,1.0,1.0,0.0
8808,2014.0,1.0,19.0,87.0,687.0,0.0,0.0,1.0,1.0,0.0
8809,2014.0,1.0,19.0,88.0,687.0,0.0,0.0,1.0,1.0,0.0
8810,2014.0,1.0,19.0,89.0,687.0,0.0,0.0,1.0,1.0,0.0
8811,2014.0,1.0,19.0,90.0,687.0,0.0,0.0,1.0,1.0,0.0
8812,2014.0,1.0,19.0,91.0,687.0,0.0,0.0,1.0,1.0,0.0
8813,2014.0,1.0,19.0,92.0,687.0,0.0,0.0,1.0,1.0,0.0
8814,2014.0,1.0,19.0,93.0,687.0,0.0,0.0,1.0,1.0,0.0
8815,2014.0,1.0,19.0,94.0,687.0,0.0,0.0,1.0,1.0,0.0
8816,2014.0,1.0,19.0,95.0,687.0,0.0,0.0,1.0,1.0,0.0
8817,2014.0,1.0,19.0,96.0,687.0,0.0,0.0,1.0,1.0,0.0
8818,2014.0,1.0,19.0,97.0,687.0,0.0,0.0,1.0,1.0,0.0
8819,2014.0,1.0,19.0,98.0,687.0,0.0,0.0,1.0,1.0,0.0
8820,2014.0,1.0,19.0,99.0,687.0,0.0,0.0,1.0,1.0,0.0
8821,2014.0,1.0,19.0,100.0,687.0,0.0,0.0,1.0,1.0,0.0
8822,2014.0,1.0,19.0,101.0,687.0,0.0,0.0,1.0,1.0,0.0
8823,2014.0,1.0,19.0,102.0,687.0,0.0,0.0,1.0,1.0,0.0
8824,2014.0,1.0,19.0,103.0,687.0,0.0,0.0,1.0,1.0,0.0
8825,2014.0,1.0,19.0,104.0,687.0,0.0,0.0,1.0,1.0,0.0
8826,2014.0,1.0,19.0,105.0,687.0,0.0,0.0,1.0,1.0,0.0
8827,2014.0,1.0,19.0,106.0,687.0,0.0,0.0,1.0,1.0,0.0
8828,2014.0,1.0,19.0,107.0,687.0,0.0,0.0,1.0,1.0,0.0
8829,2014.0,1.0,19.0,108.0,687.0,0.0,0.0,1.0,1.0,0.0
8830,2014.0,1.0,19.0,109.0,687.0,0.0,0.0,1.0,1.0,0.0
8831,2014.0,1.0,19.0,110.0,687.0,0.0,0.0,1.0,1.0,0.0
8832,2014.0,1.0,19.0,111.0,687.0,0.0,0.0,1.0,1.0,0.0
8833,2014.0,1.0,19.0,112.0,687.0,0.0,0.0,1.0,1.0,0.0
8834,2014.0,1.0,19.0,113.0,687.0,0.0,0.0,1.0,1.0,0.0
8835,2014.0,1.0,19.0,114.0,687.0,0.0,0.0,1.0,1.0,0.0
8836,2014.0,1.0,19.0,115.0,687.0,0.0,0.0,1.0,1.0,0.0
8837,2014.0,1.0,19.0,116.0,687.0,0.0,0.0,1.0,1.0,0.0
8838,2014.0,1.0,19.0,117.0,687.0,0.0,0.0,1.0,1.0,0.0
8839,2014.0,1.0,19.0,118.0,687.0,0.0,0.0,1.0,1.0,0.0
8840,2014.0,1.0,19.0,119.0,687.0,0.0,0.0,1.0,1.0,0.0
8841,2014.0,1.0,19.0,120.0,687.0,0.0,0.0,1.0,1.0,0.0
8842,2014.0,1.0,19.0,121.0,687.0,0.0,0.0,1.0,1.0,0.0
8843,2014.0,1.0,19.0,122.0,687.0,0.0,0.0,1.0,1.0,0.0
8844,2014.0,1.0,19.0,123.0,687.0,0.0,0.0,1.0,1.0,0.0
8845,2014.0,1.0,19.0,124.0,687.0,0.0,0.0,1.0,1.0,0.0
8846,2014.0,1.0,19.0,125.0,687.0,0.0,0.0,1.0,1.0,0.0
8847,2014.0,1.0,19.0,126.0,687.0,0.0,0.0,1.0,1.0,0.0
8848,2014.0,1.0,19.0,127.0,687.0,0.0,0.0,1.0,1.0,0.0
8849,2014.0,1.0,19.0,128.0,687.0,0.0,0.0,1.0,1.0,0.0
8850,2014.0,1.0,19.0,129.0,687.0,0.0,0.0,1.0,1.0,0.0
8851,2014.0,1.0,19.0,130.0,687.0,0.0,0.0,1.0,1.0,0.0
8852,2014.0,1.0,19.0,131.0,687.0,0.0,0.0,1.0,1.0,0.0
8853,2014.0,1.0,19.0,132.0,687.0,0.0,0.0,1.0,1.0,0.0
8854,2014.0,1.0,19.0,133.0,687.0,0.0,0.0,1.0,1.0,0.0
8855,2014.0,1.0,19.0,134.0,687.0,0.0,0.0,1.0,1.0,0.0
8856,2014.0,1.0,19.0,135.0,687.0,0.0,0.0,1.0,1.0,0.0
8857,2014.0,1.0,19.0,136.0,687.0,0.0,0.0,1.0,1.0,0.0
8858,2014.0,1.0,19.0,137.0,687.0,0.0,0.0,1.0,1.0,0.0
8859,2014.0,1.0,19.0,138.0,687.0,0.0,0.0,1.0,1.0,0.0
8860,2014.0,1.0,19.0,139.0,687.0,0.0,0.0,1.0,1.0,0.0
8861,2014.0,1.0,19.0,140.0,687.0,0.0,0.0,1.0,1.0,0.0
8862,2014.0,1.0,19.0,141.0,687.0,0.0,0.0,1.0,1.0,0.0
8863,2014.0,1.0,19.0,142.0,687.0,0.0,0.0,1.0,1.0,0.0
8864,2014.0,1.0,19.0,143.0,687.0,0.0,0.0,1.0,1.0,0.0
8865,2014.0,1.0,19.0,144.0,687.0,0.0,0.0,1.0,1.0,0.0
8866,2014.0,1.0,19.0,145.0,687.0,0.0,0.0,1.0,1.0,0.0
8867,2014.0,1.0,19.0,146.0,687.0,0.0,0.0,1.0,1.0,0.0
8868,2014.0,1.0,19.0,147.0,687.0,0.0,0.0,1.0,1.0,0.0
8869,2014.0,1.0,19.0,148.0,687.0,0.0,0.0,1.0,1.0,0.0
8870,2014.0,1.0,19.0,149.0,687.0,0.0,0.0,1.0,1.0,0.0
8871,2014.0,1.0,19.0,150.0,687.0,0.0,0.0,1.0,1.0,0.0
8872,2014.0,1.0,19.0,151.0,687.0,0.0,0.0,1.0,1.0,0.0
8873,2014.0,1.0,19.0,152.0,687.0,0.0,0.0,1.0,1.0,0.0
8874,2014.0,1.0,19.0,153.0,687.0,0.0,0.0,1.0,1.0,0.0
8875,2014.0,1.0,19.0,154.0,687.0,0.0,0.0,1.0,1.0,0.0
8876,2014.0,1.0,19.0,155.0,687.0,0.0,0.0,1.0,1.0,0.0
8877,2014.0,1.0,19.0,156.0,687.0,0.0,0.0,1.0,1.0,0.0
8878,2014.0,1.0,19.0,157.0,687.0,0.0,0.0,1.0,1.0,0.0
8879,2014.0,1.0,19.0,158.0,687.0,0.0,0.0,1.0,1.0,0.0
8880,2014.0,1.0,19.0,159.0,687.0,0.0,0.0,1.0,1.0,0.0
8881,2014.0,1.0,19.0,160.0,687.0,0.0,0.0,1.0,1.0,0.0
8882,2014.0,1.0,19.0,161.0,687.0,0.0,0.0,1.0,1.0,0.0
8883,2014.0,1.0,19.0,162.0,687.0,0.0,0.0,1.0,1.0,0.0
8884,2014.0,1.0,19.0,163.0,687.0,0.0,0.0,1.0,1.0,0.0
8885,2014.0,1.0,19.0,164.0,687.0,0.0,0.0,1.0,1.0,0.0
8886,2014.0,1.0,19.0,165.0,687.0,0.0,0.0,1.0,1.0,0.0
8887,2014.0,1.0,19.0,166.0,687.0,0.0,0.0,1.0,1.0,0.0
8888,2014.0,1.0,19.0,167.0,687.0,0.0,0.0,1.0,1.0,0.0
8889,2014.0,1.0,19.0,168.0,687.0,0.0,0.0,1.0,1.0,0.0
8890,2014.0,1.0,19.0,169.0,687.0,0.0,0.0,1.0,1.0,0.0
8891,2014.0,1.0,19.0,170.0,687.0,0.0,0.0,1.0,1.0,0.0
8892,2014.0,1.0,19.0,171.0,687.0,0.0,0.0,1.0,1.0,0.0
8893,2014.0,1.0,19.0,172.0,687.0,0.0,0.0,1.0,1.0,0.0
8894,2014.0,1.0,19.0,173.0,687.0,0.0,0.0,1.0,1.0,0.0
8895,2014.0,1.0,19.0,174.0,687.0,0.0,0.0,1.0,1.0,0.0
8896,2014.0,1.0,19.0,175.0,687.0,0.0,0.0,1.0,1.0,0.0
8897,2014.0,1.0,19.0,176.0,687.0,0.0,0.0,1.0,1.0,0.0
8898,2014.0,1.0,19.0,177.0,687.0,0.0,0.0,1.0,1.0,0.0
8899,2014.0,1.0,19.0,178.0,687.0,0.0,0.0,1.0,1.0,0.0
8900,2014.0,1.0,19.0,179.0,687.0,0.0,0.0,1.0,1.0,0.0
8901,2014.0,1.0,19.0,180.0,687.0,0.0,0.0,1.0,1.0,0.0
8902,2014.0,1.0,19.0,181.0,687.0,0.0,0.0,1.0,1.0,0.0
8903,2014.0,1.0,19.0,182.0,687.0,0.0,0.0,1.0,1.0,0.0
8904,2014.0,1.0,19.0,183.0,687.0,0.0,0.0,1.0,1.0,0.0
8905,2014.0,1.0,19.0,184.0,687.0,0.0,0.0,1.0,1.0,0.0
8906,2014.0,1.0,19.0,185.0,687.0,0.0,0.0,1.0,1.0,0.0
8907,2014.0,1.0,19.0,186.0,687.0,0.0,0.0,1.0,1.0,0.0
8908,2014.0,1.0,19.0,187.0,687.0,0.0,0.0,1.0,1.0,0.0
8909,2014.0,1.0,19.0,188.0,687.0,0.0,0.0,1.0,1.0,0.0
8910,2014.0,1.0,19.0,189.0,687.0,0.0,0.0,1.0,1.0,0.0
8911,2014.0,1.0,19.0,190.0,687.0,0.0,0.0,1.0,1.0,0.0
8912,2014.0,1.0,19.0,191.0,687.0,0.0,0.0,1.0,1.0,0.0
8913,2014.0,1.0,19.0,192.0,687.0,0.0,0.0,1.0,1.0,0.0
8914,2014.0,1.0,19.0,193.0,687.0,0.0,0.0,1.0,1.0,0.0
8915,2014.0,1.0,19.0,194.0,687.0,0.0,0.0,1.0,1.0,0.0
8916,2014.0,1.0,19.0,195.0,687.0,0.0,0.0,1.0,1.0,0.0
8917,2014.0,1.0,19.0,196.0,687.0,0.0,0.0,1.0,1.0,0.0
8918,2014.0,1.0,19.0,197.0,687.0,0.0,0.0,1.0,1.0,0.0
8919,2014.0,1.0,19.0,198.0,687.0,0.0,0.0,1.0,1.0,0.0
8920,2014.0,1.0,19.0,199.0,687.0,0.0,0.0,1.0,1.0,0.0
8921,2014.0,1.0,19.0,200.0,687.0,0.0,0.0,1.0,1.0,0.0
8922,2014.0,1.0,19.0,201.0,687.0,0.0,0.0,1.0,1.0,0.0
8923,2014.0,1.0,19.0,202.0,687.0,0.0,0.0,1.0,1.0,0.0
8924,2014.0,1.0,19.0,203.0,687.0,0.0,0.0,1.0,1.0,0.0
8925,2014.0,1.0,19.0,204.0,687.0,0.0,0.0,1.0,1.0,0.0
8926,2014.0,1.0,19.0,205.0,687.0,0.0,0.0,1.0,1.0,0.0
8927,2014.0,1.0,19.0,206.0,687.0,0.0,0.0,1.0,1.0,0.0
8928,2014.0,1.0,19.0,207.0,687.0,0.0,0.0,1.0,1.0,0.0
8929,2014.0,1.0,19.0,208.0,687.0,0.0,0.0,1.0,1.0,0.0
8930,2014.0,1.0,19.0,209.0,687.0,0.0,0.0,1.0,1.0,0.0
8931,2014.0,1.0,19.0,210.0,687.0,0.0,0.0,1.0,1.0,0.0
8932,2014.0,1.0,19.0,211.0,687.0,0.0,0.0,1.0,1.0,0.0
8933,2014.0,1.0,19.0,212.0,687.0,0.0,0.0,1.0,1.0,0.0
8934,2014.0,1.0,19.0,213.0,687.0,0.0,0.0,1.0,1.0,0.0
8935,2014.0,1.0,19.0,214.0,687.0,0.0,0.0,1.0,1.0,0.0
8936,2014.0,1.0,19.0,215.0,687.0,0.0,0.0,1.0,1.0,0.0
8937,2014.0,1.0,19.0,216.0,687.0,0.0,0.0,1.0,1.0,0.0
8938,2014.0,1.0,19.0,217.0,687.0,0.0,0.0,1.0,1.0,0.0
8939,2014.0,1.0,19.0,218.0,687.0,0.0,0.0,1.0,1.0,0.0
8940,2014.0,1.0,19.0,219.0,687.0,0.0,0.0,1.0,1.0,0.0
8941,2014.0,1.0,19.0,220.0,687.0,0.0,0.0,1.0,1.0,0.0
8942,2014.0,1.0,19.0,221.0,687.0,0.0,0.0,1.0,1.0,0.0
8943,2014.0,1.0,19.0,222.0,687.0,0.0,0.0,1.0,1.0,0.0
8944,2014.0,1.0,19.0,223.0,687.0,0.0,0.0,1.0,1.0,0.0
8945,2014.0,1.0,19.0,224.0,687.0,0.0,0.0,1.0,1.0,0.0
8946,2014.0,1.0,19.0,225.0,687.0,0.0,0.0,1.0,1.0,0.0
8947,2014.0,1.0,19.0,226.0,687.0,0.0,0.0,1.0,1.0,0.0
8948,2014.0,1.0,19.0,227.0,687.0,0.0,0.0,1.0,1.0,0.0
8949,2014.0,1.0,19.0,228.0,687.0,0.0,0.0,1.0,1.0,0.0
8950,2014.0,1.0,19.0,229.0,687.0,0.0,0.0,1.0,1.0,0.0
8951,2014.0,1.0,19.0,230.0,687.0,0.0,0.0,1.0,1.0,0.0
8952,2014.0,1.0,19.0,231.0,687.0,0.0,0.0,1.0,1.0,0.0
8953,2014.0,1.0,19.0,232.0,687.0,0.0,0.0,1.0,1.0,0.0
8954,2014.0,1.0,19.0,233.0,687.0,0.0,0.0,1.0,1.0,0.0
8955,2014.0,1.0,19.0,234.0,687.0,0.0,0.0,1.0,1.0,0.0
8956,2014.0,1.0,19.0,235.0,687.0,0.0,0.0,1.0,1.0,0.0
8957,2014.0,1.0,19.0,236.0,687.0,0.0,0.0,1.0,1.0,0.0
8958,2014.0,1.0,19.0,237.0,687.0,0.0,0.0,1.0,1.0,0.0
8959,2014.0,1.0,19.0,238.0,687.0,0.0,0.0,1.0,1.0,0.0
8960,2014.0,1.0,19.0,239.0,687.0,0.0,0.0,1.0,1.0,0.0
8961,2014.0,1.0,19.0,240.0,687.0,0.0,0.0,1.0,1.0,0.0
8962,2014.0,1.0,19.0,241.0,687.0,0.0,0.0,1.0,1.0,0.0
8963,2014.0,1.0,19.0,242.0,687.0,0.0,0.0,1.0,1.0,0.0
8964,2014.0,1.0,19.0,243.0,687.0,0.0,0.0,1.0,1.0,0.0
8965,2014.0,1.0,19.0,244.0,687.0,0.0,0.0,1.0,1.0,0.0
8966,2014.0,1.0,19.0,245.0,687.0,0.0,0.0,1.0,1.0,0.0
8967,2014.0,1.0,19.0,246.0,687.0,0.0,0.0,1.0,1.0,0.0
8968,2014.0,1.0,19.0,247.0,687.0,0.0,0.0,1.0,1.0,0.0
8969,2014.0,1.0,19.0,248.0,687.0,0.0,0.0,1.0,1.0,0.0
8970,2014.0,1.0,19.0,249.0,687.0,0.0,0.0,1.0,1.0,0.0
8971,2014.0,1.0,19.0,250.0,687.0,0.0,0.0,1.0,1.0,0.0
8972,2014.0,1.0,19.0,251.0,687.0,0.0,0.0,1.0,1.0,0.0
8973,2014.0,1.0,19.0,252.0,687.0,0.0,0.0,1.0,1.0,0.0
8974,2014.0,1.0,19.0,253.0,687.0,0.0,0.0,1.0,1.0,0.0
8975,2014.0,1.0,19.0,254.0,687.0,0.0,0.0,1.0,1.0,0.0
8976,2014.0,1.0,19.0,255.0,687.0,0.0,0.0,1.0,1.0,0.0
8977,2014.0,1.0,19.0,256.0,687.0,0.0,0.0,1.0,1.0,0.0
8978,2014.0,1.0,19.0,257.0,687.0,0.0,0.0,1.0,1.0,0.0
8979,2014.0,1.0,19.0,258.0,687.0,0.0,0.0,1.0,1.0,0.0
8980,2014.0,1.0,19.0,259.0,687.0,0.0,0.0,1.0,1.0,0.0
8981,2014.0,1.0,19.0,260.0,687.0,0.0,0.0,1.0,1.0,0.0
8982,2014.0,1.0,19.0,261.0,687.0,0.0,0.0,1.0,1.0,0.0
8983,2014.0,1.0,19.0,262.0,687.0,0.0,0.0,1.0,1.0,0.0
8984,2014.0,1.0,19.0,263.0,687.0,0.0,0.0,1.0,1.0,0.0
8985,2014.0,1.0,19.0,264.0,687.0,0.0,0.0,1.0,1.0,0.0
8986,2014.0,1.0,19.0,265.0,687.0,0.0,0.0,1.0,1.0,0.0
8987,2014.0,1.0,19.0,266.0,687.0,0.0,0.0,1.0,1.0,0.0
8988,2014.0,1.0,19.0,267.0,687.0,0.0,0.0,1.0,1.0,0.0
8989,2014.0,1.0,19.0,268.0,687.0,0.0,0.0,1.0,1.0,0.0
8990,2014.0,1.0,19.0,269.0,687.0,0.0,0.0,1.0,1.0,0.0
8991,2014.0,1.0,19.0,270.0,687.0,0.0,0.0,1.0,1.0,0.0
8992,2014.0,1.0,19.0,271.0,687.0,0.0,0.0,1.0,1.0,0.0
8993,2014.0,1.0,19.0,272.0,687.0,0.0,0.0,1.0,1.0,0.0
8994,2014.0,1.0,19.0,273.0,687.0,0.0,0.0,1.0,1.0,0.0
8995,2014.0,1.0,19.0,274.0,687.0,0.0,0.0,1.0,1.0,0.0
8996,2014.0,1.0,19.0,275.0,687.0,0.0,0.0,1.0,1.0,0.0
8997,2014.0,1.0,19.0,276.0,687.0,0.0,0.0,1.0,1.0,0.0
8998,2014.0,1.0,19.0,277.0,687.0,0.0,0.0,1.0,1.0,0.0
8999,2014.0,1.0,19.0,278.0,687.0,0.0,0.0,1.0,1.0,0.0
9000,2014.0,1.0,19.0,279.0,687.0,0.0,0.0,1.0,1.0,0.0
9001,2014.0,1.0,19.0,280.0,687.0,0.0,0.0,1.0,1.0,0.0
9002,2014.0,1.0,19.0,281.0,687.0,0.0,0.0,1.0,1.0,0.0
9003,2014.0,1.0,19.0,282.0,687.0,0.0,0.0,1.0,1.0,0.0
9004,2014.0,1.0,19.0,283.0,687.0,0.0,0.0,1.0,1.0,0.0
9005,2014.0,1.0,19.0,284.0,687.0,0.0,0.0,1.0,1.0,0.0
9006,2014.0,1.0,19.0,285.0,687.0,0.0,0.0,1.0,1.0,0.0
9007,2014.0,1.0,19.0,286.0,687.0,0.0,0.0,1.0,1.0,0.0
9008,2014.0,1.0,19.0,287.0,687.0,0.0,0.0,1.0,1.0,0.0
9009,2014.0,1.0,19.0,288.0,687.0,0.0,0.0,1.0,1.0,0.0
9010,2014.0,1.0,19.0,289.0,687.0,0.0,0.0,1.0,1.0,0.0
9011,2014.0,1.0,19.0,290.0,687.0,0.0,0.0,1.0,1.0,0.0
9012,2014.0,1.0,19.0,291.0,687.0,0.0,0.0,1.0,1.0,0.0
9013,2014.0,1.0,19.0,292.0,687.0,0.0,0.0,1.0,1.0,0.0
9014,2014.0,1.0,19.0,293.0,687.0,0.0,0.0,1.0,1.0,0.0
9015,2014.0,1.0,19.0,294.0,687.0,0.0,0.0,1.0,1.0,0.0
9016,2014.0,1.0,19.0,295.0,687.0,0.0,0.0,1.0,1.0,0.0
9017,2014.0,1.0,19.0,296.0,687.0,0.0,0.0,1.0,1.0,0.0
9018,2014.0,1.0,19.0,297.0,687.0,0.0,0.0,1.0,1.0,0.0
9019,2014.0,1.0,19.0,298.0,687.0,0.0,0.0,1.0,1.0,0.0
9020,2014.0,1.0,19.0,299.0,687.0,0.0,0.0,1.0,1.0,0.0
9021,2014.0,1.0,19.0,300.0,687.0,0.0,0.0,1.0,1.0,0.0
9022,2014.0,1.0,19.0,301.0,687.0,0.0,0.0,1.0,1.0,0.0
9023,2014.0,1.0,19.0,302.0,687.0,0.0,0.0,1.0,1.0,0.0
9024,2014.0,1.0,19.0,303.0,687.0,0.0,0.0,1.0,1.0,0.0
9025,2014.0,1.0,19.0,304.0,687.0,0.0,0.0,1.0,1.0,0.0
9026,2014.0,1.0,19.0,305.0,687.0,0.0,0.0,1.0,1.0,0.0
9027,2014.0,1.0,19.0,306.0,687.0,0.0,0.0,1.0,1.0,0.0
9028,2014.0,1.0,19.0,307.0,687.0,0.0,0.0,1.0,1.0,0.0
9029,2014.0,1.0,19.0,308.0,687.0,0.0,0.0,1.0,1.0,0.0
9030,2014.0,1.0,19.0,309.0,687.0,0.0,0.0,1.0,1.0,0.0
9031,2014.0,1.0,19.0,310.0,687.0,0.0,0.0,1.0,1.0,0.0
9032,2014.0,1.0,19.0,311.0,687.0,0.0,0.0,1.0,1.0,0.0
9033,2014.0,1.0,19.0,312.0,687.0,0.0,0.0,1.0,1.0,0.0
9034,2014.0,1.0,19.0,313.0,687.0,0.0,0.0,1.0,1.0,0.0
9035,2014.0,1.0,19.0,314.0,687.0,0.0,0.0,1.0,1.0,0.0
9036,2014.0,1.0,19.0,315.0,687.0,0.0,0.0,1.0,1.0,0.0
9037,2014.0,1.0,19.0,316.0,687.0,0.0,0.0,1.0,1.0,0.0
9038,2014.0,1.0,19.0,317.0,687.0,0.0,0.0,1.0,1.0,0.0
9039,2014.0,1.0,19.0,318.0,687.0,0.0,0.0,1.0,1.0,0.0
9040,2014.0,1.0,19.0,319.0,687.0,0.0,0.0,1.0,1.0,0.0
9041,2014.0,1.0,19.0,320.0,687.0,0.0,0.0,1.0,1.0,0.0
9042,2014.0,1.0,19.0,321.0,687.0,0.0,0.0,1.0,1.0,0.0
9043,2014.0,1.0,19.0,322.0,687.0,0.0,0.0,1.0,1.0,0.0
9044,2014.0,1.0,19.0,323.0,687.0,0.0,0.0,1.0,1.0,0.0
9045,2014.0,1.0,19.0,324.0,687.0,0.0,0.0,1.0,1.0,0.0
9046,2014.0,1.0,19.0,325.0,687.0,0.0,0.0,1.0,1.0,0.0
9047,2014.0,1.0,19.0,326.0,687.0,0.0,0.0,1.0,1.0,0.0
9048,2014.0,1.0,19.0,327.0,687.0,0.0,0.0,1.0,1.0,0.0
9049,2014.0,1.0,19.0,328.0,687.0,0.0,0.0,1.0,1.0,0.0
9050,2014.0,1.0,19.0,329.0,687.0,0.0,0.0,1.0,1.0,0.0
9051,2014.0,1.0,19.0,330.0,687.0,0.0,0.0,1.0,1.0,0.0
9052,2014.0,1.0,19.0,331.0,687.0,0.0,0.0,1.0,1.0,0.0
9053,2014.0,1.0,19.0,332.0,687.0,0.0,0.0,1.0,1.0,0.0
9054,2014.0,1.0,19.0,333.0,687.0,0.0,0.0,1.0,1.0,0.0
9055,2014.0,1.0,19.0,334.0,687.0,0.0,0.0,1.0,1.0,0.0
9056,2014.0,1.0,19.0,335.0,687.0,0.0,0.0,1.0,1.0,0.0
9057,2014.0,1.0,19.0,336.0,687.0,0.0,0.0,1.0,1.0,0.0
9058,2014.0,1.0,19.0,337.0,687.0,0.0,0.0,1.0,1.0,0.0
9059,2014.0,1.0,19.0,338.0,687.0,0.0,0.0,1.0,1.0,0.0
9060,2014.0,1.0,19.0,339.0,687.0,0.0,0.0,1.0,1.0,0.0
9061,2014.0,1.0,19.0,340.0,687.0,0.0,0.0,1.0,1.0,0.0
9062,2014.0,1.0,19.0,341.0,687.0,0.0,0.0,1.0,1.0,0.0
9063,2014.0,1.0,19.0,342.0,687.0,0.0,0.0,1.0,1.0,0.0
9064,2014.0,1.0,19.0,343.0,687.0,0.0,0.0,1.0,1.0,0.0
9065,2014.0,1.0,19.0,344.0,687.0,0.0,0.0,1.0,1.0,0.0
9066,2014.0,1.0,19.0,345.0,687.0,0.0,0.0,1.0,1.0,0.0
9067,2014.0,1.0,19.0,346.0,687.0,0.0,0.0,1.0,1.0,0.0
9068,2014.0,1.0,19.0,347.0,687.0,0.0,0.0,1.0,1.0,0.0
9069,2014.0,1.0,19.0,348.0,687.0,0.0,0.0,1.0,1.0,0.0
9070,2014.0,1.0,19.0,349.0,687.0,0.0,0.0,1.0,1.0,0.0
9071,2014.0,1.0,19.0,350.0,687.0,0.0,0.0,1.0,1.0,0.0
9072,2014.0,1.0,19.0,351.0,687.0,0.0,0.0,1.0,1.0,0.0
9073,2014.0,1.0,19.0,352.0,687.0,0.0,0.0,1.0,1.0,0.0
9074,2014.0,1.0,19.0,353.0,687.0,0.0,0.0,1.0,1.0,0.0
9075,2014.0,1.0,19.0,354.0,687.0,0.0,0.0,1.0,1.0,0.0
9076,2014.0,1.0,19.0,355.0,687.0,0.0,0.0,1.0,1.0,0.0
9077,2014.0,1.0,19.0,356.0,687.0,0.0,0.0,1.0,1.0,0.0
9078,2014.0,1.0,19.0,357.0,687.0,0.0,0.0,1.0,1.0,0.0
9079,2014.0,1.0,19.0,358.0,687.0,0.0,0.0,1.0,1.0,0.0
9080,2014.0,1.0,19.0,359.0,687.0,0.0,0.0,1.0,1.0,0.0
9081,2014.0,1.0,19.0,360.0,687.0,0.0,0.0,1.0,1.0,0.0
9082,2014.0,1.0,19.0,361.0,687.0,0.0,0.0,1.0,1.0,0.0
9083,2014.0,1.0,19.0,362.0,687.0,0.0,0.0,1.0,1.0,0.0
9084,2014.0,1.0,19.0,363.0,687.0,0.0,0.0,1.0,1.0,0.0
9085,2014.0,1.0,19.0,364.0,687.0,0.0,0.0,1.0,1.0,0.0
9086,2014.0,1.0,19.0,365.0,687.0,0.0,0.0,1.0,1.0,0.0
9087,2014.0,1.0,19.0,366.0,687.0,0.0,0.0,1.0,1.0,0.0
9088,2014.0,1.0,19.0,367.0,687.0,0.0,0.0,1.0,1.0,0.0
9089,2014.0,1.0,19.0,368.0,687.0,0.0,0.0,1.0,1.0,0.0
9090,2014.0,1.0,19.0,369.0,687.0,0.0,0.0,1.0,1.0,0.0
9091,2014.0,1.0,19.0,370.0,687.0,0.0,0.0,1.0,1.0,0.0
9092,2014.0,1.0,19.0,371.0,687.0,0.0,0.0,1.0,1.0,0.0
9093,2014.0,1.0,19.0,372.0,687.0,0.0,0.0,1.0,1.0,0.0
9094,2014.0,1.0,19.0,373.0,687.0,0.0,0.0,1.0,1.0,0.0
9095,2014.0,1.0,19.0,374.0,687.0,0.0,0.0,1.0,1.0,0.0
9096,2014.0,1.0,19.0,375.0,687.0,0.0,0.0,1.0,1.0,0.0
9097,2014.0,1.0,19.0,376.0,687.0,0.0,0.0,1.0,1.0,0.0
9098,2014.0,1.0,19.0,377.0,687.0,0.0,0.0,1.0,1.0,0.0
9099,2014.0,1.0,19.0,378.0,687.0,0.0,0.0,1.0,1.0,0.0
9100,2014.0,1.0,19.0,379.0,687.0,0.0,0.0,1.0,1.0,0.0
9101,2014.0,1.0,19.0,380.0,687.0,0.0,0.0,1.0,1.0,0.0
9102,2014.0,1.0,19.0,381.0,687.0,0.0,0.0,1.0,1.0,0.0
9103,2014.0,1.0,19.0,382.0,687.0,0.0,0.0,1.0,1.0,0.0
9104,2014.0,1.0,19.0,383.0,687.0,0.0,0.0,1.0,1.0,0.0
9105,2014.0,1.0,19.0,384.0,687.0,0.0,0.0,1.0,1.0,0.0
9106,2014.0,1.0,19.0,385.0,687.0,0.0,0.0,1.0,1.0,0.0
9107,2014.0,1.0,19.0,386.0,687.0,0.0,0.0,1.0,1.0,0.0
9108,2014.0,1.0,19.0,387.0,687.0,0.0,0.0,1.0,1.0,0.0
9109,2014.0,1.0,19.0,388.0,687.0,0.0,0.0,1.0,1.0,0.0
9110,2014.0,1.0,19.0,389.0,687.0,0.0,0.0,1.0,1.0,0.0
9111,2014.0,1.0,19.0,390.0,687.0,0.0,0.0,1.0,1.0,0.0
9112,2014.0,1.0,19.0,391.0,687.0,0.0,0.0,1.0,1.0,0.0
9113,2014.0,1.0,19.0,392.0,687.0,0.0,0.0,1.0,1.0,0.0
9114,2014.0,1.0,19.0,393.0,687.0,0.0,0.0,1.0,1.0,0.0
9115,2014.0,1.0,19.0,394.0,687.0,0.0,0.0,1.0,1.0,0.0
9116,2014.0,1.0,19.0,395.0,687.0,0.0,0.0,1.0,1.0,0.0
9117,2014.0,1.0,19.0,396.0,687.0,0.0,0.0,1.0,1.0,0.0
9118,2014.0,1.0,19.0,397.0,687.0,0.0,0.0,1.0,1.0,0.0
9119,2014.0,1.0,19.0,398.0,687.0,0.0,0.0,1.0,1.0,0.0
9120,2014.0,1.0,19.0,399.0,687.0,0.0,0.0,1.0,1.0,0.0
9121,2014.0,1.0,19.0,400.0,687.0,0.0,0.0,1.0,1.0,0.0
9122,2014.0,1.0,19.0,401.0,687.0,0.0,0.0,1.0,1.0,0.0
9123,2014.0,1.0,19.0,402.0,687.0,0.0,0.0,1.0,1.0,0.0
9124,2014.0,1.0,19.0,403.0,687.0,0.0,0.0,1.0,1.0,0.0
9125,2014.0,1.0,19.0,404.0,687.0,0.0,0.0,1.0,1.0,0.0
9126,2014.0,1.0,19.0,405.0,687.0,0.0,0.0,1.0,1.0,0.0
9127,2014.0,1.0,19.0,406.0,687.0,0.0,0.0,1.0,1.0,0.0
9128,2014.0,1.0,19.0,407.0,687.0,0.0,0.0,1.0,1.0,0.0
9129,2014.0,1.0,19.0,408.0,687.0,0.0,0.0,1.0,1.0,0.0
9130,2014.0,1.0,19.0,409.0,687.0,0.0,0.0,1.0,1.0,0.0
9131,2014.0,1.0,19.0,410.0,687.0,0.0,0.0,1.0,1.0,0.0
9132,2014.0,1.0,19.0,411.0,687.0,0.0,0.0,1.0,1.0,0.0
9133,2014.0,1.0,19.0,412.0,687.0,0.0,0.0,1.0,1.0,0.0
9134,2014.0,1.0,19.0,413.0,687.0,0.0,0.0,1.0,1.0,0.0
9135,2014.0,1.0,19.0,414.0,687.0,0.0,0.0,1.0,1.0,0.0
9136,2014.0,1.0,19.0,415.0,687.0,0.0,0.0,1.0,1.0,0.0
9137,2014.0,1.0,19.0,416.0,687.0,0.0,0.0,1.0,1.0,0.0
9138,2014.0,1.0,19.0,417.0,687.0,0.0,0.0,1.0,1.0,0.0
9139,2014.0,1.0,19.0,418.0,687.0,0.0,0.0,1.0,1.0,0.0
9140,2014.0,1.0,19.0,419.0,687.0,0.0,0.0,1.0,1.0,0.0
9141,2014.0,1.0,19.0,420.0,687.0,0.0,0.0,1.0,1.0,0.0
9142,2014.0,1.0,19.0,421.0,687.0,0.0,0.0,1.0,1.0,0.0
9143,2014.0,1.0,19.0,422.0,687.0,0.0,0.0,1.0,1.0,0.0
9144,2014.0,1.0,19.0,423.0,687.0,0.0,0.0,1.0,1.0,0.0
9145,2014.0,1.0,19.0,424.0,687.0,0.0,0.0,1.0,1.0,0.0
9146,2014.0,1.0,19.0,425.0,687.0,0.0,0.0,1.0,1.0,0.0
9147,2014.0,1.0,19.0,426.0,687.0,0.0,0.0,1.0,1.0,0.0
9148,2014.0,1.0,19.0,427.0,687.0,0.0,0.0,1.0,1.0,0.0
9149,2014.0,1.0,19.0,428.0,687.0,0.0,0.0,1.0,1.0,0.0
9150,2014.0,1.0,19.0,429.0,687.0,0.0,0.0,1.0,1.0,0.0
9151,2014.0,1.0,19.0,430.0,687.0,0.0,0.0,1.0,1.0,0.0
9152,2014.0,1.0,19.0,431.0,687.0,0.0,0.0,1.0,1.0,0.0
9153,2014.0,1.0,19.0,432.0,687.0,0.0,0.0,1.0,1.0,0.0
9154,2014.0,1.0,19.0,433.0,687.0,0.0,0.0,1.0,1.0,0.0
9155,2014.0,1.0,19.0,434.0,687.0,0.0,0.0,1.0,1.0,0.0
9156,2014.0,1.0,19.0,435.0,687.0,0.0,0.0,1.0,1.0,0.0
9157,2014.0,1.0,19.0,436.0,687.0,0.0,0.0,1.0,1.0,0.0
9158,2014.0,1.0,19.0,437.0,687.0,0.0,0.0,1.0,1.0,0.0
9159,2014.0,1.0,19.0,438.0,687.0,0.0,0.0,1.0,1.0,0.0
9160,2014.0,1.0,19.0,439.0,687.0,0.0,0.0,1.0,1.0,0.0
9161,2014.0,1.0,19.0,440.0,687.0,0.0,0.0,1.0,1.0,0.0
9162,2014.0,1.0,19.0,441.0,687.0,0.0,0.0,1.0,1.0,0.0
9163,2014.0,1.0,19.0,442.0,687.0,0.0,0.0,1.0,1.0,0.0
9164,2014.0,1.0,19.0,443.0,687.0,0.0,0.0,1.0,1.0,0.0
9165,2014.0,1.0,19.0,444.0,687.0,0.0,0.0,1.0,1.0,0.0
9166,2014.0,1.0,19.0,445.0,687.0,0.0,0.0,1.0,1.0,0.0
9167,2014.0,1.0,19.0,446.0,687.0,0.0,0.0,1.0,1.0,0.0
9168,2014.0,1.0,19.0,447.0,687.0,0.0,0.0,1.0,1.0,0.0
9169,2014.0,1.0,19.0,448.0,687.0,0.0,0.0,1.0,1.0,0.0
9170,2014.0,1.0,19.0,449.0,687.0,0.0,0.0,1.0,1.0,0.0
9171,2014.0,1.0,19.0,450.0,687.0,0.0,0.0,1.0,1.0,0.0
9172,2014.0,1.0,19.0,451.0,687.0,0.0,0.0,1.0,1.0,0.0
9173,2014.0,1.0,19.0,452.0,687.0,0.0,0.0,1.0,1.0,0.0
9174,2014.0,1.0,19.0,453.0,687.0,0.0,0.0,1.0,1.0,0.0
9175,2014.0,1.0,19.0,454.0,687.0,0.0,0.0,1.0,1.0,0.0
9176,2014.0,1.0,19.0,455.0,687.0,0.0,0.0,1.0,1.0,0.0
9177,2014.0,1.0,19.0,456.0,687.0,0.0,0.0,1.0,1.0,0.0
9178,2014.0,1.0,19.0,457.0,687.0,0.0,0.0,1.0,1.0,0.0
9179,2014.0,1.0,19.0,458.0,687.0,0.0,0.0,1.0,1.0,0.0
9180,2014.0,1.0,19.0,459.0,687.0,0.0,0.0,1.0,1.0,0.0
9181,2014.0,1.0,19.0,460.0,687.0,0.0,0.0,1.0,1.0,0.0
9182,2014.0,1.0,19.0,461.0,687.0,0.0,0.0,1.0,1.0,0.0
9183,2014.0,1.0,19.0,462.0,687.0,0.0,0.0,1.0,1.0,0.0
9184,2014.0,1.0,19.0,463.0,687.0,0.0,0.0,1.0,1.0,0.0
9185,2014.0,1.0,19.0,464.0,687.0,0.0,0.0,1.0,1.0,0.0
9186,2014.0,1.0,19.0,465.0,687.0,0.0,0.0,1.0,1.0,0.0
9187,2014.0,1.0,19.0,466.0,687.0,0.0,0.0,1.0,1.0,0.0
9188,2014.0,1.0,19.0,467.0,687.0,0.0,0.0,1.0,1.0,0.0
9189,2014.0,1.0,19.0,468.0,687.0,0.0,0.0,1.0,1.0,0.0
9190,2014.0,1.0,19.0,469.0,687.0,0.0,0.0,1.0,1.0,0.0
9191,2014.0,1.0,19.0,470.0,687.0,0.0,0.0,1.0,1.0,0.0
9192,2014.0,1.0,19.0,471.0,687.0,0.0,0.0,1.0,1.0,0.0
9193,2014.0,1.0,19.0,472.0,687.0,0.0,0.0,1.0,1.0,0.0
9194,2014.0,1.0,19.0,473.0,687.0,0.0,0.0,1.0,1.0,0.0
9195,2014.0,1.0,19.0,474.0,687.0,0.0,0.0,1.0,1.0,0.0
9196,2014.0,1.0,19.0,475.0,687.0,0.0,0.0,1.0,1.0,0.0
9197,2014.0,1.0,19.0,476.0,687.0,0.0,0.0,1.0,1.0,0.0
9198,2014.0,1.0,19.0,477.0,687.0,0.0,0.0,1.0,1.0,0.0
9199,2014.0,1.0,19.0,478.0,687.0,0.0,0.0,1.0,1.0,0.0
9200,2014.0,1.0,19.0,479.0,687.0,0.0,0.0,1.0,1.0,0.0
9201,2014.0,1.0,19.0,480.0,687.0,0.0,0.0,1.0,1.0,0.0
9202,2014.0,1.0,19.0,481.0,687.0,0.0,0.0,1.0,1.0,0.0
9203,2014.0,1.0,19.0,482.0,687.0,0.0,0.0,1.0,1.0,0.0
9204,2014.0,1.0,19.0,483.0,687.0,0.0,0.0,1.0,1.0,0.0
9205,2014.0,1.0,19.0,484.0,687.0,0.0,0.0,1.0,1.0,0.0
9206,2014.0,1.0,19.0,485.0,687.0,0.0,0.0,1.0,1.0,0.0
9207,2014.0,1.0,19.0,486.0,687.0,0.0,0.0,1.0,1.0,0.0
9208,2014.0,1.0,19.0,487.0,687.0,0.0,0.0,1.0,1.0,0.0
9209,2014.0,1.0,19.0,488.0,687.0,0.0,0.0,1.0,1.0,0.0
9210,2014.0,1.0,19.0,489.0,687.0,0.0,0.0,1.0,1.0,0.0
9211,2014.0,1.0,19.0,490.0,687.0,0.0,0.0,1.0,1.0,0.0
9212,2014.0,1.0,19.0,491.0,687.0,0.0,0.0,1.0,1.0,0.0
9213,2014.0,1.0,19.0,492.0,687.0,0.0,0.0,1.0,1.0,0.0
9214,2014.0,1.0,19.0,493.0,687.0,0.0,0.0,1.0,1.0,0.0
9215,2014.0,1.0,19.0,494.0,687.0,0.0,0.0,1.0,1.0,0.0
9216,2014.0,1.0,19.0,495.0,687.0,0.0,0.0,1.0,1.0,0.0
9217,2014.0,1.0,19.0,496.0,687.0,0.0,0.0,1.0,1.0,0.0
9218,2014.0,1.0,19.0,497.0,687.0,0.0,0.0,1.0,1.0,0.0
9219,2014.0,1.0,19.0,498.0,687.0,0.0,0.0,1.0,1.0,0.0
9220,2014.0,1.0,19.0,499.0,687.0,0.0,0.0,1.0,1.0,0.0
9221,2014.0,1.0,19.0,500.0,687.0,0.0,0.0,1.0,1.0,0.0
9222,2014.0,1.0,19.0,501.0,687.0,0.0,0.0,1.0,1.0,0.0
9223,2014.0,1.0,19.0,502.0,687.0,0.0,0.0,1.0,1.0,0.0
9224,2014.0,1.0,19.0,503.0,687.0,0.0,0.0,1.0,1.0,0.0
9225,2014.0,1.0,19.0,504.0,687.0,0.0,0.0,1.0,1.0,0.0
9226,2014.0,1.0,19.0,505.0,687.0,0.0,0.0,1.0,1.0,0.0
9227,2014.0,1.0,19.0,506.0,687.0,0.0,0.0,1.0,1.0,0.0
9228,2014.0,1.0,19.0,507.0,687.0,0.0,0.0,1.0,1.0,0.0
9229,2014.0,1.0,19.0,508.0,687.0,0.0,0.0,1.0,1.0,0.0
9230,2014.0,1.0,19.0,509.0,687.0,0.0,0.0,1.0,1.0,0.0
9231,2014.0,1.0,19.0,510.0,687.0,0.0,0.0,1.0,1.0,0.0
9232,2014.0,1.0,19.0,511.0,687.0,0.0,0.0,1.0,1.0,0.0
9233,2014.0,1.0,19.0,512.0,687.0,0.0,0.0,1.0,1.0,0.0
9234,2014.0,1.0,19.0,513.0,687.0,0.0,0.0,1.0,1.0,0.0
9235,2014.0,1.0,19.0,514.0,687.0,0.0,0.0,1.0,1.0,0.0
9236,2014.0,1.0,19.0,515.0,687.0,0.0,0.0,1.0,1.0,0.0
9237,2014.0,1.0,19.0,516.0,687.0,0.0,0.0,1.0,1.0,0.0
9238,2014.0,1.0,19.0,517.0,687.0,0.0,0.0,1.0,1.0,0.0
9239,2014.0,1.0,19.0,518.0,687.0,0.0,0.0,1.0,1.0,0.0
9240,2014.0,1.0,19.0,519.0,687.0,0.0,0.0,1.0,1.0,0.0
9241,2014.0,1.0,19.0,520.0,687.0,0.0,0.0,1.0,1.0,0.0
9242,2014.0,1.0,19.0,521.0,687.0,0.0,0.0,1.0,1.0,0.0
9243,2014.0,1.0,19.0,522.0,687.0,0.0,0.0,1.0,1.0,0.0
9244,2014.0,1.0,19.0,523.0,687.0,0.0,0.0,1.0,1.0,0.0
9245,2014.0,1.0,19.0,524.0,687.0,0.0,0.0,1.0,1.0,0.0
9246,2014.0,1.0,19.0,525.0,687.0,0.0,0.0,1.0,1.0,0.0
9247,2014.0,1.0,19.0,526.0,687.0,0.0,0.0,1.0,1.0,0.0
9248,2014.0,1.0,19.0,527.0,687.0,0.0,0.0,1.0,1.0,0.0
9249,2014.0,1.0,19.0,528.0,687.0,0.0,0.0,1.0,1.0,0.0
9250,2014.0,1.0,19.0,529.0,687.0,0.0,0.0,1.0,1.0,0.0
9251,2014.0,1.0,19.0,530.0,687.0,0.0,0.0,1.0,1.0,0.0
9252,2014.0,1.0,19.0,531.0,687.0,0.0,0.0,1.0,1.0,0.0
9253,2014.0,1.0,19.0,532.0,687.0,0.0,0.0,1.0,1.0,0.0
9254,2014.0,1.0,19.0,533.0,687.0,0.0,0.0,1.0,1.0,0.0
9255,2014.0,1.0,19.0,534.0,687.0,0.0,0.0,1.0,1.0,0.0
9256,2014.0,1.0,19.0,535.0,687.0,0.0,0.0,1.0,1.0,0.0
9257,2014.0,1.0,19.0,536.0,687.0,0.0,0.0,1.0,1.0,0.0
9258,2014.0,1.0,19.0,537.0,913.0,0.0,0.0,1.0,1.0,0.0
9259,2014.0,2.0,9.0,1.0,732.0,0.0,0.0,1.0,1.0,0.0
9260,2014.0,2.0,9.0,2.0,732.0,0.0,0.0,1.0,1.0,0.0
9261,2014.0,2.0,9.0,3.0,732.0,0.0,0.0,1.0,1.0,0.0
9262,2014.0,2.0,9.0,4.0,732.0,0.0,0.0,1.0,1.0,0.0
9263,2014.0,2.0,9.0,5.0,732.0,0.0,0.0,1.0,1.0,0.0
9264,2014.0,2.0,9.0,6.0,732.0,0.0,0.0,1.0,1.0,0.0
9265,2014.0,2.0,9.0,7.0,732.0,0.0,0.0,1.0,1.0,0.0
9266,2014.0,2.0,9.0,8.0,732.0,0.0,0.0,1.0,1.0,0.0
9267,2014.0,2.0,9.0,9.0,732.0,0.0,0.0,1.0,1.0,0.0
9268,2014.0,2.0,9.0,10.0,732.0,0.0,0.0,1.0,1.0,0.0
9269,2014.0,2.0,9.0,11.0,732.0,0.0,0.0,1.0,1.0,0.0
9270,2014.0,2.0,9.0,12.0,732.0,0.0,0.0,1.0,1.0,0.0
9271,2014.0,2.0,9.0,13.0,732.0,0.0,0.0,1.0,1.0,0.0
9272,2014.0,2.0,9.0,14.0,732.0,0.0,0.0,1.0,1.0,0.0
9273,2014.0,2.0,9.0,15.0,732.0,0.0,0.0,1.0,1.0,0.0
9274,2014.0,2.0,9.0,16.0,732.0,0.0,0.0,1.0,1.0,0.0
9275,2014.0,2.0,9.0,17.0,732.0,0.0,0.0,1.0,1.0,0.0
9276,2014.0,2.0,9.0,18.0,732.0,0.0,0.0,1.0,1.0,0.0
9277,2014.0,2.0,9.0,19.0,732.0,0.0,0.0,1.0,1.0,0.0
9278,2014.0,2.0,9.0,20.0,732.0,0.0,0.0,1.0,1.0,0.0
9279,2014.0,2.0,9.0,21.0,732.0,0.0,0.0,1.0,1.0,0.0
9280,2014.0,2.0,9.0,22.0,732.0,0.0,0.0,1.0,1.0,0.0
9281,2014.0,2.0,9.0,23.0,732.0,0.0,0.0,1.0,1.0,0.0
9282,2014.0,2.0,9.0,24.0,732.0,0.0,0.0,1.0,1.0,0.0
9283,2014.0,2.0,9.0,25.0,732.0,0.0,0.0,1.0,1.0,0.0
9284,2014.0,2.0,9.0,26.0,732.0,0.0,0.0,1.0,1.0,0.0
9285,2014.0,2.0,9.0,27.0,732.0,0.0,0.0,1.0,1.0,0.0
9286,2014.0,2.0,9.0,28.0,732.0,0.0,0.0,1.0,1.0,0.0
9287,2014.0,2.0,9.0,29.0,732.0,0.0,0.0,1.0,1.0,0.0
9288,2014.0,2.0,9.0,30.0,732.0,0.0,0.0,1.0,1.0,0.0
9289,2014.0,2.0,9.0,31.0,732.0,0.0,0.0,1.0,1.0,0.0
9290,2014.0,2.0,9.0,32.0,732.0,0.0,0.0,1.0,1.0,0.0
9291,2014.0,2.0,9.0,33.0,732.0,0.0,0.0,1.0,1.0,0.0
9292,2014.0,2.0,9.0,34.0,732.0,0.0,0.0,1.0,1.0,0.0
9293,2014.0,2.0,9.0,35.0,732.0,0.0,0.0,1.0,1.0,0.0
9294,2014.0,2.0,9.0,36.0,732.0,0.0,0.0,1.0,1.0,0.0
9295,2014.0,2.0,9.0,37.0,732.0,0.0,0.0,1.0,1.0,0.0
9296,2014.0,2.0,9.0,38.0,732.0,0.0,0.0,1.0,1.0,0.0
9297,2014.0,2.0,9.0,39.0,732.0,0.0,0.0,1.0,1.0,0.0
9298,2014.0,2.0,9.0,40.0,732.0,0.0,0.0,1.0,1.0,0.0
9299,2014.0,2.0,9.0,41.0,732.0,0.0,0.0,1.0,1.0,0.0
9300,2014.0,2.0,9.0,42.0,732.0,0.0,0.0,1.0,1.0,0.0
9301,2014.0,2.0,9.0,43.0,732.0,0.0,0.0,1.0,1.0,0.0
9302,2014.0,2.0,9.0,44.0,732.0,0.0,0.0,1.0,1.0,0.0
9303,2014.0,2.0,9.0,45.0,732.0,0.0,0.0,1.0,1.0,0.0
9304,2014.0,2.0,9.0,46.0,732.0,0.0,0.0,1.0,1.0,0.0
9305,2014.0,2.0,9.0,47.0,732.0,0.0,0.0,1.0,1.0,0.0
9306,2014.0,2.0,9.0,48.0,732.0,0.0,0.0,1.0,1.0,0.0
9307,2014.0,2.0,9.0,49.0,732.0,0.0,0.0,1.0,1.0,0.0
9308,2014.0,2.0,9.0,50.0,732.0,0.0,0.0,1.0,1.0,0.0
9309,2014.0,2.0,9.0,51.0,732.0,0.0,0.0,1.0,1.0,0.0
9310,2014.0,2.0,9.0,52.0,732.0,0.0,0.0,1.0,1.0,0.0
9311,2014.0,2.0,9.0,53.0,732.0,0.0,0.0,1.0,1.0,0.0
9312,2014.0,2.0,9.0,54.0,732.0,0.0,0.0,1.0,1.0,0.0
9313,2014.0,2.0,9.0,55.0,732.0,0.0,0.0,1.0,1.0,0.0
9314,2014.0,2.0,9.0,56.0,732.0,0.0,0.0,1.0,1.0,0.0
9315,2014.0,2.0,9.0,57.0,732.0,0.0,0.0,1.0,1.0,0.0
9316,2014.0,2.0,9.0,58.0,732.0,0.0,0.0,1.0,1.0,0.0
9317,2014.0,2.0,9.0,59.0,732.0,0.0,0.0,1.0,1.0,0.0
9318,2014.0,2.0,9.0,60.0,732.0,0.0,0.0,1.0,1.0,0.0
9319,2014.0,2.0,9.0,61.0,732.0,0.0,0.0,1.0,1.0,0.0
9320,2014.0,2.0,9.0,62.0,732.0,0.0,0.0,1.0,1.0,0.0
9321,2014.0,2.0,9.0,63.0,732.0,0.0,0.0,1.0,1.0,0.0
9322,2014.0,2.0,9.0,64.0,732.0,0.0,0.0,1.0,1.0,0.0
9323,2014.0,2.0,9.0,65.0,732.0,0.0,0.0,1.0,1.0,0.0
9324,2014.0,2.0,9.0,66.0,732.0,0.0,0.0,1.0,1.0,0.0
9325,2014.0,2.0,9.0,67.0,732.0,0.0,0.0,1.0,1.0,0.0
9326,2014.0,2.0,9.0,68.0,732.0,0.0,0.0,1.0,1.0,0.0
9327,2014.0,2.0,9.0,69.0,732.0,0.0,0.0,1.0,1.0,0.0
9328,2014.0,2.0,9.0,70.0,732.0,0.0,0.0,1.0,1.0,0.0
9329,2014.0,2.0,9.0,71.0,732.0,0.0,0.0,1.0,1.0,0.0
9330,2014.0,2.0,9.0,72.0,732.0,0.0,0.0,1.0,1.0,0.0
9331,2014.0,2.0,9.0,73.0,732.0,0.0,0.0,1.0,1.0,0.0
9332,2014.0,2.0,9.0,74.0,732.0,0.0,0.0,1.0,1.0,0.0
9333,2014.0,2.0,9.0,75.0,732.0,0.0,0.0,1.0,1.0,0.0
9334,2014.0,2.0,9.0,76.0,732.0,0.0,0.0,1.0,1.0,0.0
9335,2014.0,2.0,9.0,77.0,732.0,0.0,0.0,1.0,1.0,0.0
9336,2014.0,2.0,9.0,78.0,732.0,0.0,0.0,1.0,1.0,0.0
9337,2014.0,2.0,9.0,79.0,732.0,0.0,0.0,1.0,1.0,0.0
9338,2014.0,2.0,9.0,80.0,732.0,0.0,0.0,1.0,1.0,0.0
9339,2014.0,2.0,9.0,81.0,732.0,0.0,0.0,1.0,1.0,0.0
9340,2014.0,2.0,9.0,82.0,732.0,0.0,0.0,1.0,1.0,0.0
9341,2014.0,2.0,9.0,83.0,732.0,0.0,0.0,1.0,1.0,0.0
9342,2014.0,2.0,9.0,84.0,732.0,0.0,0.0,1.0,1.0,0.0
9343,2014.0,2.0,9.0,85.0,732.0,0.0,0.0,1.0,1.0,0.0
9344,2014.0,2.0,9.0,86.0,732.0,0.0,0.0,1.0,1.0,0.0
9345,2014.0,2.0,9.0,87.0,732.0,0.0,0.0,1.0,1.0,0.0
9346,2014.0,2.0,9.0,88.0,732.0,0.0,0.0,1.0,1.0,0.0
9347,2014.0,2.0,9.0,89.0,732.0,0.0,0.0,1.0,1.0,0.0
9348,2014.0,2.0,9.0,90.0,732.0,0.0,0.0,1.0,1.0,0.0
9349,2014.0,2.0,9.0,91.0,732.0,0.0,0.0,1.0,1.0,0.0
9350,2014.0,2.0,9.0,92.0,732.0,0.0,0.0,1.0,1.0,0.0
9351,2014.0,2.0,9.0,93.0,732.0,0.0,0.0,1.0,1.0,0.0
9352,2014.0,2.0,9.0,94.0,732.0,0.0,0.0,1.0,1.0,0.0
9353,2014.0,2.0,9.0,95.0,732.0,0.0,0.0,1.0,1.0,0.0
9354,2014.0,2.0,9.0,96.0,732.0,0.0,0.0,1.0,1.0,0.0
9355,2014.0,2.0,9.0,97.0,732.0,0.0,0.0,1.0,1.0,0.0
9356,2014.0,2.0,9.0,98.0,732.0,0.0,0.0,1.0,1.0,0.0
9357,2014.0,2.0,9.0,99.0,732.0,0.0,0.0,1.0,1.0,0.0
9358,2014.0,2.0,9.0,100.0,732.0,0.0,0.0,1.0,1.0,0.0
9359,2014.0,2.0,9.0,101.0,732.0,0.0,0.0,1.0,1.0,0.0
9360,2014.0,2.0,9.0,102.0,732.0,0.0,0.0,1.0,1.0,0.0
9361,2014.0,2.0,9.0,103.0,732.0,0.0,0.0,1.0,1.0,0.0
9362,2014.0,2.0,9.0,104.0,732.0,0.0,0.0,1.0,1.0,0.0
9363,2014.0,2.0,9.0,105.0,732.0,0.0,0.0,1.0,1.0,0.0
9364,2014.0,2.0,9.0,106.0,732.0,0.0,0.0,1.0,1.0,0.0
9365,2014.0,2.0,9.0,107.0,732.0,0.0,0.0,1.0,1.0,0.0
9366,2014.0,2.0,9.0,108.0,732.0,0.0,0.0,1.0,1.0,0.0
9367,2014.0,2.0,9.0,109.0,732.0,0.0,0.0,1.0,1.0,0.0
9368,2014.0,2.0,9.0,110.0,732.0,0.0,0.0,1.0,1.0,0.0
9369,2014.0,2.0,9.0,111.0,732.0,0.0,0.0,1.0,1.0,0.0
9370,2014.0,2.0,9.0,112.0,732.0,0.0,0.0,1.0,1.0,0.0
9371,2014.0,2.0,9.0,113.0,732.0,0.0,0.0,1.0,1.0,0.0
9372,2014.0,2.0,9.0,114.0,732.0,0.0,0.0,1.0,1.0,0.0
9373,2014.0,2.0,9.0,115.0,732.0,0.0,0.0,1.0,1.0,0.0
9374,2014.0,2.0,9.0,116.0,732.0,0.0,0.0,1.0,1.0,0.0
9375,2014.0,2.0,9.0,117.0,732.0,0.0,0.0,1.0,1.0,0.0
9376,2014.0,2.0,9.0,118.0,732.0,0.0,0.0,1.0,1.0,0.0
9377,2014.0,2.0,9.0,119.0,732.0,0.0,0.0,1.0,1.0,0.0
9378,2014.0,2.0,9.0,120.0,732.0,0.0,0.0,1.0,1.0,0.0
9379,2014.0,2.0,9.0,121.0,732.0,0.0,0.0,1.0,1.0,0.0
9380,2014.0,2.0,9.0,122.0,732.0,0.0,0.0,1.0,1.0,0.0
9381,2014.0,2.0,9.0,123.0,732.0,0.0,0.0,1.0,1.0,0.0
9382,2014.0,2.0,9.0,124.0,732.0,0.0,0.0,1.0,1.0,0.0
9383,2014.0,2.0,9.0,125.0,732.0,0.0,0.0,1.0,1.0,0.0
9384,2014.0,2.0,9.0,126.0,732.0,0.0,0.0,1.0,1.0,0.0
9385,2014.0,2.0,9.0,127.0,732.0,0.0,0.0,1.0,1.0,0.0
9386,2014.0,2.0,9.0,128.0,732.0,0.0,0.0,1.0,1.0,0.0
9387,2014.0,2.0,9.0,129.0,732.0,0.0,0.0,1.0,1.0,0.0
9388,2014.0,2.0,9.0,130.0,732.0,0.0,0.0,1.0,1.0,0.0
9389,2014.0,2.0,9.0,131.0,732.0,0.0,0.0,1.0,1.0,0.0
9390,2014.0,2.0,9.0,132.0,732.0,0.0,0.0,1.0,1.0,0.0
9391,2014.0,2.0,9.0,133.0,732.0,0.0,0.0,1.0,1.0,0.0
9392,2014.0,2.0,9.0,134.0,732.0,0.0,0.0,1.0,1.0,0.0
9393,2014.0,2.0,9.0,135.0,732.0,0.0,0.0,1.0,1.0,0.0
9394,2014.0,2.0,9.0,136.0,732.0,0.0,0.0,1.0,1.0,0.0
9395,2014.0,2.0,9.0,137.0,732.0,0.0,0.0,1.0,1.0,0.0
9396,2014.0,2.0,9.0,138.0,732.0,0.0,0.0,1.0,1.0,0.0
9397,2014.0,2.0,9.0,139.0,732.0,0.0,0.0,1.0,1.0,0.0
9398,2014.0,2.0,9.0,140.0,732.0,0.0,0.0,1.0,1.0,0.0
9399,2014.0,2.0,9.0,141.0,732.0,0.0,0.0,1.0,1.0,0.0
9400,2014.0,2.0,9.0,142.0,732.0,0.0,0.0,1.0,1.0,0.0
9401,2014.0,2.0,9.0,143.0,732.0,0.0,0.0,1.0,1.0,0.0
9402,2014.0,2.0,9.0,144.0,732.0,0.0,0.0,1.0,1.0,0.0
9403,2014.0,2.0,9.0,145.0,732.0,0.0,0.0,1.0,1.0,0.0
9404,2014.0,2.0,9.0,146.0,732.0,0.0,0.0,1.0,1.0,0.0
9405,2014.0,2.0,9.0,147.0,732.0,0.0,0.0,1.0,1.0,0.0
9406,2014.0,2.0,9.0,148.0,732.0,0.0,0.0,1.0,1.0,0.0
9407,2014.0,2.0,9.0,149.0,732.0,0.0,0.0,1.0,1.0,0.0
9408,2014.0,2.0,9.0,150.0,732.0,0.0,0.0,1.0,1.0,0.0
9409,2014.0,2.0,9.0,151.0,732.0,0.0,0.0,1.0,1.0,0.0
9410,2014.0,2.0,9.0,152.0,732.0,0.0,0.0,1.0,1.0,0.0
9411,2014.0,2.0,9.0,153.0,732.0,0.0,0.0,1.0,1.0,0.0
9412,2014.0,2.0,9.0,154.0,732.0,0.0,0.0,1.0,1.0,0.0
9413,2014.0,2.0,9.0,155.0,732.0,0.0,0.0,1.0,1.0,0.0
9414,2014.0,2.0,9.0,156.0,732.0,0.0,0.0,1.0,1.0,0.0
9415,2014.0,2.0,9.0,157.0,732.0,0.0,0.0,1.0,1.0,0.0
9416,2014.0,2.0,9.0,158.0,732.0,0.0,0.0,1.0,1.0,0.0
9417,2014.0,2.0,9.0,159.0,732.0,0.0,0.0,1.0,1.0,0.0
9418,2014.0,2.0,9.0,160.0,732.0,0.0,0.0,1.0,1.0,0.0
9419,2014.0,2.0,9.0,161.0,732.0,0.0,0.0,1.0,1.0,0.0
9420,2014.0,2.0,9.0,162.0,732.0,0.0,0.0,1.0,1.0,0.0
9421,2014.0,2.0,9.0,163.0,732.0,0.0,0.0,1.0,1.0,0.0
9422,2014.0,2.0,9.0,164.0,732.0,0.0,0.0,1.0,1.0,0.0
9423,2014.0,2.0,9.0,165.0,732.0,0.0,0.0,1.0,1.0,0.0
9424,2014.0,2.0,9.0,166.0,732.0,0.0,0.0,1.0,1.0,0.0
9425,2014.0,2.0,9.0,167.0,732.0,0.0,0.0,1.0,1.0,0.0
9426,2014.0,2.0,9.0,168.0,732.0,0.0,0.0,1.0,1.0,0.0
9427,2014.0,2.0,9.0,169.0,732.0,0.0,0.0,1.0,1.0,0.0
9428,2014.0,2.0,9.0,170.0,732.0,0.0,0.0,1.0,1.0,0.0
9429,2014.0,2.0,9.0,171.0,732.0,0.0,0.0,1.0,1.0,0.0
9430,2014.0,2.0,9.0,172.0,732.0,0.0,0.0,1.0,1.0,0.0
9431,2014.0,2.0,9.0,173.0,732.0,0.0,0.0,1.0,1.0,0.0
9432,2014.0,2.0,9.0,174.0,732.0,0.0,0.0,1.0,1.0,0.0
9433,2014.0,2.0,9.0,175.0,732.0,0.0,0.0,1.0,1.0,0.0
9434,2014.0,2.0,9.0,176.0,732.0,0.0,0.0,1.0,1.0,0.0
9435,2014.0,2.0,9.0,177.0,732.0,0.0,0.0,1.0,1.0,0.0
9436,2014.0,2.0,9.0,178.0,732.0,0.0,0.0,1.0,1.0,0.0
9437,2014.0,2.0,9.0,179.0,732.0,0.0,0.0,1.0,1.0,0.0
9438,2014.0,2.0,9.0,180.0,732.0,0.0,0.0,1.0,1.0,0.0
9439,2014.0,2.0,9.0,181.0,732.0,0.0,0.0,1.0,1.0,0.0
9440,2014.0,2.0,9.0,182.0,732.0,0.0,0.0,1.0,1.0,0.0
9441,2014.0,2.0,9.0,183.0,732.0,0.0,0.0,1.0,1.0,0.0
9442,2014.0,2.0,9.0,184.0,732.0,0.0,0.0,1.0,1.0,0.0
9443,2014.0,2.0,9.0,185.0,732.0,0.0,0.0,1.0,1.0,0.0
9444,2014.0,2.0,9.0,186.0,732.0,0.0,0.0,1.0,1.0,0.0
9445,2014.0,2.0,9.0,187.0,732.0,0.0,0.0,1.0,1.0,0.0
9446,2014.0,2.0,9.0,188.0,732.0,0.0,0.0,1.0,1.0,0.0
9447,2014.0,2.0,9.0,189.0,732.0,0.0,0.0,1.0,1.0,0.0
9448,2014.0,2.0,9.0,190.0,732.0,0.0,0.0,1.0,1.0,0.0
9449,2014.0,2.0,9.0,191.0,732.0,0.0,0.0,1.0,1.0,0.0
9450,2014.0,2.0,9.0,192.0,732.0,0.0,0.0,1.0,1.0,0.0
9451,2014.0,2.0,9.0,193.0,732.0,0.0,0.0,1.0,1.0,0.0
9452,2014.0,2.0,9.0,194.0,732.0,0.0,0.0,1.0,1.0,0.0
9453,2014.0,2.0,9.0,195.0,732.0,0.0,0.0,1.0,1.0,0.0
9454,2014.0,2.0,9.0,196.0,732.0,0.0,0.0,1.0,1.0,0.0
9455,2014.0,2.0,9.0,197.0,732.0,0.0,0.0,1.0,1.0,0.0
9456,2014.0,2.0,9.0,198.0,732.0,0.0,0.0,1.0,1.0,0.0
9457,2014.0,2.0,9.0,199.0,732.0,0.0,0.0,1.0,1.0,0.0
9458,2014.0,2.0,9.0,200.0,732.0,0.0,0.0,1.0,1.0,0.0
9459,2014.0,2.0,9.0,201.0,732.0,0.0,0.0,1.0,1.0,0.0
9460,2014.0,2.0,9.0,202.0,732.0,0.0,0.0,1.0,1.0,0.0
9461,2014.0,2.0,9.0,203.0,732.0,0.0,0.0,1.0,1.0,0.0
9462,2014.0,2.0,9.0,204.0,732.0,0.0,0.0,1.0,1.0,0.0
9463,2014.0,2.0,9.0,205.0,732.0,0.0,0.0,1.0,1.0,0.0
9464,2014.0,2.0,9.0,206.0,732.0,0.0,0.0,1.0,1.0,0.0
9465,2014.0,2.0,9.0,207.0,732.0,0.0,0.0,1.0,1.0,0.0
9466,2014.0,2.0,9.0,208.0,732.0,0.0,0.0,1.0,1.0,0.0
9467,2014.0,2.0,9.0,209.0,732.0,0.0,0.0,1.0,1.0,0.0
9468,2014.0,2.0,9.0,210.0,732.0,0.0,0.0,1.0,1.0,0.0
9469,2014.0,2.0,9.0,211.0,732.0,0.0,0.0,1.0,1.0,0.0
9470,2014.0,2.0,9.0,212.0,732.0,0.0,0.0,1.0,1.0,0.0
9471,2014.0,2.0,9.0,213.0,732.0,0.0,0.0,1.0,1.0,0.0
9472,2014.0,2.0,9.0,214.0,732.0,0.0,0.0,1.0,1.0,0.0
9473,2014.0,2.0,9.0,215.0,732.0,0.0,0.0,1.0,1.0,0.0
9474,2014.0,2.0,9.0,216.0,732.0,0.0,0.0,1.0,1.0,0.0
9475,2014.0,2.0,9.0,217.0,732.0,0.0,0.0,1.0,1.0,0.0
9476,2014.0,2.0,9.0,218.0,732.0,0.0,0.0,1.0,1.0,0.0
9477,2014.0,2.0,9.0,219.0,732.0,0.0,0.0,1.0,1.0,0.0
9478,2014.0,2.0,9.0,220.0,732.0,0.0,0.0,1.0,1.0,0.0
9479,2014.0,2.0,9.0,221.0,732.0,0.0,0.0,1.0,1.0,0.0
9480,2014.0,2.0,9.0,222.0,732.0,0.0,0.0,1.0,1.0,0.0
9481,2014.0,2.0,9.0,223.0,732.0,0.0,0.0,1.0,1.0,0.0
9482,2014.0,2.0,9.0,224.0,732.0,0.0,0.0,1.0,1.0,0.0
9483,2014.0,2.0,9.0,225.0,732.0,0.0,0.0,1.0,1.0,0.0
9484,2014.0,2.0,9.0,226.0,732.0,0.0,0.0,1.0,1.0,0.0
9485,2014.0,2.0,9.0,227.0,732.0,0.0,0.0,1.0,1.0,0.0
9486,2014.0,2.0,9.0,228.0,732.0,0.0,0.0,1.0,1.0,0.0
9487,2014.0,2.0,9.0,229.0,732.0,0.0,0.0,1.0,1.0,0.0
9488,2014.0,2.0,9.0,230.0,732.0,0.0,0.0,1.0,1.0,0.0
9489,2014.0,2.0,9.0,231.0,732.0,0.0,0.0,1.0,1.0,0.0
9490,2014.0,2.0,9.0,232.0,732.0,0.0,0.0,1.0,1.0,0.0
9491,2014.0,2.0,9.0,233.0,732.0,0.0,0.0,1.0,1.0,0.0
9492,2014.0,2.0,9.0,234.0,732.0,0.0,0.0,1.0,1.0,0.0
9493,2014.0,2.0,9.0,235.0,732.0,0.0,0.0,1.0,1.0,0.0
9494,2014.0,2.0,9.0,236.0,732.0,0.0,0.0,1.0,1.0,0.0
9495,2014.0,2.0,9.0,237.0,732.0,0.0,0.0,1.0,1.0,0.0
9496,2014.0,2.0,9.0,238.0,732.0,0.0,0.0,1.0,1.0,0.0
9497,2014.0,2.0,9.0,239.0,732.0,0.0,0.0,1.0,1.0,0.0
9498,2014.0,2.0,9.0,240.0,732.0,0.0,0.0,1.0,1.0,0.0
9499,2014.0,2.0,9.0,241.0,732.0,0.0,0.0,1.0,1.0,0.0
9500,2014.0,2.0,9.0,242.0,732.0,0.0,0.0,1.0,1.0,0.0
9501,2014.0,2.0,9.0,243.0,732.0,0.0,0.0,1.0,1.0,0.0
9502,2014.0,2.0,9.0,244.0,732.0,0.0,0.0,1.0,1.0,0.0
9503,2014.0,2.0,9.0,245.0,732.0,0.0,0.0,1.0,1.0,0.0
9504,2014.0,2.0,9.0,246.0,732.0,0.0,0.0,1.0,1.0,0.0
9505,2014.0,2.0,9.0,247.0,732.0,0.0,0.0,1.0,1.0,0.0
9506,2014.0,2.0,9.0,248.0,732.0,0.0,0.0,1.0,1.0,0.0
9507,2014.0,2.0,9.0,249.0,732.0,0.0,0.0,1.0,1.0,0.0
9508,2014.0,2.0,9.0,250.0,732.0,0.0,0.0,1.0,1.0,0.0
9509,2014.0,2.0,9.0,251.0,732.0,0.0,0.0,1.0,1.0,0.0
9510,2014.0,2.0,9.0,252.0,732.0,0.0,0.0,1.0,1.0,0.0
9511,2014.0,2.0,9.0,253.0,732.0,0.0,0.0,1.0,1.0,0.0
9512,2014.0,2.0,9.0,254.0,732.0,0.0,0.0,1.0,1.0,0.0
9513,2014.0,2.0,9.0,255.0,732.0,0.0,0.0,1.0,1.0,0.0
9514,2014.0,2.0,9.0,256.0,732.0,0.0,0.0,1.0,1.0,0.0
9515,2014.0,2.0,9.0,257.0,732.0,0.0,0.0,1.0,1.0,0.0
9516,2014.0,2.0,9.0,258.0,732.0,0.0,0.0,1.0,1.0,0.0
9517,2014.0,2.0,9.0,259.0,732.0,0.0,0.0,1.0,1.0,0.0
9518,2014.0,2.0,9.0,260.0,732.0,0.0,0.0,1.0,1.0,0.0
9519,2014.0,2.0,9.0,261.0,732.0,0.0,0.0,1.0,1.0,0.0
9520,2014.0,2.0,9.0,262.0,732.0,0.0,0.0,1.0,1.0,0.0
9521,2014.0,2.0,9.0,263.0,732.0,0.0,0.0,1.0,1.0,0.0
9522,2014.0,2.0,9.0,264.0,732.0,0.0,0.0,1.0,1.0,0.0
9523,2014.0,2.0,9.0,265.0,732.0,0.0,0.0,1.0,1.0,0.0
9524,2014.0,2.0,9.0,266.0,732.0,0.0,0.0,1.0,1.0,0.0
9525,2014.0,2.0,9.0,267.0,732.0,0.0,0.0,1.0,1.0,0.0
9526,2014.0,2.0,9.0,268.0,732.0,0.0,0.0,1.0,1.0,0.0
9527,2014.0,2.0,9.0,269.0,732.0,0.0,0.0,1.0,1.0,0.0
9528,2014.0,2.0,9.0,270.0,732.0,0.0,0.0,1.0,1.0,0.0
9529,2014.0,2.0,9.0,271.0,732.0,0.0,0.0,1.0,1.0,0.0
9530,2014.0,2.0,9.0,272.0,732.0,0.0,0.0,1.0,1.0,0.0
9531,2014.0,2.0,9.0,273.0,732.0,0.0,0.0,1.0,1.0,0.0
9532,2014.0,2.0,9.0,274.0,732.0,0.0,0.0,1.0,1.0,0.0
9533,2014.0,2.0,9.0,275.0,732.0,0.0,0.0,1.0,1.0,0.0
9534,2014.0,2.0,9.0,276.0,732.0,0.0,0.0,1.0,1.0,0.0
9535,2014.0,2.0,9.0,277.0,732.0,0.0,0.0,1.0,1.0,0.0
9536,2014.0,2.0,9.0,278.0,732.0,0.0,0.0,1.0,1.0,0.0
9537,2014.0,2.0,9.0,279.0,732.0,0.0,0.0,1.0,1.0,0.0
9538,2014.0,2.0,9.0,280.0,732.0,0.0,0.0,1.0,1.0,0.0
9539,2014.0,2.0,9.0,281.0,732.0,0.0,0.0,1.0,1.0,0.0
9540,2014.0,2.0,9.0,282.0,732.0,0.0,0.0,1.0,1.0,0.0
9541,2014.0,2.0,9.0,283.0,732.0,0.0,0.0,1.0,1.0,0.0
9542,2014.0,2.0,9.0,284.0,732.0,0.0,0.0,1.0,1.0,0.0
9543,2014.0,2.0,9.0,285.0,732.0,0.0,0.0,1.0,1.0,0.0
9544,2014.0,2.0,9.0,286.0,732.0,0.0,0.0,1.0,1.0,0.0
9545,2014.0,2.0,9.0,287.0,732.0,0.0,0.0,1.0,1.0,0.0
9546,2014.0,2.0,9.0,288.0,732.0,0.0,0.0,1.0,1.0,0.0
9547,2014.0,2.0,9.0,289.0,732.0,0.0,0.0,1.0,1.0,0.0
9548,2014.0,2.0,9.0,290.0,732.0,0.0,0.0,1.0,1.0,0.0
9549,2014.0,2.0,9.0,291.0,732.0,0.0,0.0,1.0,1.0,0.0
9550,2014.0,2.0,9.0,292.0,732.0,0.0,0.0,1.0,1.0,0.0
9551,2014.0,2.0,9.0,293.0,732.0,0.0,0.0,1.0,1.0,0.0
9552,2014.0,2.0,9.0,294.0,732.0,0.0,0.0,1.0,1.0,0.0
9553,2014.0,2.0,9.0,295.0,905.0,0.0,0.0,1.0,1.0,0.0
9554,2015.0,1.0,1.0,1.0,750.0,1.0,1.0,1.0,1.0,1.33333333333333
9555,2015.0,1.0,2.0,1.0,700.0,1.0,1.0,1.0,1.0,1.42857142857143
9556,2015.0,1.0,14.3,2.0,684.0,0.0,0.0,1.0,1.0,0.0
9557,2015.0,1.0,14.3,3.0,684.0,0.0,0.0,1.0,1.0,0.0
9558,2015.0,1.0,14.3,4.0,684.0,0.0,0.0,1.0,1.0,0.0
9559,2015.0,1.0,14.3,5.0,684.0,0.0,0.0,1.0,1.0,0.0
9560,2015.0,1.0,14.3,6.0,684.0,0.0,0.0,1.0,1.0,0.0
9561,2015.0,1.0,14.3,7.0,684.0,0.0,0.0,1.0,1.0,0.0
9562,2015.0,1.0,14.3,8.0,684.0,0.0,0.0,1.0,1.0,0.0
9563,2015.0,1.0,14.3,9.0,684.0,0.0,0.0,1.0,1.0,0.0
9564,2015.0,1.0,14.3,10.0,684.0,0.0,0.0,1.0,1.0,0.0
9565,2015.0,1.0,14.3,11.0,684.0,0.0,0.0,1.0,1.0,0.0
9566,2015.0,1.0,14.3,12.0,684.0,0.0,0.0,1.0,1.0,0.0
9567,2015.0,1.0,14.3,13.0,684.0,0.0,0.0,1.0,1.0,0.0
9568,2015.0,1.0,14.3,14.0,684.0,0.0,0.0,1.0,1.0,0.0
9569,2015.0,1.0,14.3,15.0,684.0,0.0,0.0,1.0,1.0,0.0
9570,2015.0,1.0,14.3,16.0,684.0,0.0,0.0,1.0,1.0,0.0
9571,2015.0,1.0,14.3,17.0,684.0,0.0,0.0,1.0,1.0,0.0
9572,2015.0,1.0,14.3,18.0,684.0,0.0,0.0,1.0,1.0,0.0
9573,2015.0,1.0,14.3,19.0,684.0,0.0,0.0,1.0,1.0,0.0
9574,2015.0,1.0,14.3,20.0,684.0,0.0,0.0,1.0,1.0,0.0
9575,2015.0,1.0,14.3,21.0,684.0,0.0,0.0,1.0,1.0,0.0
9576,2015.0,1.0,14.3,22.0,684.0,0.0,0.0,1.0,1.0,0.0
9577,2015.0,1.0,14.3,23.0,684.0,0.0,0.0,1.0,1.0,0.0
9578,2015.0,1.0,14.3,24.0,684.0,0.0,0.0,1.0,1.0,0.0
9579,2015.0,1.0,14.3,25.0,684.0,0.0,0.0,1.0,1.0,0.0
9580,2015.0,1.0,14.3,26.0,684.0,0.0,0.0,1.0,1.0,0.0
9581,2015.0,1.0,14.3,27.0,684.0,0.0,0.0,1.0,1.0,0.0
9582,2015.0,1.0,14.3,28.0,684.0,0.0,0.0,1.0,1.0,0.0
9583,2015.0,1.0,14.3,29.0,684.0,0.0,0.0,1.0,1.0,0.0
9584,2015.0,1.0,14.3,30.0,684.0,0.0,0.0,1.0,1.0,0.0
9585,2015.0,1.0,14.3,31.0,684.0,0.0,0.0,1.0,1.0,0.0
9586,2015.0,1.0,14.3,32.0,684.0,0.0,0.0,1.0,1.0,0.0
9587,2015.0,1.0,14.3,33.0,684.0,0.0,0.0,1.0,1.0,0.0
9588,2015.0,1.0,14.3,34.0,684.0,0.0,0.0,1.0,1.0,0.0
9589,2015.0,1.0,14.3,35.0,684.0,0.0,0.0,1.0,1.0,0.0
9590,2015.0,1.0,14.3,36.0,684.0,0.0,0.0,1.0,1.0,0.0
9591,2015.0,1.0,14.3,37.0,684.0,0.0,0.0,1.0,1.0,0.0
9592,2015.0,1.0,14.3,38.0,684.0,0.0,0.0,1.0,1.0,0.0
9593,2015.0,1.0,14.3,39.0,684.0,0.0,0.0,1.0,1.0,0.0
9594,2015.0,1.0,14.3,40.0,684.0,0.0,0.0,1.0,1.0,0.0
9595,2015.0,1.0,14.3,41.0,684.0,0.0,0.0,1.0,1.0,0.0
9596,2015.0,1.0,14.3,42.0,684.0,0.0,0.0,1.0,1.0,0.0
9597,2015.0,1.0,14.3,43.0,684.0,0.0,0.0,1.0,1.0,0.0
9598,2015.0,1.0,14.3,44.0,684.0,0.0,0.0,1.0,1.0,0.0
9599,2015.0,1.0,14.3,45.0,684.0,0.0,0.0,1.0,1.0,0.0
9600,2015.0,1.0,14.3,46.0,684.0,0.0,0.0,1.0,1.0,0.0
9601,2015.0,1.0,14.3,47.0,684.0,0.0,0.0,1.0,1.0,0.0
9602,2015.0,1.0,14.3,48.0,684.0,0.0,0.0,1.0,1.0,0.0
9603,2015.0,1.0,14.3,49.0,684.0,0.0,0.0,1.0,1.0,0.0
9604,2015.0,1.0,14.3,50.0,684.0,0.0,0.0,1.0,1.0,0.0
9605,2015.0,1.0,14.3,51.0,684.0,0.0,0.0,1.0,1.0,0.0
9606,2015.0,1.0,14.3,52.0,684.0,0.0,0.0,1.0,1.0,0.0
9607,2015.0,1.0,14.3,53.0,684.0,0.0,0.0,1.0,1.0,0.0
9608,2015.0,1.0,14.3,54.0,684.0,0.0,0.0,1.0,1.0,0.0
9609,2015.0,1.0,14.3,55.0,684.0,0.0,0.0,1.0,1.0,0.0
9610,2015.0,1.0,14.3,56.0,684.0,0.0,0.0,1.0,1.0,0.0
9611,2015.0,1.0,14.3,57.0,684.0,0.0,0.0,1.0,1.0,0.0
9612,2015.0,1.0,14.3,58.0,684.0,0.0,0.0,1.0,1.0,0.0
9613,2015.0,1.0,14.3,59.0,684.0,0.0,0.0,1.0,1.0,0.0
9614,2015.0,1.0,14.3,60.0,684.0,0.0,0.0,1.0,1.0,0.0
9615,2015.0,1.0,14.3,61.0,684.0,0.0,0.0,1.0,1.0,0.0
9616,2015.0,1.0,14.3,62.0,684.0,0.0,0.0,1.0,1.0,0.0
9617,2015.0,1.0,14.3,63.0,684.0,0.0,0.0,1.0,1.0,0.0
9618,2015.0,1.0,14.3,64.0,684.0,0.0,0.0,1.0,1.0,0.0
9619,2015.0,1.0,14.3,65.0,684.0,0.0,0.0,1.0,1.0,0.0
9620,2015.0,1.0,14.3,66.0,684.0,0.0,0.0,1.0,1.0,0.0
9621,2015.0,1.0,14.3,67.0,684.0,0.0,0.0,1.0,1.0,0.0
9622,2015.0,1.0,14.3,68.0,684.0,0.0,0.0,1.0,1.0,0.0
9623,2015.0,1.0,14.3,69.0,684.0,0.0,0.0,1.0,1.0,0.0
9624,2015.0,1.0,14.3,70.0,684.0,0.0,0.0,1.0,1.0,0.0
9625,2015.0,1.0,14.3,71.0,684.0,0.0,0.0,1.0,1.0,0.0
9626,2015.0,1.0,14.3,72.0,684.0,0.0,0.0,1.0,1.0,0.0
9627,2015.0,1.0,14.3,73.0,684.0,0.0,0.0,1.0,1.0,0.0
9628,2015.0,1.0,14.3,74.0,684.0,0.0,0.0,1.0,1.0,0.0
9629,2015.0,1.0,14.3,75.0,684.0,0.0,0.0,1.0,1.0,0.0
9630,2015.0,1.0,14.3,76.0,684.0,0.0,0.0,1.0,1.0,0.0
9631,2015.0,1.0,14.3,77.0,684.0,0.0,0.0,1.0,1.0,0.0
9632,2015.0,1.0,14.3,78.0,684.0,0.0,0.0,1.0,1.0,0.0
9633,2015.0,1.0,14.3,79.0,684.0,0.0,0.0,1.0,1.0,0.0
9634,2015.0,1.0,14.3,80.0,684.0,0.0,0.0,1.0,1.0,0.0
9635,2015.0,1.0,14.3,81.0,684.0,0.0,0.0,1.0,1.0,0.0
9636,2015.0,1.0,14.3,82.0,684.0,0.0,0.0,1.0,1.0,0.0
9637,2015.0,1.0,14.3,83.0,684.0,0.0,0.0,1.0,1.0,0.0
9638,2015.0,1.0,14.3,84.0,684.0,0.0,0.0,1.0,1.0,0.0
9639,2015.0,1.0,14.3,85.0,684.0,0.0,0.0,1.0,1.0,0.0
9640,2015.0,1.0,14.3,86.0,684.0,0.0,0.0,1.0,1.0,0.0
9641,2015.0,1.0,14.3,87.0,684.0,0.0,0.0,1.0,1.0,0.0
9642,2015.0,1.0,14.3,88.0,684.0,0.0,0.0,1.0,1.0,0.0
9643,2015.0,1.0,14.3,89.0,684.0,0.0,0.0,1.0,1.0,0.0
9644,2015.0,1.0,14.3,90.0,684.0,0.0,0.0,1.0,1.0,0.0
9645,2015.0,1.0,14.3,91.0,684.0,0.0,0.0,1.0,1.0,0.0
9646,2015.0,1.0,14.3,92.0,684.0,0.0,0.0,1.0,1.0,0.0
9647,2015.0,1.0,14.3,93.0,684.0,0.0,0.0,1.0,1.0,0.0
9648,2015.0,1.0,14.3,94.0,684.0,0.0,0.0,1.0,1.0,0.0
9649,2015.0,1.0,14.3,95.0,684.0,0.0,0.0,1.0,1.0,0.0
9650,2015.0,1.0,14.3,96.0,684.0,0.0,0.0,1.0,1.0,0.0
9651,2015.0,1.0,14.3,97.0,684.0,0.0,0.0,1.0,1.0,0.0
9652,2015.0,1.0,14.3,98.0,684.0,0.0,0.0,1.0,1.0,0.0
9653,2015.0,1.0,14.3,99.0,684.0,0.0,0.0,1.0,1.0,0.0
9654,2015.0,1.0,14.3,100.0,684.0,0.0,0.0,1.0,1.0,0.0
9655,2015.0,1.0,14.3,101.0,684.0,0.0,0.0,1.0,1.0,0.0
9656,2015.0,1.0,14.3,102.0,684.0,0.0,0.0,1.0,1.0,0.0
9657,2015.0,1.0,14.3,103.0,684.0,0.0,0.0,1.0,1.0,0.0
9658,2015.0,1.0,14.3,104.0,684.0,0.0,0.0,1.0,1.0,0.0
9659,2015.0,1.0,14.3,105.0,684.0,0.0,0.0,1.0,1.0,0.0
9660,2015.0,1.0,14.3,106.0,684.0,0.0,0.0,1.0,1.0,0.0
9661,2015.0,1.0,14.3,107.0,684.0,0.0,0.0,1.0,1.0,0.0
9662,2015.0,1.0,14.3,108.0,684.0,0.0,0.0,1.0,1.0,0.0
9663,2015.0,1.0,14.3,109.0,684.0,0.0,0.0,1.0,1.0,0.0
9664,2015.0,1.0,14.3,110.0,684.0,0.0,0.0,1.0,1.0,0.0
9665,2015.0,1.0,14.3,111.0,684.0,0.0,0.0,1.0,1.0,0.0
9666,2015.0,1.0,14.3,112.0,684.0,0.0,0.0,1.0,1.0,0.0
9667,2015.0,1.0,14.3,113.0,684.0,0.0,0.0,1.0,1.0,0.0
9668,2015.0,1.0,14.3,114.0,684.0,0.0,0.0,1.0,1.0,0.0
9669,2015.0,1.0,14.3,115.0,684.0,0.0,0.0,1.0,1.0,0.0
9670,2015.0,1.0,14.3,116.0,684.0,0.0,0.0,1.0,1.0,0.0
9671,2015.0,1.0,14.3,117.0,684.0,0.0,0.0,1.0,1.0,0.0
9672,2015.0,1.0,14.3,118.0,684.0,0.0,0.0,1.0,1.0,0.0
9673,2015.0,1.0,14.3,119.0,684.0,0.0,0.0,1.0,1.0,0.0
9674,2015.0,1.0,14.3,120.0,684.0,0.0,0.0,1.0,1.0,0.0
9675,2015.0,1.0,14.3,121.0,684.0,0.0,0.0,1.0,1.0,0.0
9676,2015.0,1.0,14.3,122.0,684.0,0.0,0.0,1.0,1.0,0.0
9677,2015.0,1.0,14.3,123.0,684.0,0.0,0.0,1.0,1.0,0.0
9678,2015.0,1.0,14.3,124.0,684.0,0.0,0.0,1.0,1.0,0.0
9679,2015.0,1.0,14.3,125.0,684.0,0.0,0.0,1.0,1.0,0.0
9680,2015.0,1.0,14.3,126.0,684.0,0.0,0.0,1.0,1.0,0.0
9681,2015.0,1.0,14.3,127.0,684.0,0.0,0.0,1.0,1.0,0.0
9682,2015.0,1.0,14.3,128.0,684.0,0.0,0.0,1.0,1.0,0.0
9683,2015.0,1.0,14.3,129.0,684.0,0.0,0.0,1.0,1.0,0.0
9684,2015.0,1.0,14.3,130.0,684.0,0.0,0.0,1.0,1.0,0.0
9685,2015.0,1.0,14.3,131.0,684.0,0.0,0.0,1.0,1.0,0.0
9686,2015.0,1.0,14.3,132.0,684.0,0.0,0.0,1.0,1.0,0.0
9687,2015.0,1.0,14.3,133.0,684.0,0.0,0.0,1.0,1.0,0.0
9688,2015.0,1.0,14.3,134.0,684.0,0.0,0.0,1.0,1.0,0.0
9689,2015.0,1.0,14.3,135.0,684.0,0.0,0.0,1.0,1.0,0.0
9690,2015.0,1.0,14.3,136.0,684.0,0.0,0.0,1.0,1.0,0.0
9691,2015.0,1.0,14.3,137.0,684.0,0.0,0.0,1.0,1.0,0.0
9692,2015.0,1.0,14.3,138.0,684.0,0.0,0.0,1.0,1.0,0.0
9693,2015.0,1.0,14.3,139.0,684.0,0.0,0.0,1.0,1.0,0.0
9694,2015.0,1.0,14.3,140.0,684.0,0.0,0.0,1.0,1.0,0.0
9695,2015.0,1.0,14.3,141.0,684.0,0.0,0.0,1.0,1.0,0.0
9696,2015.0,1.0,14.3,142.0,684.0,0.0,0.0,1.0,1.0,0.0
9697,2015.0,1.0,14.3,143.0,684.0,0.0,0.0,1.0,1.0,0.0
9698,2015.0,1.0,14.3,144.0,684.0,0.0,0.0,1.0,1.0,0.0
9699,2015.0,1.0,14.3,145.0,684.0,0.0,0.0,1.0,1.0,0.0
9700,2015.0,1.0,14.3,146.0,684.0,0.0,0.0,1.0,1.0,0.0
9701,2015.0,1.0,14.3,147.0,684.0,0.0,0.0,1.0,1.0,0.0
9702,2015.0,1.0,14.3,148.0,684.0,0.0,0.0,1.0,1.0,0.0
9703,2015.0,1.0,14.3,149.0,684.0,0.0,0.0,1.0,1.0,0.0
9704,2015.0,1.0,14.3,150.0,684.0,0.0,0.0,1.0,1.0,0.0
9705,2015.0,1.0,14.3,151.0,684.0,0.0,0.0,1.0,1.0,0.0
9706,2015.0,1.0,14.3,152.0,684.0,0.0,0.0,1.0,1.0,0.0
9707,2015.0,1.0,14.3,153.0,684.0,0.0,0.0,1.0,1.0,0.0
9708,2015.0,1.0,14.3,154.0,684.0,0.0,0.0,1.0,1.0,0.0
9709,2015.0,1.0,14.3,155.0,684.0,0.0,0.0,1.0,1.0,0.0
9710,2015.0,1.0,14.3,156.0,684.0,0.0,0.0,1.0,1.0,0.0
9711,2015.0,1.0,14.3,157.0,684.0,0.0,0.0,1.0,1.0,0.0
9712,2015.0,1.0,14.3,158.0,684.0,0.0,0.0,1.0,1.0,0.0
9713,2015.0,1.0,14.3,159.0,684.0,0.0,0.0,1.0,1.0,0.0
9714,2015.0,1.0,14.3,160.0,684.0,0.0,0.0,1.0,1.0,0.0
9715,2015.0,1.0,14.3,161.0,684.0,0.0,0.0,1.0,1.0,0.0
9716,2015.0,1.0,14.3,162.0,684.0,0.0,0.0,1.0,1.0,0.0
9717,2015.0,1.0,14.3,163.0,684.0,0.0,0.0,1.0,1.0,0.0
9718,2015.0,1.0,14.3,164.0,684.0,0.0,0.0,1.0,1.0,0.0
9719,2015.0,1.0,14.3,165.0,684.0,0.0,0.0,1.0,1.0,0.0
9720,2015.0,1.0,14.3,166.0,684.0,0.0,0.0,1.0,1.0,0.0
9721,2015.0,1.0,14.3,167.0,684.0,0.0,0.0,1.0,1.0,0.0
9722,2015.0,1.0,14.3,168.0,684.0,0.0,0.0,1.0,1.0,0.0
9723,2015.0,1.0,14.3,169.0,684.0,0.0,0.0,1.0,1.0,0.0
9724,2015.0,1.0,14.3,170.0,684.0,0.0,0.0,1.0,1.0,0.0
9725,2015.0,1.0,14.3,171.0,684.0,0.0,0.0,1.0,1.0,0.0
9726,2015.0,1.0,14.3,172.0,684.0,0.0,0.0,1.0,1.0,0.0
9727,2015.0,1.0,14.3,173.0,684.0,0.0,0.0,1.0,1.0,0.0
9728,2015.0,1.0,14.3,174.0,684.0,0.0,0.0,1.0,1.0,0.0
9729,2015.0,1.0,14.3,175.0,684.0,0.0,0.0,1.0,1.0,0.0
9730,2015.0,1.0,14.3,176.0,684.0,0.0,0.0,1.0,1.0,0.0
9731,2015.0,1.0,14.3,177.0,684.0,0.0,0.0,1.0,1.0,0.0
9732,2015.0,1.0,14.3,178.0,684.0,0.0,0.0,1.0,1.0,0.0
9733,2015.0,1.0,14.3,179.0,684.0,0.0,0.0,1.0,1.0,0.0
9734,2015.0,1.0,14.3,180.0,684.0,0.0,0.0,1.0,1.0,0.0
9735,2015.0,1.0,14.3,181.0,684.0,0.0,0.0,1.0,1.0,0.0
9736,2015.0,1.0,14.3,182.0,684.0,0.0,0.0,1.0,1.0,0.0
9737,2015.0,1.0,14.3,183.0,684.0,0.0,0.0,1.0,1.0,0.0
9738,2015.0,1.0,14.3,184.0,684.0,0.0,0.0,1.0,1.0,0.0
9739,2015.0,1.0,14.3,185.0,684.0,0.0,0.0,1.0,1.0,0.0
9740,2015.0,1.0,14.3,186.0,684.0,0.0,0.0,1.0,1.0,0.0
9741,2015.0,1.0,14.3,187.0,684.0,0.0,0.0,1.0,1.0,0.0
9742,2015.0,1.0,14.3,188.0,684.0,0.0,0.0,1.0,1.0,0.0
9743,2015.0,1.0,14.3,189.0,684.0,0.0,0.0,1.0,1.0,0.0
9744,2015.0,1.0,14.3,190.0,684.0,0.0,0.0,1.0,1.0,0.0
9745,2015.0,1.0,14.3,191.0,684.0,0.0,0.0,1.0,1.0,0.0
9746,2015.0,1.0,14.3,192.0,684.0,0.0,0.0,1.0,1.0,0.0
9747,2015.0,1.0,14.3,193.0,684.0,0.0,0.0,1.0,1.0,0.0
9748,2015.0,1.0,14.3,194.0,684.0,0.0,0.0,1.0,1.0,0.0
9749,2015.0,1.0,14.3,195.0,684.0,0.0,0.0,1.0,1.0,0.0
9750,2015.0,1.0,14.3,196.0,684.0,0.0,0.0,1.0,1.0,0.0
9751,2015.0,1.0,14.3,197.0,684.0,0.0,0.0,1.0,1.0,0.0
9752,2015.0,1.0,14.3,198.0,684.0,0.0,0.0,1.0,1.0,0.0
9753,2015.0,1.0,14.3,199.0,684.0,0.0,0.0,1.0,1.0,0.0
9754,2015.0,1.0,14.3,200.0,684.0,0.0,0.0,1.0,1.0,0.0
9755,2015.0,1.0,14.3,201.0,684.0,0.0,0.0,1.0,1.0,0.0
9756,2015.0,1.0,14.3,202.0,684.0,0.0,0.0,1.0,1.0,0.0
9757,2015.0,1.0,14.3,203.0,684.0,0.0,0.0,1.0,1.0,0.0
9758,2015.0,1.0,14.3,204.0,684.0,0.0,0.0,1.0,1.0,0.0
9759,2015.0,1.0,14.3,205.0,684.0,0.0,0.0,1.0,1.0,0.0
9760,2015.0,1.0,14.3,206.0,684.0,0.0,0.0,1.0,1.0,0.0
9761,2015.0,1.0,14.3,207.0,684.0,0.0,0.0,1.0,1.0,0.0
9762,2015.0,1.0,14.3,208.0,684.0,0.0,0.0,1.0,1.0,0.0
9763,2015.0,1.0,14.3,209.0,684.0,0.0,0.0,1.0,1.0,0.0
9764,2015.0,1.0,14.3,210.0,684.0,0.0,0.0,1.0,1.0,0.0
9765,2015.0,1.0,14.3,211.0,684.0,0.0,0.0,1.0,1.0,0.0
9766,2015.0,1.0,14.3,212.0,684.0,0.0,0.0,1.0,1.0,0.0
9767,2015.0,1.0,14.3,213.0,684.0,0.0,0.0,1.0,1.0,0.0
9768,2015.0,1.0,14.3,214.0,684.0,0.0,0.0,1.0,1.0,0.0
9769,2015.0,1.0,14.3,215.0,684.0,0.0,0.0,1.0,1.0,0.0
9770,2015.0,1.0,14.3,216.0,684.0,0.0,0.0,1.0,1.0,0.0
9771,2015.0,1.0,14.3,217.0,684.0,0.0,0.0,1.0,1.0,0.0
9772,2015.0,1.0,14.3,218.0,684.0,0.0,0.0,1.0,1.0,0.0
9773,2015.0,1.0,14.3,219.0,684.0,0.0,0.0,1.0,1.0,0.0
9774,2015.0,1.0,14.3,220.0,684.0,0.0,0.0,1.0,1.0,0.0
9775,2015.0,1.0,14.3,221.0,684.0,0.0,0.0,1.0,1.0,0.0
9776,2015.0,1.0,14.3,222.0,684.0,0.0,0.0,1.0,1.0,0.0
9777,2015.0,1.0,14.3,223.0,684.0,0.0,0.0,1.0,1.0,0.0
9778,2015.0,1.0,14.3,224.0,684.0,0.0,0.0,1.0,1.0,0.0
9779,2015.0,1.0,14.3,225.0,684.0,0.0,0.0,1.0,1.0,0.0
9780,2015.0,1.0,14.3,226.0,684.0,0.0,0.0,1.0,1.0,0.0
9781,2015.0,1.0,14.3,227.0,684.0,0.0,0.0,1.0,1.0,0.0
9782,2015.0,1.0,14.3,228.0,684.0,0.0,0.0,1.0,1.0,0.0
9783,2015.0,1.0,14.3,229.0,684.0,0.0,0.0,1.0,1.0,0.0
9784,2015.0,1.0,14.3,230.0,684.0,0.0,0.0,1.0,1.0,0.0
9785,2015.0,1.0,14.3,231.0,684.0,0.0,0.0,1.0,1.0,0.0
9786,2015.0,1.0,14.3,232.0,684.0,0.0,0.0,1.0,1.0,0.0
9787,2015.0,1.0,14.3,233.0,684.0,0.0,0.0,1.0,1.0,0.0
9788,2015.0,1.0,14.3,234.0,684.0,0.0,0.0,1.0,1.0,0.0
9789,2015.0,1.0,14.3,235.0,684.0,0.0,0.0,1.0,1.0,0.0
9790,2015.0,1.0,14.3,236.0,684.0,0.0,0.0,1.0,1.0,0.0
9791,2015.0,1.0,14.3,237.0,684.0,0.0,0.0,1.0,1.0,0.0
9792,2015.0,1.0,14.3,238.0,684.0,0.0,0.0,1.0,1.0,0.0
9793,2015.0,1.0,14.3,239.0,684.0,0.0,0.0,1.0,1.0,0.0
9794,2015.0,1.0,14.3,240.0,684.0,0.0,0.0,1.0,1.0,0.0
9795,2015.0,1.0,14.3,241.0,684.0,0.0,0.0,1.0,1.0,0.0
9796,2015.0,1.0,14.3,242.0,684.0,0.0,0.0,1.0,1.0,0.0
9797,2015.0,1.0,14.3,243.0,684.0,0.0,0.0,1.0,1.0,0.0
9798,2015.0,1.0,14.3,244.0,684.0,0.0,0.0,1.0,1.0,0.0
9799,2015.0,1.0,14.3,245.0,684.0,0.0,0.0,1.0,1.0,0.0
9800,2015.0,1.0,14.3,246.0,684.0,0.0,0.0,1.0,1.0,0.0
9801,2015.0,1.0,14.3,247.0,684.0,0.0,0.0,1.0,1.0,0.0
9802,2015.0,1.0,14.3,248.0,684.0,0.0,0.0,1.0,1.0,0.0
9803,2015.0,1.0,14.3,249.0,684.0,0.0,0.0,1.0,1.0,0.0
9804,2015.0,1.0,14.3,250.0,684.0,0.0,0.0,1.0,1.0,0.0
9805,2015.0,1.0,14.3,251.0,684.0,0.0,0.0,1.0,1.0,0.0
9806,2015.0,1.0,14.3,252.0,684.0,0.0,0.0,1.0,1.0,0.0
9807,2015.0,1.0,14.3,253.0,684.0,0.0,0.0,1.0,1.0,0.0
9808,2015.0,1.0,14.3,254.0,684.0,0.0,0.0,1.0,1.0,0.0
9809,2015.0,1.0,14.3,255.0,684.0,0.0,0.0,1.0,1.0,0.0
9810,2015.0,1.0,14.3,256.0,684.0,0.0,0.0,1.0,1.0,0.0
9811,2015.0,1.0,14.3,257.0,684.0,0.0,0.0,1.0,1.0,0.0
9812,2015.0,1.0,14.3,258.0,684.0,0.0,0.0,1.0,1.0,0.0
9813,2015.0,1.0,14.3,259.0,684.0,0.0,0.0,1.0,1.0,0.0
9814,2015.0,1.0,14.3,260.0,684.0,0.0,0.0,1.0,1.0,0.0
9815,2015.0,1.0,14.3,261.0,684.0,0.0,0.0,1.0,1.0,0.0
9816,2015.0,1.0,14.3,262.0,684.0,0.0,0.0,1.0,1.0,0.0
9817,2015.0,1.0,14.3,263.0,684.0,0.0,0.0,1.0,1.0,0.0
9818,2015.0,1.0,14.3,264.0,684.0,0.0,0.0,1.0,1.0,0.0
9819,2015.0,1.0,14.3,265.0,684.0,0.0,0.0,1.0,1.0,0.0
9820,2015.0,1.0,14.3,266.0,684.0,0.0,0.0,1.0,1.0,0.0
9821,2015.0,1.0,14.3,267.0,684.0,0.0,0.0,1.0,1.0,0.0
9822,2015.0,1.0,14.3,268.0,684.0,0.0,0.0,1.0,1.0,0.0
9823,2015.0,1.0,14.3,269.0,684.0,0.0,0.0,1.0,1.0,0.0
9824,2015.0,1.0,14.3,270.0,684.0,0.0,0.0,1.0,1.0,0.0
9825,2015.0,1.0,14.3,271.0,684.0,0.0,0.0,1.0,1.0,0.0
9826,2015.0,1.0,14.3,272.0,684.0,0.0,0.0,1.0,1.0,0.0
9827,2015.0,1.0,14.3,273.0,684.0,0.0,0.0,1.0,1.0,0.0
9828,2015.0,1.0,14.3,274.0,684.0,0.0,0.0,1.0,1.0,0.0
9829,2015.0,1.0,14.3,275.0,684.0,0.0,0.0,1.0,1.0,0.0
9830,2015.0,1.0,14.3,276.0,684.0,0.0,0.0,1.0,1.0,0.0
9831,2015.0,1.0,14.3,277.0,684.0,0.0,0.0,1.0,1.0,0.0
9832,2015.0,1.0,14.3,278.0,684.0,0.0,0.0,1.0,1.0,0.0
9833,2015.0,1.0,14.3,279.0,684.0,0.0,0.0,1.0,1.0,0.0
9834,2015.0,1.0,14.3,280.0,684.0,0.0,0.0,1.0,1.0,0.0
9835,2015.0,1.0,14.3,281.0,684.0,0.0,0.0,1.0,1.0,0.0
9836,2015.0,1.0,14.3,282.0,684.0,0.0,0.0,1.0,1.0,0.0
9837,2015.0,1.0,14.3,283.0,684.0,0.0,0.0,1.0,1.0,0.0
9838,2015.0,1.0,14.3,284.0,684.0,0.0,0.0,1.0,1.0,0.0
9839,2015.0,1.0,14.3,285.0,684.0,0.0,0.0,1.0,1.0,0.0
9840,2015.0,1.0,14.3,286.0,684.0,0.0,0.0,1.0,1.0,0.0
9841,2015.0,1.0,14.3,287.0,684.0,0.0,0.0,1.0,1.0,0.0
9842,2015.0,1.0,14.3,288.0,684.0,0.0,0.0,1.0,1.0,0.0
9843,2015.0,1.0,14.3,289.0,684.0,0.0,0.0,1.0,1.0,0.0
9844,2015.0,1.0,14.3,290.0,684.0,0.0,0.0,1.0,1.0,0.0
9845,2015.0,1.0,14.3,291.0,684.0,0.0,0.0,1.0,1.0,0.0
9846,2015.0,1.0,14.3,292.0,684.0,0.0,0.0,1.0,1.0,0.0
9847,2015.0,1.0,14.3,293.0,684.0,0.0,0.0,1.0,1.0,0.0
9848,2015.0,1.0,14.3,294.0,684.0,0.0,0.0,1.0,1.0,0.0
9849,2015.0,1.0,14.3,295.0,684.0,0.0,0.0,1.0,1.0,0.0
9850,2015.0,1.0,14.3,296.0,684.0,0.0,0.0,1.0,1.0,0.0
9851,2015.0,1.0,14.3,297.0,684.0,0.0,0.0,1.0,1.0,0.0
9852,2015.0,1.0,14.3,298.0,684.0,0.0,0.0,1.0,1.0,0.0
9853,2015.0,1.0,14.3,299.0,684.0,0.0,0.0,1.0,1.0,0.0
9854,2015.0,1.0,14.3,300.0,684.0,0.0,0.0,1.0,1.0,0.0
9855,2015.0,1.0,14.3,301.0,684.0,0.0,0.0,1.0,1.0,0.0
9856,2015.0,1.0,14.3,302.0,684.0,0.0,0.0,1.0,1.0,0.0
9857,2015.0,1.0,14.3,303.0,684.0,0.0,0.0,1.0,1.0,0.0
9858,2015.0,1.0,14.3,304.0,684.0,0.0,0.0,1.0,1.0,0.0
9859,2015.0,1.0,14.3,305.0,684.0,0.0,0.0,1.0,1.0,0.0
9860,2015.0,1.0,14.3,306.0,684.0,0.0,0.0,1.0,1.0,0.0
9861,2015.0,1.0,14.3,307.0,684.0,0.0,0.0,1.0,1.0,0.0
9862,2015.0,1.0,14.3,308.0,684.0,0.0,0.0,1.0,1.0,0.0
9863,2015.0,1.0,14.3,309.0,684.0,0.0,0.0,1.0,1.0,0.0
9864,2015.0,1.0,14.3,310.0,684.0,0.0,0.0,1.0,1.0,0.0
9865,2015.0,1.0,14.3,311.0,684.0,0.0,0.0,1.0,1.0,0.0
9866,2015.0,1.0,14.3,312.0,684.0,0.0,0.0,1.0,1.0,0.0
9867,2015.0,1.0,14.3,313.0,684.0,0.0,0.0,1.0,1.0,0.0
9868,2015.0,1.0,14.3,314.0,684.0,0.0,0.0,1.0,1.0,0.0
9869,2015.0,1.0,14.3,315.0,684.0,0.0,0.0,1.0,1.0,0.0
9870,2015.0,1.0,14.3,316.0,684.0,0.0,0.0,1.0,1.0,0.0
9871,2015.0,1.0,14.3,317.0,684.0,0.0,0.0,1.0,1.0,0.0
9872,2015.0,1.0,14.3,318.0,684.0,0.0,0.0,1.0,1.0,0.0
9873,2015.0,1.0,14.3,319.0,684.0,0.0,0.0,1.0,1.0,0.0
9874,2015.0,1.0,14.3,320.0,684.0,0.0,0.0,1.0,1.0,0.0
9875,2015.0,1.0,14.3,321.0,684.0,0.0,0.0,1.0,1.0,0.0
9876,2015.0,1.0,14.3,322.0,684.0,0.0,0.0,1.0,1.0,0.0
9877,2015.0,1.0,14.3,323.0,684.0,0.0,0.0,1.0,1.0,0.0
9878,2015.0,1.0,14.3,324.0,684.0,0.0,0.0,1.0,1.0,0.0
9879,2015.0,1.0,14.3,325.0,684.0,0.0,0.0,1.0,1.0,0.0
9880,2015.0,1.0,14.3,326.0,684.0,0.0,0.0,1.0,1.0,0.0
9881,2015.0,1.0,14.3,327.0,684.0,0.0,0.0,1.0,1.0,0.0
9882,2015.0,1.0,14.3,328.0,684.0,0.0,0.0,1.0,1.0,0.0
9883,2015.0,1.0,14.3,329.0,684.0,0.0,0.0,1.0,1.0,0.0
9884,2015.0,1.0,14.3,330.0,684.0,0.0,0.0,1.0,1.0,0.0
9885,2015.0,1.0,14.3,331.0,684.0,0.0,0.0,1.0,1.0,0.0
9886,2015.0,1.0,14.3,332.0,684.0,0.0,0.0,1.0,1.0,0.0
9887,2015.0,1.0,14.3,333.0,684.0,0.0,0.0,1.0,1.0,0.0
9888,2015.0,1.0,14.3,334.0,684.0,0.0,0.0,1.0,1.0,0.0
9889,2015.0,1.0,14.3,335.0,684.0,0.0,0.0,1.0,1.0,0.0
9890,2015.0,1.0,14.3,336.0,684.0,0.0,0.0,1.0,1.0,0.0
9891,2015.0,1.0,14.3,337.0,684.0,0.0,0.0,1.0,1.0,0.0
9892,2015.0,1.0,14.3,338.0,684.0,0.0,0.0,1.0,1.0,0.0
9893,2015.0,1.0,14.3,339.0,751.0,0.0,0.0,1.0,1.0,0.0
9894,2015.0,2.0,11.7,1.0,680.0,0.0,0.0,1.0,1.0,0.0
9895,2015.0,2.0,11.7,2.0,680.0,0.0,0.0,1.0,1.0,0.0
9896,2015.0,2.0,11.7,3.0,680.0,0.0,0.0,1.0,1.0,0.0
9897,2015.0,2.0,11.7,4.0,680.0,0.0,0.0,1.0,1.0,0.0
9898,2015.0,2.0,11.7,5.0,680.0,0.0,0.0,1.0,1.0,0.0
9899,2015.0,2.0,11.7,6.0,680.0,0.0,0.0,1.0,1.0,0.0
9900,2015.0,2.0,11.7,7.0,680.0,0.0,0.0,1.0,1.0,0.0
9901,2015.0,2.0,11.7,8.0,680.0,0.0,0.0,1.0,1.0,0.0
9902,2015.0,2.0,11.7,9.0,680.0,0.0,0.0,1.0,1.0,0.0
9903,2015.0,2.0,11.7,10.0,680.0,0.0,0.0,1.0,1.0,0.0
9904,2015.0,2.0,11.7,11.0,680.0,0.0,0.0,1.0,1.0,0.0
9905,2015.0,2.0,11.7,12.0,680.0,0.0,0.0,1.0,1.0,0.0
9906,2015.0,2.0,11.7,13.0,680.0,0.0,0.0,1.0,1.0,0.0
9907,2015.0,2.0,11.7,14.0,680.0,0.0,0.0,1.0,1.0,0.0
9908,2015.0,2.0,11.7,15.0,680.0,0.0,0.0,1.0,1.0,0.0
9909,2015.0,2.0,11.7,16.0,680.0,0.0,0.0,1.0,1.0,0.0
9910,2015.0,2.0,11.7,17.0,680.0,0.0,0.0,1.0,1.0,0.0
9911,2015.0,2.0,11.7,18.0,680.0,0.0,0.0,1.0,1.0,0.0
9912,2015.0,2.0,11.7,19.0,680.0,0.0,0.0,1.0,1.0,0.0
9913,2015.0,2.0,11.7,20.0,680.0,0.0,0.0,1.0,1.0,0.0
9914,2015.0,2.0,11.7,21.0,680.0,0.0,0.0,1.0,1.0,0.0
9915,2015.0,2.0,11.7,22.0,680.0,0.0,0.0,1.0,1.0,0.0
9916,2015.0,2.0,11.7,23.0,680.0,0.0,0.0,1.0,1.0,0.0
9917,2015.0,2.0,11.7,24.0,680.0,0.0,0.0,1.0,1.0,0.0
9918,2015.0,2.0,11.7,25.0,680.0,0.0,0.0,1.0,1.0,0.0
9919,2015.0,2.0,11.7,26.0,680.0,0.0,0.0,1.0,1.0,0.0
9920,2015.0,2.0,11.7,27.0,680.0,0.0,0.0,1.0,1.0,0.0
9921,2015.0,2.0,11.7,28.0,680.0,0.0,0.0,1.0,1.0,0.0
9922,2015.0,2.0,11.7,29.0,680.0,0.0,0.0,1.0,1.0,0.0
9923,2015.0,2.0,11.7,30.0,680.0,0.0,0.0,1.0,1.0,0.0
9924,2015.0,2.0,11.7,31.0,680.0,0.0,0.0,1.0,1.0,0.0
9925,2015.0,2.0,11.7,32.0,680.0,0.0,0.0,1.0,1.0,0.0
9926,2015.0,2.0,11.7,33.0,680.0,0.0,0.0,1.0,1.0,0.0
9927,2015.0,2.0,11.7,34.0,680.0,0.0,0.0,1.0,1.0,0.0
9928,2015.0,2.0,11.7,35.0,680.0,0.0,0.0,1.0,1.0,0.0
9929,2015.0,2.0,11.7,36.0,680.0,0.0,0.0,1.0,1.0,0.0
9930,2015.0,2.0,11.7,37.0,680.0,0.0,0.0,1.0,1.0,0.0
9931,2015.0,2.0,11.7,38.0,680.0,0.0,0.0,1.0,1.0,0.0
9932,2015.0,2.0,11.7,39.0,680.0,0.0,0.0,1.0,1.0,0.0
9933,2015.0,2.0,11.7,40.0,680.0,0.0,0.0,1.0,1.0,0.0
9934,2015.0,2.0,11.7,41.0,680.0,0.0,0.0,1.0,1.0,0.0
9935,2015.0,2.0,11.7,42.0,680.0,0.0,0.0,1.0,1.0,0.0
9936,2015.0,2.0,11.7,43.0,680.0,0.0,0.0,1.0,1.0,0.0
9937,2015.0,2.0,11.7,44.0,680.0,0.0,0.0,1.0,1.0,0.0
9938,2015.0,2.0,11.7,45.0,680.0,0.0,0.0,1.0,1.0,0.0
9939,2015.0,2.0,11.7,46.0,680.0,0.0,0.0,1.0,1.0,0.0
9940,2015.0,2.0,11.7,47.0,680.0,0.0,0.0,1.0,1.0,0.0
9941,2015.0,2.0,11.7,48.0,680.0,0.0,0.0,1.0,1.0,0.0
9942,2015.0,2.0,11.7,49.0,680.0,0.0,0.0,1.0,1.0,0.0
9943,2015.0,2.0,11.7,50.0,680.0,0.0,0.0,1.0,1.0,0.0
9944,2015.0,2.0,11.7,51.0,680.0,0.0,0.0,1.0,1.0,0.0
9945,2015.0,2.0,11.7,52.0,680.0,0.0,0.0,1.0,1.0,0.0
9946,2015.0,2.0,11.7,53.0,680.0,0.0,0.0,1.0,1.0,0.0
9947,2015.0,2.0,11.7,54.0,680.0,0.0,0.0,1.0,1.0,0.0
9948,2015.0,2.0,11.7,55.0,680.0,0.0,0.0,1.0,1.0,0.0
9949,2015.0,2.0,11.7,56.0,680.0,0.0,0.0,1.0,1.0,0.0
9950,2015.0,2.0,11.7,57.0,680.0,0.0,0.0,1.0,1.0,0.0
9951,2015.0,2.0,11.7,58.0,680.0,0.0,0.0,1.0,1.0,0.0
9952,2015.0,2.0,11.7,59.0,680.0,0.0,0.0,1.0,1.0,0.0
9953,2015.0,2.0,11.7,60.0,680.0,0.0,0.0,1.0,1.0,0.0
9954,2015.0,2.0,11.7,61.0,680.0,0.0,0.0,1.0,1.0,0.0
9955,2015.0,2.0,11.7,62.0,680.0,0.0,0.0,1.0,1.0,0.0
9956,2015.0,2.0,11.7,63.0,680.0,0.0,0.0,1.0,1.0,0.0
9957,2015.0,2.0,11.7,64.0,680.0,0.0,0.0,1.0,1.0,0.0
9958,2015.0,2.0,11.7,65.0,680.0,0.0,0.0,1.0,1.0,0.0
9959,2015.0,2.0,11.7,66.0,680.0,0.0,0.0,1.0,1.0,0.0
9960,2015.0,2.0,11.7,67.0,680.0,0.0,0.0,1.0,1.0,0.0
9961,2015.0,2.0,11.7,68.0,680.0,0.0,0.0,1.0,1.0,0.0
9962,2015.0,2.0,11.7,69.0,680.0,0.0,0.0,1.0,1.0,0.0
9963,2015.0,2.0,11.7,70.0,680.0,0.0,0.0,1.0,1.0,0.0
9964,2015.0,2.0,11.7,71.0,680.0,0.0,0.0,1.0,1.0,0.0
9965,2015.0,2.0,11.7,72.0,680.0,0.0,0.0,1.0,1.0,0.0
9966,2015.0,2.0,11.7,73.0,680.0,0.0,0.0,1.0,1.0,0.0
9967,2015.0,2.0,11.7,74.0,680.0,0.0,0.0,1.0,1.0,0.0
9968,2015.0,2.0,11.7,75.0,680.0,0.0,0.0,1.0,1.0,0.0
9969,2015.0,2.0,11.7,76.0,680.0,0.0,0.0,1.0,1.0,0.0
9970,2015.0,2.0,11.7,77.0,680.0,0.0,0.0,1.0,1.0,0.0
9971,2015.0,2.0,11.7,78.0,680.0,0.0,0.0,1.0,1.0,0.0
9972,2015.0,2.0,11.7,79.0,680.0,0.0,0.0,1.0,1.0,0.0
9973,2015.0,2.0,11.7,80.0,680.0,0.0,0.0,1.0,1.0,0.0
9974,2015.0,2.0,11.7,81.0,680.0,0.0,0.0,1.0,1.0,0.0
9975,2015.0,2.0,11.7,82.0,680.0,0.0,0.0,1.0,1.0,0.0
9976,2015.0,2.0,11.7,83.0,680.0,0.0,0.0,1.0,1.0,0.0
9977,2015.0,2.0,11.7,84.0,680.0,0.0,0.0,1.0,1.0,0.0
9978,2015.0,2.0,11.7,85.0,680.0,0.0,0.0,1.0,1.0,0.0
9979,2015.0,2.0,11.7,86.0,680.0,0.0,0.0,1.0,1.0,0.0
9980,2015.0,2.0,11.7,87.0,680.0,0.0,0.0,1.0,1.0,0.0
9981,2015.0,2.0,11.7,88.0,680.0,0.0,0.0,1.0,1.0,0.0
9982,2015.0,2.0,11.7,89.0,680.0,0.0,0.0,1.0,1.0,0.0
9983,2015.0,2.0,11.7,90.0,680.0,0.0,0.0,1.0,1.0,0.0
9984,2015.0,2.0,11.7,91.0,680.0,0.0,0.0,1.0,1.0,0.0
9985,2015.0,2.0,11.7,92.0,680.0,0.0,0.0,1.0,1.0,0.0
9986,2015.0,2.0,11.7,93.0,680.0,0.0,0.0,1.0,1.0,0.0
9987,2015.0,2.0,11.7,94.0,680.0,0.0,0.0,1.0,1.0,0.0
9988,2015.0,2.0,11.7,95.0,680.0,0.0,0.0,1.0,1.0,0.0
9989,2015.0,2.0,11.7,96.0,680.0,0.0,0.0,1.0,1.0,0.0
9990,2015.0,2.0,11.7,97.0,680.0,0.0,0.0,1.0,1.0,0.0
9991,2015.0,2.0,11.7,98.0,680.0,0.0,0.0,1.0,1.0,0.0
9992,2015.0,2.0,11.7,99.0,680.0,0.0,0.0,1.0,1.0,0.0
9993,2015.0,2.0,11.7,100.0,680.0,0.0,0.0,1.0,1.0,0.0
9994,2015.0,2.0,11.7,101.0,680.0,0.0,0.0,1.0,1.0,0.0
9995,2015.0,2.0,11.7,102.0,680.0,0.0,0.0,1.0,1.0,0.0
9996,2015.0,2.0,11.7,103.0,680.0,0.0,0.0,1.0,1.0,0.0
9997,2015.0,2.0,11.7,104.0,680.0,0.0,0.0,1.0,1.0,0.0
9998,2015.0,2.0,11.7,105.0,680.0,0.0,0.0,1.0,1.0,0.0
9999,2015.0,2.0,11.7,106.0,680.0,0.0,0.0,1.0,1.0,0.0
10000,2015.0,2.0,11.7,107.0,680.0,0.0,0.0,1.0,1.0,0.0
10001,2015.0,2.0,11.7,108.0,680.0,0.0,0.0,1.0,1.0,0.0
10002,2015.0,2.0,11.7,109.0,680.0,0.0,0.0,1.0,1.0,0.0
10003,2015.0,2.0,11.7,110.0,680.0,0.0,0.0,1.0,1.0,0.0
10004,2015.0,2.0,11.7,111.0,680.0,0.0,0.0,1.0,1.0,0.0
10005,2015.0,2.0,11.7,112.0,680.0,0.0,0.0,1.0,1.0,0.0
10006,2015.0,2.0,11.7,113.0,680.0,0.0,0.0,1.0,1.0,0.0
10007,2015.0,2.0,11.7,114.0,680.0,0.0,0.0,1.0,1.0,0.0
10008,2015.0,2.0,11.7,115.0,680.0,0.0,0.0,1.0,1.0,0.0
10009,2015.0,2.0,11.7,116.0,680.0,0.0,0.0,1.0,1.0,0.0
10010,2015.0,2.0,11.7,117.0,680.0,0.0,0.0,1.0,1.0,0.0
10011,2015.0,2.0,11.7,118.0,680.0,0.0,0.0,1.0,1.0,0.0
10012,2015.0,2.0,11.7,119.0,680.0,0.0,0.0,1.0,1.0,0.0
10013,2015.0,2.0,11.7,120.0,680.0,0.0,0.0,1.0,1.0,0.0
10014,2015.0,2.0,11.7,121.0,680.0,0.0,0.0,1.0,1.0,0.0
10015,2015.0,2.0,11.7,122.0,680.0,0.0,0.0,1.0,1.0,0.0
10016,2015.0,2.0,11.7,123.0,680.0,0.0,0.0,1.0,1.0,0.0
10017,2015.0,2.0,11.7,124.0,680.0,0.0,0.0,1.0,1.0,0.0
10018,2015.0,2.0,11.7,125.0,680.0,0.0,0.0,1.0,1.0,0.0
10019,2015.0,2.0,11.7,126.0,680.0,0.0,0.0,1.0,1.0,0.0
10020,2015.0,2.0,11.7,127.0,680.0,0.0,0.0,1.0,1.0,0.0
10021,2015.0,2.0,11.7,128.0,680.0,0.0,0.0,1.0,1.0,0.0
10022,2015.0,2.0,11.7,129.0,680.0,0.0,0.0,1.0,1.0,0.0
10023,2015.0,2.0,11.7,130.0,680.0,0.0,0.0,1.0,1.0,0.0
10024,2015.0,2.0,11.7,131.0,680.0,0.0,0.0,1.0,1.0,0.0
10025,2015.0,2.0,11.7,132.0,680.0,0.0,0.0,1.0,1.0,0.0
10026,2015.0,2.0,11.7,133.0,680.0,0.0,0.0,1.0,1.0,0.0
10027,2015.0,2.0,11.7,134.0,680.0,0.0,0.0,1.0,1.0,0.0
10028,2015.0,2.0,11.7,135.0,680.0,0.0,0.0,1.0,1.0,0.0
10029,2015.0,2.0,11.7,136.0,680.0,0.0,0.0,1.0,1.0,0.0
10030,2015.0,2.0,11.7,137.0,680.0,0.0,0.0,1.0,1.0,0.0
10031,2015.0,2.0,11.7,138.0,680.0,0.0,0.0,1.0,1.0,0.0
10032,2015.0,2.0,11.7,139.0,680.0,0.0,0.0,1.0,1.0,0.0
10033,2015.0,2.0,11.7,140.0,680.0,0.0,0.0,1.0,1.0,0.0
10034,2015.0,2.0,11.7,141.0,680.0,0.0,0.0,1.0,1.0,0.0
10035,2015.0,2.0,11.7,142.0,680.0,0.0,0.0,1.0,1.0,0.0
10036,2015.0,2.0,11.7,143.0,680.0,0.0,0.0,1.0,1.0,0.0
10037,2015.0,2.0,11.7,144.0,680.0,0.0,0.0,1.0,1.0,0.0
10038,2015.0,2.0,11.7,145.0,680.0,0.0,0.0,1.0,1.0,0.0
10039,2015.0,2.0,11.7,146.0,680.0,0.0,0.0,1.0,1.0,0.0
10040,2015.0,2.0,11.7,147.0,680.0,0.0,0.0,1.0,1.0,0.0
10041,2015.0,2.0,11.7,148.0,680.0,0.0,0.0,1.0,1.0,0.0
10042,2015.0,2.0,11.7,149.0,680.0,0.0,0.0,1.0,1.0,0.0
10043,2015.0,2.0,11.7,150.0,680.0,0.0,0.0,1.0,1.0,0.0
10044,2015.0,2.0,11.7,151.0,680.0,0.0,0.0,1.0,1.0,0.0
10045,2015.0,2.0,11.7,152.0,680.0,0.0,0.0,1.0,1.0,0.0
10046,2015.0,2.0,11.7,153.0,680.0,0.0,0.0,1.0,1.0,0.0
10047,2015.0,2.0,11.7,154.0,680.0,0.0,0.0,1.0,1.0,0.0
10048,2015.0,2.0,11.7,155.0,680.0,0.0,0.0,1.0,1.0,0.0
10049,2015.0,2.0,11.7,156.0,680.0,0.0,0.0,1.0,1.0,0.0
10050,2015.0,2.0,11.7,157.0,680.0,0.0,0.0,1.0,1.0,0.0
10051,2015.0,2.0,11.7,158.0,680.0,0.0,0.0,1.0,1.0,0.0
10052,2015.0,2.0,11.7,159.0,680.0,0.0,0.0,1.0,1.0,0.0
10053,2015.0,2.0,11.7,160.0,680.0,0.0,0.0,1.0,1.0,0.0
10054,2015.0,2.0,11.7,161.0,680.0,0.0,0.0,1.0,1.0,0.0
10055,2015.0,2.0,11.7,162.0,680.0,0.0,0.0,1.0,1.0,0.0
10056,2015.0,2.0,11.7,163.0,680.0,0.0,0.0,1.0,1.0,0.0
10057,2015.0,2.0,11.7,164.0,680.0,0.0,0.0,1.0,1.0,0.0
10058,2015.0,2.0,11.7,165.0,680.0,0.0,0.0,1.0,1.0,0.0
10059,2015.0,2.0,11.7,166.0,680.0,0.0,0.0,1.0,1.0,0.0
10060,2015.0,2.0,11.7,167.0,680.0,0.0,0.0,1.0,1.0,0.0
10061,2015.0,2.0,11.7,168.0,680.0,0.0,0.0,1.0,1.0,0.0
10062,2015.0,2.0,11.7,169.0,680.0,0.0,0.0,1.0,1.0,0.0
10063,2015.0,2.0,11.7,170.0,680.0,0.0,0.0,1.0,1.0,0.0
10064,2015.0,2.0,11.7,171.0,680.0,0.0,0.0,1.0,1.0,0.0
10065,2015.0,2.0,11.7,172.0,680.0,0.0,0.0,1.0,1.0,0.0
10066,2015.0,2.0,11.7,173.0,680.0,0.0,0.0,1.0,1.0,0.0
10067,2015.0,2.0,11.7,174.0,680.0,0.0,0.0,1.0,1.0,0.0
10068,2015.0,2.0,11.7,175.0,680.0,0.0,0.0,1.0,1.0,0.0
10069,2015.0,2.0,11.7,176.0,680.0,0.0,0.0,1.0,1.0,0.0
10070,2015.0,2.0,11.7,177.0,680.0,0.0,0.0,1.0,1.0,0.0
10071,2015.0,2.0,11.7,178.0,680.0,0.0,0.0,1.0,1.0,0.0
10072,2015.0,2.0,11.7,179.0,680.0,0.0,0.0,1.0,1.0,0.0
10073,2015.0,2.0,11.7,180.0,680.0,0.0,0.0,1.0,1.0,0.0
10074,2015.0,2.0,11.7,181.0,680.0,0.0,0.0,1.0,1.0,0.0
10075,2015.0,2.0,11.7,182.0,680.0,0.0,0.0,1.0,1.0,0.0
10076,2015.0,2.0,11.7,183.0,680.0,0.0,0.0,1.0,1.0,0.0
10077,2015.0,2.0,11.7,184.0,680.0,0.0,0.0,1.0,1.0,0.0
10078,2015.0,2.0,11.7,185.0,680.0,0.0,0.0,1.0,1.0,0.0
10079,2015.0,2.0,11.7,186.0,680.0,0.0,0.0,1.0,1.0,0.0
10080,2015.0,2.0,11.7,187.0,680.0,0.0,0.0,1.0,1.0,0.0
10081,2015.0,2.0,11.7,188.0,680.0,0.0,0.0,1.0,1.0,0.0
10082,2015.0,2.0,11.7,189.0,680.0,0.0,0.0,1.0,1.0,0.0
10083,2015.0,2.0,11.7,190.0,680.0,0.0,0.0,1.0,1.0,0.0
10084,2015.0,2.0,11.7,191.0,680.0,0.0,0.0,1.0,1.0,0.0
10085,2015.0,2.0,11.7,192.0,680.0,0.0,0.0,1.0,1.0,0.0
10086,2015.0,2.0,11.7,193.0,680.0,0.0,0.0,1.0,1.0,0.0
10087,2015.0,2.0,11.7,194.0,680.0,0.0,0.0,1.0,1.0,0.0
10088,2015.0,2.0,11.7,195.0,680.0,0.0,0.0,1.0,1.0,0.0
10089,2015.0,2.0,11.7,196.0,680.0,0.0,0.0,1.0,1.0,0.0
10090,2015.0,2.0,11.7,197.0,680.0,0.0,0.0,1.0,1.0,0.0
10091,2015.0,2.0,11.7,198.0,680.0,0.0,0.0,1.0,1.0,0.0
10092,2015.0,2.0,11.7,199.0,680.0,0.0,0.0,1.0,1.0,0.0
10093,2015.0,2.0,11.7,200.0,680.0,0.0,0.0,1.0,1.0,0.0
10094,2015.0,2.0,11.7,201.0,680.0,0.0,0.0,1.0,1.0,0.0
10095,2015.0,2.0,11.7,202.0,680.0,0.0,0.0,1.0,1.0,0.0
10096,2015.0,2.0,11.7,203.0,680.0,0.0,0.0,1.0,1.0,0.0
10097,2015.0,2.0,11.7,204.0,680.0,0.0,0.0,1.0,1.0,0.0
10098,2015.0,2.0,11.7,205.0,680.0,0.0,0.0,1.0,1.0,0.0
10099,2015.0,2.0,11.7,206.0,680.0,0.0,0.0,1.0,1.0,0.0
10100,2015.0,2.0,11.7,207.0,680.0,0.0,0.0,1.0,1.0,0.0
10101,2015.0,2.0,11.7,208.0,680.0,0.0,0.0,1.0,1.0,0.0
10102,2015.0,2.0,11.7,209.0,680.0,0.0,0.0,1.0,1.0,0.0
10103,2015.0,2.0,11.7,210.0,680.0,0.0,0.0,1.0,1.0,0.0
10104,2015.0,2.0,11.7,211.0,680.0,0.0,0.0,1.0,1.0,0.0
10105,2015.0,2.0,11.7,212.0,680.0,0.0,0.0,1.0,1.0,0.0
10106,2015.0,2.0,11.7,213.0,680.0,0.0,0.0,1.0,1.0,0.0
10107,2015.0,2.0,11.7,214.0,680.0,0.0,0.0,1.0,1.0,0.0
10108,2015.0,2.0,11.7,215.0,680.0,0.0,0.0,1.0,1.0,0.0
10109,2015.0,2.0,11.7,216.0,680.0,0.0,0.0,1.0,1.0,0.0
10110,2015.0,2.0,11.7,217.0,680.0,0.0,0.0,1.0,1.0,0.0
10111,2015.0,2.0,11.7,218.0,680.0,0.0,0.0,1.0,1.0,0.0
10112,2015.0,2.0,11.7,219.0,680.0,0.0,0.0,1.0,1.0,0.0
10113,2015.0,2.0,11.7,220.0,680.0,0.0,0.0,1.0,1.0,0.0
10114,2015.0,2.0,11.7,221.0,680.0,0.0,0.0,1.0,1.0,0.0
10115,2015.0,2.0,11.7,222.0,680.0,0.0,0.0,1.0,1.0,0.0
10116,2015.0,2.0,11.7,223.0,680.0,0.0,0.0,1.0,1.0,0.0
10117,2015.0,2.0,11.7,224.0,680.0,0.0,0.0,1.0,1.0,0.0
10118,2015.0,2.0,11.7,225.0,680.0,0.0,0.0,1.0,1.0,0.0
10119,2015.0,2.0,11.7,226.0,680.0,0.0,0.0,1.0,1.0,0.0
10120,2015.0,2.0,11.7,227.0,680.0,0.0,0.0,1.0,1.0,0.0
10121,2015.0,2.0,11.7,228.0,680.0,0.0,0.0,1.0,1.0,0.0
10122,2015.0,2.0,11.7,229.0,680.0,0.0,0.0,1.0,1.0,0.0
10123,2015.0,2.0,11.7,230.0,680.0,0.0,0.0,1.0,1.0,0.0
10124,2015.0,2.0,11.7,231.0,680.0,0.0,0.0,1.0,1.0,0.0
10125,2015.0,2.0,11.7,232.0,680.0,0.0,0.0,1.0,1.0,0.0
10126,2015.0,2.0,11.7,233.0,680.0,0.0,0.0,1.0,1.0,0.0
10127,2015.0,2.0,11.7,234.0,680.0,0.0,0.0,1.0,1.0,0.0
10128,2015.0,2.0,11.7,235.0,680.0,0.0,0.0,1.0,1.0,0.0
10129,2015.0,2.0,11.7,236.0,680.0,0.0,0.0,1.0,1.0,0.0
10130,2015.0,2.0,11.7,237.0,680.0,0.0,0.0,1.0,1.0,0.0
10131,2015.0,2.0,11.7,238.0,680.0,0.0,0.0,1.0,1.0,0.0
10132,2015.0,2.0,11.7,239.0,680.0,0.0,0.0,1.0,1.0,0.0
10133,2015.0,2.0,11.7,240.0,680.0,0.0,0.0,1.0,1.0,0.0
10134,2015.0,2.0,11.7,241.0,680.0,0.0,0.0,1.0,1.0,0.0
10135,2015.0,2.0,11.7,242.0,680.0,0.0,0.0,1.0,1.0,0.0
10136,2015.0,2.0,11.7,243.0,680.0,0.0,0.0,1.0,1.0,0.0
10137,2015.0,2.0,11.7,244.0,680.0,0.0,0.0,1.0,1.0,0.0
10138,2015.0,2.0,11.7,245.0,680.0,0.0,0.0,1.0,1.0,0.0
10139,2015.0,2.0,11.7,246.0,680.0,0.0,0.0,1.0,1.0,0.0
10140,2015.0,2.0,11.7,247.0,680.0,0.0,0.0,1.0,1.0,0.0
10141,2015.0,2.0,11.7,248.0,680.0,0.0,0.0,1.0,1.0,0.0
10142,2015.0,2.0,11.7,249.0,680.0,0.0,0.0,1.0,1.0,0.0
10143,2015.0,2.0,11.7,250.0,680.0,0.0,0.0,1.0,1.0,0.0
10144,2015.0,2.0,11.7,251.0,680.0,0.0,0.0,1.0,1.0,0.0
10145,2015.0,2.0,11.7,252.0,680.0,0.0,0.0,1.0,1.0,0.0
10146,2015.0,2.0,11.7,253.0,680.0,0.0,0.0,1.0,1.0,0.0
10147,2015.0,2.0,11.7,254.0,680.0,0.0,0.0,1.0,1.0,0.0
10148,2015.0,2.0,11.7,255.0,680.0,0.0,0.0,1.0,1.0,0.0
10149,2015.0,2.0,11.7,256.0,680.0,0.0,0.0,1.0,1.0,0.0
10150,2015.0,2.0,11.7,257.0,680.0,0.0,0.0,1.0,1.0,0.0
10151,2015.0,2.0,11.7,258.0,680.0,0.0,0.0,1.0,1.0,0.0
10152,2015.0,2.0,11.7,259.0,680.0,0.0,0.0,1.0,1.0,0.0
10153,2015.0,2.0,11.7,260.0,680.0,0.0,0.0,1.0,1.0,0.0
10154,2015.0,2.0,11.7,261.0,680.0,0.0,0.0,1.0,1.0,0.0
10155,2015.0,2.0,11.7,262.0,680.0,0.0,0.0,1.0,1.0,0.0
10156,2015.0,2.0,11.7,263.0,680.0,0.0,0.0,1.0,1.0,0.0
10157,2015.0,2.0,11.7,264.0,680.0,0.0,0.0,1.0,1.0,0.0
10158,2015.0,2.0,11.7,265.0,680.0,0.0,0.0,1.0,1.0,0.0
10159,2015.0,2.0,11.7,266.0,680.0,0.0,0.0,1.0,1.0,0.0
10160,2015.0,2.0,11.7,267.0,680.0,0.0,0.0,1.0,1.0,0.0
10161,2015.0,2.0,11.7,268.0,680.0,0.0,0.0,1.0,1.0,0.0
10162,2015.0,2.0,11.7,269.0,680.0,0.0,0.0,1.0,1.0,0.0
10163,2015.0,2.0,11.7,270.0,680.0,0.0,0.0,1.0,1.0,0.0
10164,2015.0,2.0,11.7,271.0,680.0,0.0,0.0,1.0,1.0,0.0
10165,2015.0,2.0,11.7,272.0,680.0,0.0,0.0,1.0,1.0,0.0
10166,2015.0,2.0,11.7,273.0,680.0,0.0,0.0,1.0,1.0,0.0
10167,2015.0,2.0,11.7,274.0,680.0,0.0,0.0,1.0,1.0,0.0
10168,2015.0,2.0,11.7,275.0,680.0,0.0,0.0,1.0,1.0,0.0
10169,2015.0,2.0,11.7,276.0,680.0,0.0,0.0,1.0,1.0,0.0
10170,2015.0,2.0,11.7,277.0,680.0,0.0,0.0,1.0,1.0,0.0
10171,2015.0,2.0,11.7,278.0,680.0,0.0,0.0,1.0,1.0,0.0
10172,2015.0,2.0,11.7,279.0,680.0,0.0,0.0,1.0,1.0,0.0
10173,2015.0,2.0,11.7,280.0,680.0,0.0,0.0,1.0,1.0,0.0
10174,2015.0,2.0,11.7,281.0,680.0,0.0,0.0,1.0,1.0,0.0
10175,2015.0,2.0,11.7,282.0,680.0,0.0,0.0,1.0,1.0,0.0
10176,2015.0,2.0,11.7,283.0,680.0,0.0,0.0,1.0,1.0,0.0
10177,2015.0,2.0,11.7,284.0,680.0,0.0,0.0,1.0,1.0,0.0
10178,2015.0,2.0,11.7,285.0,680.0,0.0,0.0,1.0,1.0,0.0
10179,2015.0,2.0,11.7,286.0,680.0,0.0,0.0,1.0,1.0,0.0
10180,2015.0,2.0,11.7,287.0,680.0,0.0,0.0,1.0,1.0,0.0
10181,2015.0,2.0,11.7,288.0,680.0,0.0,0.0,1.0,1.0,0.0
10182,2015.0,2.0,11.7,289.0,680.0,0.0,0.0,1.0,1.0,0.0
10183,2015.0,2.0,11.7,290.0,680.0,0.0,0.0,1.0,1.0,0.0
10184,2015.0,2.0,11.7,291.0,680.0,0.0,0.0,1.0,1.0,0.0
10185,2015.0,2.0,11.7,292.0,680.0,0.0,0.0,1.0,1.0,0.0
10186,2015.0,2.0,11.7,293.0,680.0,0.0,0.0,1.0,1.0,0.0
10187,2015.0,2.0,11.7,294.0,680.0,0.0,0.0,1.0,1.0,0.0
10188,2015.0,2.0,11.7,295.0,680.0,0.0,0.0,1.0,1.0,0.0
10189,2015.0,2.0,11.7,296.0,680.0,0.0,0.0,1.0,1.0,0.0
10190,2015.0,2.0,11.7,297.0,680.0,0.0,0.0,1.0,1.0,0.0
10191,2015.0,2.0,11.7,298.0,680.0,0.0,0.0,1.0,1.0,0.0
10192,2015.0,2.0,11.7,299.0,680.0,0.0,0.0,1.0,1.0,0.0
10193,2015.0,2.0,11.7,300.0,680.0,0.0,0.0,1.0,1.0,0.0
10194,2015.0,2.0,11.7,301.0,680.0,0.0,0.0,1.0,1.0,0.0
10195,2015.0,2.0,11.7,302.0,680.0,0.0,0.0,1.0,1.0,0.0
10196,2015.0,2.0,11.7,303.0,680.0,0.0,0.0,1.0,1.0,0.0
10197,2015.0,2.0,11.7,304.0,680.0,0.0,0.0,1.0,1.0,0.0
10198,2015.0,2.0,11.7,305.0,680.0,0.0,0.0,1.0,1.0,0.0
10199,2015.0,2.0,11.7,306.0,680.0,0.0,0.0,1.0,1.0,0.0
10200,2015.0,2.0,11.7,307.0,680.0,0.0,0.0,1.0,1.0,0.0
10201,2015.0,2.0,11.7,308.0,680.0,0.0,0.0,1.0,1.0,0.0
10202,2015.0,2.0,11.7,309.0,680.0,0.0,0.0,1.0,1.0,0.0
10203,2015.0,2.0,11.7,310.0,680.0,0.0,0.0,1.0,1.0,0.0
10204,2015.0,2.0,11.7,311.0,680.0,0.0,0.0,1.0,1.0,0.0
10205,2015.0,2.0,11.7,312.0,680.0,0.0,0.0,1.0,1.0,0.0
10206,2015.0,2.0,11.7,313.0,680.0,0.0,0.0,1.0,1.0,0.0
10207,2015.0,2.0,11.7,314.0,680.0,0.0,0.0,1.0,1.0,0.0
10208,2015.0,2.0,11.7,315.0,680.0,0.0,0.0,1.0,1.0,0.0
10209,2015.0,2.0,11.7,316.0,680.0,0.0,0.0,1.0,1.0,0.0
10210,2015.0,2.0,11.7,317.0,680.0,0.0,0.0,1.0,1.0,0.0
10211,2015.0,2.0,11.7,318.0,680.0,0.0,0.0,1.0,1.0,0.0
10212,2015.0,2.0,11.7,319.0,680.0,0.0,0.0,1.0,1.0,0.0
10213,2015.0,2.0,11.7,320.0,680.0,0.0,0.0,1.0,1.0,0.0
10214,2015.0,2.0,11.7,321.0,680.0,0.0,0.0,1.0,1.0,0.0
10215,2015.0,2.0,11.7,322.0,680.0,0.0,0.0,1.0,1.0,0.0
10216,2015.0,2.0,11.7,323.0,680.0,0.0,0.0,1.0,1.0,0.0
10217,2015.0,2.0,11.7,324.0,680.0,0.0,0.0,1.0,1.0,0.0
10218,2015.0,2.0,11.7,325.0,680.0,0.0,0.0,1.0,1.0,0.0
10219,2015.0,2.0,11.7,326.0,680.0,0.0,0.0,1.0,1.0,0.0
10220,2015.0,2.0,11.7,327.0,680.0,0.0,0.0,1.0,1.0,0.0
10221,2015.0,2.0,11.7,328.0,680.0,0.0,0.0,1.0,1.0,0.0
10222,2015.0,2.0,11.7,329.0,801.0,0.0,0.0,1.0,1.0,0.0
10223,2016.0,1.0,26.4,1.0,672.0,0.0,0.0,1.0,1.0,0.0
10224,2016.0,1.0,26.4,2.0,672.0,0.0,0.0,1.0,1.0,0.0
10225,2016.0,1.0,26.4,3.0,672.0,0.0,0.0,1.0,1.0,0.0
10226,2016.0,1.0,26.4,4.0,672.0,0.0,0.0,1.0,1.0,0.0
10227,2016.0,1.0,26.4,5.0,672.0,0.0,0.0,1.0,1.0,0.0
10228,2016.0,1.0,26.4,6.0,672.0,0.0,0.0,1.0,1.0,0.0
10229,2016.0,1.0,26.4,7.0,672.0,0.0,0.0,1.0,1.0,0.0
10230,2016.0,1.0,26.4,8.0,672.0,0.0,0.0,1.0,1.0,0.0
10231,2016.0,1.0,26.4,9.0,672.0,0.0,0.0,1.0,1.0,0.0
10232,2016.0,1.0,26.4,10.0,672.0,0.0,0.0,1.0,1.0,0.0
10233,2016.0,1.0,26.4,11.0,672.0,0.0,0.0,1.0,1.0,0.0
10234,2016.0,1.0,26.4,12.0,672.0,0.0,0.0,1.0,1.0,0.0
10235,2016.0,1.0,26.4,13.0,672.0,0.0,0.0,1.0,1.0,0.0
10236,2016.0,1.0,26.4,14.0,672.0,0.0,0.0,1.0,1.0,0.0
10237,2016.0,1.0,26.4,15.0,672.0,0.0,0.0,1.0,1.0,0.0
10238,2016.0,1.0,26.4,16.0,672.0,0.0,0.0,1.0,1.0,0.0
10239,2016.0,1.0,26.4,17.0,672.0,0.0,0.0,1.0,1.0,0.0
10240,2016.0,1.0,26.4,18.0,672.0,0.0,0.0,1.0,1.0,0.0
10241,2016.0,1.0,26.4,19.0,672.0,0.0,0.0,1.0,1.0,0.0
10242,2016.0,1.0,26.4,20.0,672.0,0.0,0.0,1.0,1.0,0.0
10243,2016.0,1.0,26.4,21.0,672.0,0.0,0.0,1.0,1.0,0.0
10244,2016.0,1.0,26.4,22.0,672.0,0.0,0.0,1.0,1.0,0.0
10245,2016.0,1.0,26.4,23.0,672.0,0.0,0.0,1.0,1.0,0.0
10246,2016.0,1.0,26.4,24.0,672.0,0.0,0.0,1.0,1.0,0.0
10247,2016.0,1.0,26.4,25.0,672.0,0.0,0.0,1.0,1.0,0.0
10248,2016.0,1.0,26.4,26.0,672.0,0.0,0.0,1.0,1.0,0.0
10249,2016.0,1.0,26.4,27.0,672.0,0.0,0.0,1.0,1.0,0.0
10250,2016.0,1.0,26.4,28.0,672.0,0.0,0.0,1.0,1.0,0.0
10251,2016.0,1.0,26.4,29.0,672.0,0.0,0.0,1.0,1.0,0.0
10252,2016.0,1.0,26.4,30.0,672.0,0.0,0.0,1.0,1.0,0.0
10253,2016.0,1.0,26.4,31.0,672.0,0.0,0.0,1.0,1.0,0.0
10254,2016.0,1.0,26.4,32.0,672.0,0.0,0.0,1.0,1.0,0.0
10255,2016.0,1.0,26.4,33.0,672.0,0.0,0.0,1.0,1.0,0.0
10256,2016.0,1.0,26.4,34.0,672.0,0.0,0.0,1.0,1.0,0.0
10257,2016.0,1.0,26.4,35.0,672.0,0.0,0.0,1.0,1.0,0.0
10258,2016.0,1.0,26.4,36.0,672.0,0.0,0.0,1.0,1.0,0.0
10259,2016.0,1.0,26.4,37.0,672.0,0.0,0.0,1.0,1.0,0.0
10260,2016.0,1.0,26.4,38.0,672.0,0.0,0.0,1.0,1.0,0.0
10261,2016.0,1.0,26.4,39.0,672.0,0.0,0.0,1.0,1.0,0.0
10262,2016.0,1.0,26.4,40.0,672.0,0.0,0.0,1.0,1.0,0.0
10263,2016.0,1.0,26.4,41.0,672.0,0.0,0.0,1.0,1.0,0.0
10264,2016.0,1.0,26.4,42.0,672.0,0.0,0.0,1.0,1.0,0.0
10265,2016.0,1.0,26.4,43.0,672.0,0.0,0.0,1.0,1.0,0.0
10266,2016.0,1.0,26.4,44.0,672.0,0.0,0.0,1.0,1.0,0.0
10267,2016.0,1.0,26.4,45.0,672.0,0.0,0.0,1.0,1.0,0.0
10268,2016.0,1.0,26.4,46.0,672.0,0.0,0.0,1.0,1.0,0.0
10269,2016.0,1.0,26.4,47.0,672.0,0.0,0.0,1.0,1.0,0.0
10270,2016.0,1.0,26.4,48.0,672.0,0.0,0.0,1.0,1.0,0.0
10271,2016.0,1.0,26.4,49.0,672.0,0.0,0.0,1.0,1.0,0.0
10272,2016.0,1.0,26.4,50.0,672.0,0.0,0.0,1.0,1.0,0.0
10273,2016.0,1.0,26.4,51.0,672.0,0.0,0.0,1.0,1.0,0.0
10274,2016.0,1.0,26.4,52.0,672.0,0.0,0.0,1.0,1.0,0.0
10275,2016.0,1.0,26.4,53.0,672.0,0.0,0.0,1.0,1.0,0.0
10276,2016.0,1.0,26.4,54.0,672.0,0.0,0.0,1.0,1.0,0.0
10277,2016.0,1.0,26.4,55.0,672.0,0.0,0.0,1.0,1.0,0.0
10278,2016.0,1.0,26.4,56.0,672.0,0.0,0.0,1.0,1.0,0.0
10279,2016.0,1.0,26.4,57.0,672.0,0.0,0.0,1.0,1.0,0.0
10280,2016.0,1.0,26.4,58.0,672.0,0.0,0.0,1.0,1.0,0.0
10281,2016.0,1.0,26.4,59.0,672.0,0.0,0.0,1.0,1.0,0.0
10282,2016.0,1.0,26.4,60.0,672.0,0.0,0.0,1.0,1.0,0.0
10283,2016.0,1.0,26.4,61.0,672.0,0.0,0.0,1.0,1.0,0.0
10284,2016.0,1.0,26.4,62.0,672.0,0.0,0.0,1.0,1.0,0.0
10285,2016.0,1.0,26.4,63.0,672.0,0.0,0.0,1.0,1.0,0.0
10286,2016.0,1.0,26.4,64.0,672.0,0.0,0.0,1.0,1.0,0.0
10287,2016.0,1.0,26.4,65.0,672.0,0.0,0.0,1.0,1.0,0.0
10288,2016.0,1.0,26.4,66.0,672.0,0.0,0.0,1.0,1.0,0.0
10289,2016.0,1.0,26.4,67.0,672.0,0.0,0.0,1.0,1.0,0.0
10290,2016.0,1.0,26.4,68.0,672.0,0.0,0.0,1.0,1.0,0.0
10291,2016.0,1.0,26.4,69.0,672.0,0.0,0.0,1.0,1.0,0.0
10292,2016.0,1.0,26.4,70.0,672.0,0.0,0.0,1.0,1.0,0.0
10293,2016.0,1.0,26.4,71.0,672.0,0.0,0.0,1.0,1.0,0.0
10294,2016.0,1.0,26.4,72.0,672.0,0.0,0.0,1.0,1.0,0.0
10295,2016.0,1.0,26.4,73.0,672.0,0.0,0.0,1.0,1.0,0.0
10296,2016.0,1.0,26.4,74.0,672.0,0.0,0.0,1.0,1.0,0.0
10297,2016.0,1.0,26.4,75.0,672.0,0.0,0.0,1.0,1.0,0.0
10298,2016.0,1.0,26.4,76.0,672.0,0.0,0.0,1.0,1.0,0.0
10299,2016.0,1.0,26.4,77.0,672.0,0.0,0.0,1.0,1.0,0.0
10300,2016.0,1.0,26.4,78.0,672.0,0.0,0.0,1.0,1.0,0.0
10301,2016.0,1.0,26.4,79.0,672.0,0.0,0.0,1.0,1.0,0.0
10302,2016.0,1.0,26.4,80.0,672.0,0.0,0.0,1.0,1.0,0.0
10303,2016.0,1.0,26.4,81.0,672.0,0.0,0.0,1.0,1.0,0.0
10304,2016.0,1.0,26.4,82.0,672.0,0.0,0.0,1.0,1.0,0.0
10305,2016.0,1.0,26.4,83.0,672.0,0.0,0.0,1.0,1.0,0.0
10306,2016.0,1.0,26.4,84.0,672.0,0.0,0.0,1.0,1.0,0.0
10307,2016.0,1.0,26.4,85.0,672.0,0.0,0.0,1.0,1.0,0.0
10308,2016.0,1.0,26.4,86.0,672.0,0.0,0.0,1.0,1.0,0.0
10309,2016.0,1.0,26.4,87.0,672.0,0.0,0.0,1.0,1.0,0.0
10310,2016.0,1.0,26.4,88.0,672.0,0.0,0.0,1.0,1.0,0.0
10311,2016.0,1.0,26.4,89.0,672.0,0.0,0.0,1.0,1.0,0.0
10312,2016.0,1.0,26.4,90.0,672.0,0.0,0.0,1.0,1.0,0.0
10313,2016.0,1.0,26.4,91.0,672.0,0.0,0.0,1.0,1.0,0.0
10314,2016.0,1.0,26.4,92.0,672.0,0.0,0.0,1.0,1.0,0.0
10315,2016.0,1.0,26.4,93.0,672.0,0.0,0.0,1.0,1.0,0.0
10316,2016.0,1.0,26.4,94.0,672.0,0.0,0.0,1.0,1.0,0.0
10317,2016.0,1.0,26.4,95.0,672.0,0.0,0.0,1.0,1.0,0.0
10318,2016.0,1.0,26.4,96.0,672.0,0.0,0.0,1.0,1.0,0.0
10319,2016.0,1.0,26.4,97.0,672.0,0.0,0.0,1.0,1.0,0.0
10320,2016.0,1.0,26.4,98.0,672.0,0.0,0.0,1.0,1.0,0.0
10321,2016.0,1.0,26.4,99.0,672.0,0.0,0.0,1.0,1.0,0.0
10322,2016.0,1.0,26.4,100.0,672.0,0.0,0.0,1.0,1.0,0.0
10323,2016.0,1.0,26.4,101.0,672.0,0.0,0.0,1.0,1.0,0.0
10324,2016.0,1.0,26.4,102.0,672.0,0.0,0.0,1.0,1.0,0.0
10325,2016.0,1.0,26.4,103.0,672.0,0.0,0.0,1.0,1.0,0.0
10326,2016.0,1.0,26.4,104.0,672.0,0.0,0.0,1.0,1.0,0.0
10327,2016.0,1.0,26.4,105.0,672.0,0.0,0.0,1.0,1.0,0.0
10328,2016.0,1.0,26.4,106.0,672.0,0.0,0.0,1.0,1.0,0.0
10329,2016.0,1.0,26.4,107.0,672.0,0.0,0.0,1.0,1.0,0.0
10330,2016.0,1.0,26.4,108.0,672.0,0.0,0.0,1.0,1.0,0.0
10331,2016.0,1.0,26.4,109.0,672.0,0.0,0.0,1.0,1.0,0.0
10332,2016.0,1.0,26.4,110.0,672.0,0.0,0.0,1.0,1.0,0.0
10333,2016.0,1.0,26.4,111.0,672.0,0.0,0.0,1.0,1.0,0.0
10334,2016.0,1.0,26.4,112.0,672.0,0.0,0.0,1.0,1.0,0.0
10335,2016.0,1.0,26.4,113.0,672.0,0.0,0.0,1.0,1.0,0.0
10336,2016.0,1.0,26.4,114.0,672.0,0.0,0.0,1.0,1.0,0.0
10337,2016.0,1.0,26.4,115.0,672.0,0.0,0.0,1.0,1.0,0.0
10338,2016.0,1.0,26.4,116.0,672.0,0.0,0.0,1.0,1.0,0.0
10339,2016.0,1.0,26.4,117.0,672.0,0.0,0.0,1.0,1.0,0.0
10340,2016.0,1.0,26.4,118.0,672.0,0.0,0.0,1.0,1.0,0.0
10341,2016.0,1.0,26.4,119.0,672.0,0.0,0.0,1.0,1.0,0.0
10342,2016.0,1.0,26.4,120.0,672.0,0.0,0.0,1.0,1.0,0.0
10343,2016.0,1.0,26.4,121.0,672.0,0.0,0.0,1.0,1.0,0.0
10344,2016.0,1.0,26.4,122.0,672.0,0.0,0.0,1.0,1.0,0.0
10345,2016.0,1.0,26.4,123.0,672.0,0.0,0.0,1.0,1.0,0.0
10346,2016.0,1.0,26.4,124.0,672.0,0.0,0.0,1.0,1.0,0.0
10347,2016.0,1.0,26.4,125.0,672.0,0.0,0.0,1.0,1.0,0.0
10348,2016.0,1.0,26.4,126.0,672.0,0.0,0.0,1.0,1.0,0.0
10349,2016.0,1.0,26.4,127.0,672.0,0.0,0.0,1.0,1.0,0.0
10350,2016.0,1.0,26.4,128.0,672.0,0.0,0.0,1.0,1.0,0.0
10351,2016.0,1.0,26.4,129.0,672.0,0.0,0.0,1.0,1.0,0.0
10352,2016.0,1.0,26.4,130.0,672.0,0.0,0.0,1.0,1.0,0.0
10353,2016.0,1.0,26.4,131.0,672.0,0.0,0.0,1.0,1.0,0.0
10354,2016.0,1.0,26.4,132.0,672.0,0.0,0.0,1.0,1.0,0.0
10355,2016.0,1.0,26.4,133.0,672.0,0.0,0.0,1.0,1.0,0.0
10356,2016.0,1.0,26.4,134.0,672.0,0.0,0.0,1.0,1.0,0.0
10357,2016.0,1.0,26.4,135.0,672.0,0.0,0.0,1.0,1.0,0.0
10358,2016.0,1.0,26.4,136.0,672.0,0.0,0.0,1.0,1.0,0.0
10359,2016.0,1.0,26.4,137.0,672.0,0.0,0.0,1.0,1.0,0.0
10360,2016.0,1.0,26.4,138.0,672.0,0.0,0.0,1.0,1.0,0.0
10361,2016.0,1.0,26.4,139.0,672.0,0.0,0.0,1.0,1.0,0.0
10362,2016.0,1.0,26.4,140.0,672.0,0.0,0.0,1.0,1.0,0.0
10363,2016.0,1.0,26.4,141.0,672.0,0.0,0.0,1.0,1.0,0.0
10364,2016.0,1.0,26.4,142.0,672.0,0.0,0.0,1.0,1.0,0.0
10365,2016.0,1.0,26.4,143.0,672.0,0.0,0.0,1.0,1.0,0.0
10366,2016.0,1.0,26.4,144.0,672.0,0.0,0.0,1.0,1.0,0.0
10367,2016.0,1.0,26.4,145.0,672.0,0.0,0.0,1.0,1.0,0.0
10368,2016.0,1.0,26.4,146.0,672.0,0.0,0.0,1.0,1.0,0.0
10369,2016.0,1.0,26.4,147.0,672.0,0.0,0.0,1.0,1.0,0.0
10370,2016.0,1.0,26.4,148.0,672.0,0.0,0.0,1.0,1.0,0.0
10371,2016.0,1.0,26.4,149.0,672.0,0.0,0.0,1.0,1.0,0.0
10372,2016.0,1.0,26.4,150.0,672.0,0.0,0.0,1.0,1.0,0.0
10373,2016.0,1.0,26.4,151.0,672.0,0.0,0.0,1.0,1.0,0.0
10374,2016.0,1.0,26.4,152.0,672.0,0.0,0.0,1.0,1.0,0.0
10375,2016.0,1.0,26.4,153.0,672.0,0.0,0.0,1.0,1.0,0.0
10376,2016.0,1.0,26.4,154.0,672.0,0.0,0.0,1.0,1.0,0.0
10377,2016.0,1.0,26.4,155.0,672.0,0.0,0.0,1.0,1.0,0.0
10378,2016.0,1.0,26.4,156.0,672.0,0.0,0.0,1.0,1.0,0.0
10379,2016.0,1.0,26.4,157.0,672.0,0.0,0.0,1.0,1.0,0.0
10380,2016.0,1.0,26.4,158.0,672.0,0.0,0.0,1.0,1.0,0.0
10381,2016.0,1.0,26.4,159.0,672.0,0.0,0.0,1.0,1.0,0.0
10382,2016.0,1.0,26.4,160.0,672.0,0.0,0.0,1.0,1.0,0.0
10383,2016.0,1.0,26.4,161.0,672.0,0.0,0.0,1.0,1.0,0.0
10384,2016.0,1.0,26.4,162.0,672.0,0.0,0.0,1.0,1.0,0.0
10385,2016.0,1.0,26.4,163.0,672.0,0.0,0.0,1.0,1.0,0.0
10386,2016.0,1.0,26.4,164.0,672.0,0.0,0.0,1.0,1.0,0.0
10387,2016.0,1.0,26.4,165.0,672.0,0.0,0.0,1.0,1.0,0.0
10388,2016.0,1.0,26.4,166.0,672.0,0.0,0.0,1.0,1.0,0.0
10389,2016.0,1.0,26.4,167.0,672.0,0.0,0.0,1.0,1.0,0.0
10390,2016.0,1.0,26.4,168.0,672.0,0.0,0.0,1.0,1.0,0.0
10391,2016.0,1.0,26.4,169.0,672.0,0.0,0.0,1.0,1.0,0.0
10392,2016.0,1.0,26.4,170.0,672.0,0.0,0.0,1.0,1.0,0.0
10393,2016.0,1.0,26.4,171.0,672.0,0.0,0.0,1.0,1.0,0.0
10394,2016.0,1.0,26.4,172.0,672.0,0.0,0.0,1.0,1.0,0.0
10395,2016.0,1.0,26.4,173.0,672.0,0.0,0.0,1.0,1.0,0.0
10396,2016.0,1.0,26.4,174.0,672.0,0.0,0.0,1.0,1.0,0.0
10397,2016.0,1.0,26.4,175.0,672.0,0.0,0.0,1.0,1.0,0.0
10398,2016.0,1.0,26.4,176.0,672.0,0.0,0.0,1.0,1.0,0.0
10399,2016.0,1.0,26.4,177.0,672.0,0.0,0.0,1.0,1.0,0.0
10400,2016.0,1.0,26.4,178.0,672.0,0.0,0.0,1.0,1.0,0.0
10401,2016.0,1.0,26.4,179.0,672.0,0.0,0.0,1.0,1.0,0.0
10402,2016.0,1.0,26.4,180.0,672.0,0.0,0.0,1.0,1.0,0.0
10403,2016.0,1.0,26.4,181.0,672.0,0.0,0.0,1.0,1.0,0.0
10404,2016.0,1.0,26.4,182.0,672.0,0.0,0.0,1.0,1.0,0.0
10405,2016.0,1.0,26.4,183.0,672.0,0.0,0.0,1.0,1.0,0.0
10406,2016.0,1.0,26.4,184.0,672.0,0.0,0.0,1.0,1.0,0.0
10407,2016.0,1.0,26.4,185.0,672.0,0.0,0.0,1.0,1.0,0.0
10408,2016.0,1.0,26.4,186.0,672.0,0.0,0.0,1.0,1.0,0.0
10409,2016.0,1.0,26.4,187.0,672.0,0.0,0.0,1.0,1.0,0.0
10410,2016.0,1.0,26.4,188.0,672.0,0.0,0.0,1.0,1.0,0.0
10411,2016.0,1.0,26.4,189.0,672.0,0.0,0.0,1.0,1.0,0.0
10412,2016.0,1.0,26.4,190.0,672.0,0.0,0.0,1.0,1.0,0.0
10413,2016.0,1.0,26.4,191.0,672.0,0.0,0.0,1.0,1.0,0.0
10414,2016.0,1.0,26.4,192.0,672.0,0.0,0.0,1.0,1.0,0.0
10415,2016.0,1.0,26.4,193.0,672.0,0.0,0.0,1.0,1.0,0.0
10416,2016.0,1.0,26.4,194.0,672.0,0.0,0.0,1.0,1.0,0.0
10417,2016.0,1.0,26.4,195.0,672.0,0.0,0.0,1.0,1.0,0.0
10418,2016.0,1.0,26.4,196.0,672.0,0.0,0.0,1.0,1.0,0.0
10419,2016.0,1.0,26.4,197.0,672.0,0.0,0.0,1.0,1.0,0.0
10420,2016.0,1.0,26.4,198.0,672.0,0.0,0.0,1.0,1.0,0.0
10421,2016.0,1.0,26.4,199.0,672.0,0.0,0.0,1.0,1.0,0.0
10422,2016.0,1.0,26.4,200.0,672.0,0.0,0.0,1.0,1.0,0.0
10423,2016.0,1.0,26.4,201.0,672.0,0.0,0.0,1.0,1.0,0.0
10424,2016.0,1.0,26.4,202.0,672.0,0.0,0.0,1.0,1.0,0.0
10425,2016.0,1.0,26.4,203.0,672.0,0.0,0.0,1.0,1.0,0.0
10426,2016.0,1.0,26.4,204.0,672.0,0.0,0.0,1.0,1.0,0.0
10427,2016.0,1.0,26.4,205.0,672.0,0.0,0.0,1.0,1.0,0.0
10428,2016.0,1.0,26.4,206.0,672.0,0.0,0.0,1.0,1.0,0.0
10429,2016.0,1.0,26.4,207.0,672.0,0.0,0.0,1.0,1.0,0.0
10430,2016.0,1.0,26.4,208.0,672.0,0.0,0.0,1.0,1.0,0.0
10431,2016.0,1.0,26.4,209.0,672.0,0.0,0.0,1.0,1.0,0.0
10432,2016.0,1.0,26.4,210.0,672.0,0.0,0.0,1.0,1.0,0.0
10433,2016.0,1.0,26.4,211.0,672.0,0.0,0.0,1.0,1.0,0.0
10434,2016.0,1.0,26.4,212.0,672.0,0.0,0.0,1.0,1.0,0.0
10435,2016.0,1.0,26.4,213.0,672.0,0.0,0.0,1.0,1.0,0.0
10436,2016.0,1.0,26.4,214.0,672.0,0.0,0.0,1.0,1.0,0.0
10437,2016.0,1.0,26.4,215.0,672.0,0.0,0.0,1.0,1.0,0.0
10438,2016.0,1.0,26.4,216.0,672.0,0.0,0.0,1.0,1.0,0.0
10439,2016.0,1.0,26.4,217.0,672.0,0.0,0.0,1.0,1.0,0.0
10440,2016.0,1.0,26.4,218.0,672.0,0.0,0.0,1.0,1.0,0.0
10441,2016.0,1.0,26.4,219.0,672.0,0.0,0.0,1.0,1.0,0.0
10442,2016.0,1.0,26.4,220.0,672.0,0.0,0.0,1.0,1.0,0.0
10443,2016.0,1.0,26.4,221.0,672.0,0.0,0.0,1.0,1.0,0.0
10444,2016.0,1.0,26.4,222.0,672.0,0.0,0.0,1.0,1.0,0.0
10445,2016.0,1.0,26.4,223.0,672.0,0.0,0.0,1.0,1.0,0.0
10446,2016.0,1.0,26.4,224.0,672.0,0.0,0.0,1.0,1.0,0.0
10447,2016.0,1.0,26.4,225.0,672.0,0.0,0.0,1.0,1.0,0.0
10448,2016.0,1.0,26.4,226.0,672.0,0.0,0.0,1.0,1.0,0.0
10449,2016.0,1.0,26.4,227.0,672.0,0.0,0.0,1.0,1.0,0.0
10450,2016.0,1.0,26.4,228.0,672.0,0.0,0.0,1.0,1.0,0.0
10451,2016.0,1.0,26.4,229.0,672.0,0.0,0.0,1.0,1.0,0.0
10452,2016.0,1.0,26.4,230.0,672.0,0.0,0.0,1.0,1.0,0.0
10453,2016.0,1.0,26.4,231.0,672.0,0.0,0.0,1.0,1.0,0.0
10454,2016.0,1.0,26.4,232.0,672.0,0.0,0.0,1.0,1.0,0.0
10455,2016.0,1.0,26.4,233.0,672.0,0.0,0.0,1.0,1.0,0.0
10456,2016.0,1.0,26.4,234.0,672.0,0.0,0.0,1.0,1.0,0.0
10457,2016.0,1.0,26.4,235.0,672.0,0.0,0.0,1.0,1.0,0.0
10458,2016.0,1.0,26.4,236.0,672.0,0.0,0.0,1.0,1.0,0.0
10459,2016.0,1.0,26.4,237.0,672.0,0.0,0.0,1.0,1.0,0.0
10460,2016.0,1.0,26.4,238.0,672.0,0.0,0.0,1.0,1.0,0.0
10461,2016.0,1.0,26.4,239.0,672.0,0.0,0.0,1.0,1.0,0.0
10462,2016.0,1.0,26.4,240.0,672.0,0.0,0.0,1.0,1.0,0.0
10463,2016.0,1.0,26.4,241.0,672.0,0.0,0.0,1.0,1.0,0.0
10464,2016.0,1.0,26.4,242.0,672.0,0.0,0.0,1.0,1.0,0.0
10465,2016.0,1.0,26.4,243.0,672.0,0.0,0.0,1.0,1.0,0.0
10466,2016.0,1.0,26.4,244.0,672.0,0.0,0.0,1.0,1.0,0.0
10467,2016.0,1.0,26.4,245.0,672.0,0.0,0.0,1.0,1.0,0.0
10468,2016.0,1.0,26.4,246.0,672.0,0.0,0.0,1.0,1.0,0.0
10469,2016.0,1.0,26.4,247.0,672.0,0.0,0.0,1.0,1.0,0.0
10470,2016.0,1.0,26.4,248.0,672.0,0.0,0.0,1.0,1.0,0.0
10471,2016.0,1.0,26.4,249.0,672.0,0.0,0.0,1.0,1.0,0.0
10472,2016.0,1.0,26.4,250.0,672.0,0.0,0.0,1.0,1.0,0.0
10473,2016.0,1.0,26.4,251.0,672.0,0.0,0.0,1.0,1.0,0.0
10474,2016.0,1.0,26.4,252.0,672.0,0.0,0.0,1.0,1.0,0.0
10475,2016.0,1.0,26.4,253.0,672.0,0.0,0.0,1.0,1.0,0.0
10476,2016.0,1.0,26.4,254.0,672.0,0.0,0.0,1.0,1.0,0.0
10477,2016.0,1.0,26.4,255.0,672.0,0.0,0.0,1.0,1.0,0.0
10478,2016.0,1.0,26.4,256.0,672.0,0.0,0.0,1.0,1.0,0.0
10479,2016.0,1.0,26.4,257.0,672.0,0.0,0.0,1.0,1.0,0.0
10480,2016.0,1.0,26.4,258.0,672.0,0.0,0.0,1.0,1.0,0.0
10481,2016.0,1.0,26.4,259.0,672.0,0.0,0.0,1.0,1.0,0.0
10482,2016.0,1.0,26.4,260.0,672.0,0.0,0.0,1.0,1.0,0.0
10483,2016.0,1.0,26.4,261.0,672.0,0.0,0.0,1.0,1.0,0.0
10484,2016.0,1.0,26.4,262.0,672.0,0.0,0.0,1.0,1.0,0.0
10485,2016.0,1.0,26.4,263.0,672.0,0.0,0.0,1.0,1.0,0.0
10486,2016.0,1.0,26.4,264.0,672.0,0.0,0.0,1.0,1.0,0.0
10487,2016.0,1.0,26.4,265.0,672.0,0.0,0.0,1.0,1.0,0.0
10488,2016.0,1.0,26.4,266.0,672.0,0.0,0.0,1.0,1.0,0.0
10489,2016.0,1.0,26.4,267.0,672.0,0.0,0.0,1.0,1.0,0.0
10490,2016.0,1.0,26.4,268.0,672.0,0.0,0.0,1.0,1.0,0.0
10491,2016.0,1.0,26.4,269.0,672.0,0.0,0.0,1.0,1.0,0.0
10492,2016.0,1.0,26.4,270.0,672.0,0.0,0.0,1.0,1.0,0.0
10493,2016.0,1.0,26.4,271.0,672.0,0.0,0.0,1.0,1.0,0.0
10494,2016.0,1.0,26.4,272.0,672.0,0.0,0.0,1.0,1.0,0.0
10495,2016.0,1.0,26.4,273.0,672.0,0.0,0.0,1.0,1.0,0.0
10496,2016.0,1.0,26.4,274.0,672.0,0.0,0.0,1.0,1.0,0.0
10497,2016.0,1.0,26.4,275.0,672.0,0.0,0.0,1.0,1.0,0.0
10498,2016.0,1.0,26.4,276.0,672.0,0.0,0.0,1.0,1.0,0.0
10499,2016.0,1.0,26.4,277.0,672.0,0.0,0.0,1.0,1.0,0.0
10500,2016.0,1.0,26.4,278.0,672.0,0.0,0.0,1.0,1.0,0.0
10501,2016.0,1.0,26.4,279.0,672.0,0.0,0.0,1.0,1.0,0.0
10502,2016.0,1.0,26.4,280.0,672.0,0.0,0.0,1.0,1.0,0.0
10503,2016.0,1.0,26.4,281.0,672.0,0.0,0.0,1.0,1.0,0.0
10504,2016.0,1.0,26.4,282.0,672.0,0.0,0.0,1.0,1.0,0.0
10505,2016.0,1.0,26.4,283.0,672.0,0.0,0.0,1.0,1.0,0.0
10506,2016.0,1.0,26.4,284.0,672.0,0.0,0.0,1.0,1.0,0.0
10507,2016.0,1.0,26.4,285.0,672.0,0.0,0.0,1.0,1.0,0.0
10508,2016.0,1.0,26.4,286.0,672.0,0.0,0.0,1.0,1.0,0.0
10509,2016.0,1.0,26.4,287.0,672.0,0.0,0.0,1.0,1.0,0.0
10510,2016.0,1.0,26.4,288.0,672.0,0.0,0.0,1.0,1.0,0.0
10511,2016.0,1.0,26.4,289.0,672.0,0.0,0.0,1.0,1.0,0.0
10512,2016.0,1.0,26.4,290.0,672.0,0.0,0.0,1.0,1.0,0.0
10513,2016.0,1.0,26.4,291.0,672.0,0.0,0.0,1.0,1.0,0.0
10514,2016.0,1.0,26.4,292.0,672.0,0.0,0.0,1.0,1.0,0.0
10515,2016.0,1.0,26.4,293.0,672.0,0.0,0.0,1.0,1.0,0.0
10516,2016.0,1.0,26.4,294.0,672.0,0.0,0.0,1.0,1.0,0.0
10517,2016.0,1.0,26.4,295.0,672.0,0.0,0.0,1.0,1.0,0.0
10518,2016.0,1.0,26.4,296.0,672.0,0.0,0.0,1.0,1.0,0.0
10519,2016.0,1.0,26.4,297.0,672.0,0.0,0.0,1.0,1.0,0.0
10520,2016.0,1.0,26.4,298.0,672.0,0.0,0.0,1.0,1.0,0.0
10521,2016.0,1.0,26.4,299.0,672.0,0.0,0.0,1.0,1.0,0.0
10522,2016.0,1.0,26.4,300.0,672.0,0.0,0.0,1.0,1.0,0.0
10523,2016.0,1.0,26.4,301.0,672.0,0.0,0.0,1.0,1.0,0.0
10524,2016.0,1.0,26.4,302.0,672.0,0.0,0.0,1.0,1.0,0.0
10525,2016.0,1.0,26.4,303.0,672.0,0.0,0.0,1.0,1.0,0.0
10526,2016.0,1.0,26.4,304.0,672.0,0.0,0.0,1.0,1.0,0.0
10527,2016.0,1.0,26.4,305.0,672.0,0.0,0.0,1.0,1.0,0.0
10528,2016.0,1.0,26.4,306.0,672.0,0.0,0.0,1.0,1.0,0.0
10529,2016.0,1.0,26.4,307.0,672.0,0.0,0.0,1.0,1.0,0.0
10530,2016.0,1.0,26.4,308.0,672.0,0.0,0.0,1.0,1.0,0.0
10531,2016.0,1.0,26.4,309.0,672.0,0.0,0.0,1.0,1.0,0.0
10532,2016.0,1.0,26.4,310.0,672.0,0.0,0.0,1.0,1.0,0.0
10533,2016.0,1.0,26.4,311.0,672.0,0.0,0.0,1.0,1.0,0.0
10534,2016.0,1.0,26.4,312.0,672.0,0.0,0.0,1.0,1.0,0.0
10535,2016.0,1.0,26.4,313.0,672.0,0.0,0.0,1.0,1.0,0.0
10536,2016.0,1.0,26.4,314.0,672.0,0.0,0.0,1.0,1.0,0.0
10537,2016.0,1.0,26.4,315.0,672.0,0.0,0.0,1.0,1.0,0.0
10538,2016.0,1.0,26.4,316.0,672.0,0.0,0.0,1.0,1.0,0.0
10539,2016.0,1.0,26.4,317.0,672.0,0.0,0.0,1.0,1.0,0.0
10540,2016.0,1.0,26.4,318.0,672.0,0.0,0.0,1.0,1.0,0.0
10541,2016.0,1.0,26.4,319.0,672.0,0.0,0.0,1.0,1.0,0.0
10542,2016.0,1.0,26.4,320.0,672.0,0.0,0.0,1.0,1.0,0.0
10543,2016.0,1.0,26.4,321.0,672.0,0.0,0.0,1.0,1.0,0.0
10544,2016.0,1.0,26.4,322.0,672.0,0.0,0.0,1.0,1.0,0.0
10545,2016.0,1.0,26.4,323.0,672.0,0.0,0.0,1.0,1.0,0.0
10546,2016.0,1.0,26.4,324.0,672.0,0.0,0.0,1.0,1.0,0.0
10547,2016.0,1.0,26.4,325.0,672.0,0.0,0.0,1.0,1.0,0.0
10548,2016.0,1.0,26.4,326.0,672.0,0.0,0.0,1.0,1.0,0.0
10549,2016.0,1.0,26.4,327.0,672.0,0.0,0.0,1.0,1.0,0.0
10550,2016.0,1.0,26.4,328.0,672.0,0.0,0.0,1.0,1.0,0.0
10551,2016.0,1.0,26.4,329.0,672.0,0.0,0.0,1.0,1.0,0.0
10552,2016.0,1.0,26.4,330.0,672.0,0.0,0.0,1.0,1.0,0.0
10553,2016.0,1.0,26.4,331.0,672.0,0.0,0.0,1.0,1.0,0.0
10554,2016.0,1.0,26.4,332.0,672.0,0.0,0.0,1.0,1.0,0.0
10555,2016.0,1.0,26.4,333.0,672.0,0.0,0.0,1.0,1.0,0.0
10556,2016.0,1.0,26.4,334.0,672.0,0.0,0.0,1.0,1.0,0.0
10557,2016.0,1.0,26.4,335.0,672.0,0.0,0.0,1.0,1.0,0.0
10558,2016.0,1.0,26.4,336.0,672.0,0.0,0.0,1.0,1.0,0.0
10559,2016.0,1.0,26.4,337.0,672.0,0.0,0.0,1.0,1.0,0.0
10560,2016.0,1.0,26.4,338.0,672.0,0.0,0.0,1.0,1.0,0.0
10561,2016.0,1.0,26.4,339.0,672.0,0.0,0.0,1.0,1.0,0.0
10562,2016.0,1.0,26.4,340.0,672.0,0.0,0.0,1.0,1.0,0.0
10563,2016.0,1.0,26.4,341.0,672.0,0.0,0.0,1.0,1.0,0.0
10564,2016.0,1.0,26.4,342.0,672.0,0.0,0.0,1.0,1.0,0.0
10565,2016.0,1.0,26.4,343.0,672.0,0.0,0.0,1.0,1.0,0.0
10566,2016.0,1.0,26.4,344.0,672.0,0.0,0.0,1.0,1.0,0.0
10567,2016.0,1.0,26.4,345.0,672.0,0.0,0.0,1.0,1.0,0.0
10568,2016.0,1.0,26.4,346.0,672.0,0.0,0.0,1.0,1.0,0.0
10569,2016.0,1.0,26.4,347.0,672.0,0.0,0.0,1.0,1.0,0.0
10570,2016.0,1.0,26.4,348.0,672.0,0.0,0.0,1.0,1.0,0.0
10571,2016.0,1.0,26.4,349.0,672.0,0.0,0.0,1.0,1.0,0.0
10572,2016.0,1.0,26.4,350.0,672.0,0.0,0.0,1.0,1.0,0.0
10573,2016.0,1.0,26.4,351.0,672.0,0.0,0.0,1.0,1.0,0.0
10574,2016.0,1.0,26.4,352.0,672.0,0.0,0.0,1.0,1.0,0.0
10575,2016.0,1.0,26.4,353.0,672.0,0.0,0.0,1.0,1.0,0.0
10576,2016.0,1.0,26.4,354.0,672.0,0.0,0.0,1.0,1.0,0.0
10577,2016.0,1.0,26.4,355.0,672.0,0.0,0.0,1.0,1.0,0.0
10578,2016.0,1.0,26.4,356.0,672.0,0.0,0.0,1.0,1.0,0.0
10579,2016.0,1.0,26.4,357.0,672.0,0.0,0.0,1.0,1.0,0.0
10580,2016.0,1.0,26.4,358.0,672.0,0.0,0.0,1.0,1.0,0.0
10581,2016.0,1.0,26.4,359.0,672.0,0.0,0.0,1.0,1.0,0.0
10582,2016.0,1.0,26.4,360.0,672.0,0.0,0.0,1.0,1.0,0.0
10583,2016.0,1.0,26.4,361.0,672.0,0.0,0.0,1.0,1.0,0.0
10584,2016.0,1.0,26.4,362.0,672.0,0.0,0.0,1.0,1.0,0.0
10585,2016.0,1.0,26.4,363.0,672.0,0.0,0.0,1.0,1.0,0.0
10586,2016.0,1.0,26.4,364.0,672.0,0.0,0.0,1.0,1.0,0.0
10587,2016.0,1.0,26.4,365.0,672.0,0.0,0.0,1.0,1.0,0.0
10588,2016.0,1.0,26.4,366.0,672.0,0.0,0.0,1.0,1.0,0.0
10589,2016.0,1.0,26.4,367.0,672.0,0.0,0.0,1.0,1.0,0.0
10590,2016.0,1.0,26.4,368.0,672.0,0.0,0.0,1.0,1.0,0.0
10591,2016.0,1.0,26.4,369.0,672.0,0.0,0.0,1.0,1.0,0.0
10592,2016.0,1.0,26.4,370.0,672.0,0.0,0.0,1.0,1.0,0.0
10593,2016.0,1.0,26.4,371.0,672.0,0.0,0.0,1.0,1.0,0.0
10594,2016.0,1.0,26.4,372.0,672.0,0.0,0.0,1.0,1.0,0.0
10595,2016.0,1.0,26.4,373.0,672.0,0.0,0.0,1.0,1.0,0.0
10596,2016.0,1.0,26.4,374.0,672.0,0.0,0.0,1.0,1.0,0.0
10597,2016.0,1.0,26.4,375.0,672.0,0.0,0.0,1.0,1.0,0.0
10598,2016.0,1.0,26.4,376.0,672.0,0.0,0.0,1.0,1.0,0.0
10599,2016.0,1.0,26.4,377.0,672.0,0.0,0.0,1.0,1.0,0.0
10600,2016.0,1.0,26.4,378.0,672.0,0.0,0.0,1.0,1.0,0.0
10601,2016.0,1.0,26.4,379.0,672.0,0.0,0.0,1.0,1.0,0.0
10602,2016.0,1.0,26.4,380.0,672.0,0.0,0.0,1.0,1.0,0.0
10603,2016.0,1.0,26.4,381.0,672.0,0.0,0.0,1.0,1.0,0.0
10604,2016.0,1.0,26.4,382.0,672.0,0.0,0.0,1.0,1.0,0.0
10605,2016.0,1.0,26.4,383.0,672.0,0.0,0.0,1.0,1.0,0.0
10606,2016.0,1.0,26.4,384.0,672.0,0.0,0.0,1.0,1.0,0.0
10607,2016.0,1.0,26.4,385.0,672.0,0.0,0.0,1.0,1.0,0.0
10608,2016.0,1.0,26.4,386.0,672.0,0.0,0.0,1.0,1.0,0.0
10609,2016.0,1.0,26.4,387.0,672.0,0.0,0.0,1.0,1.0,0.0
10610,2016.0,1.0,26.4,388.0,672.0,0.0,0.0,1.0,1.0,0.0
10611,2016.0,1.0,26.4,389.0,672.0,0.0,0.0,1.0,1.0,0.0
10612,2016.0,1.0,26.4,390.0,672.0,0.0,0.0,1.0,1.0,0.0
10613,2016.0,1.0,26.4,391.0,672.0,0.0,0.0,1.0,1.0,0.0
10614,2016.0,1.0,26.4,392.0,672.0,0.0,0.0,1.0,1.0,0.0
10615,2016.0,1.0,26.4,393.0,672.0,0.0,0.0,1.0,1.0,0.0
10616,2016.0,1.0,26.4,394.0,672.0,0.0,0.0,1.0,1.0,0.0
10617,2016.0,1.0,26.4,395.0,672.0,0.0,0.0,1.0,1.0,0.0
10618,2016.0,1.0,26.4,396.0,672.0,0.0,0.0,1.0,1.0,0.0
10619,2016.0,1.0,26.4,397.0,672.0,0.0,0.0,1.0,1.0,0.0
10620,2016.0,1.0,26.4,398.0,672.0,0.0,0.0,1.0,1.0,0.0
10621,2016.0,1.0,26.4,399.0,672.0,0.0,0.0,1.0,1.0,0.0
10622,2016.0,1.0,26.4,400.0,672.0,0.0,0.0,1.0,1.0,0.0
10623,2016.0,1.0,26.4,401.0,672.0,0.0,0.0,1.0,1.0,0.0
10624,2016.0,1.0,26.4,402.0,672.0,0.0,0.0,1.0,1.0,0.0
10625,2016.0,1.0,26.4,403.0,672.0,0.0,0.0,1.0,1.0,0.0
10626,2016.0,1.0,26.4,404.0,672.0,0.0,0.0,1.0,1.0,0.0
10627,2016.0,1.0,26.4,405.0,672.0,0.0,0.0,1.0,1.0,0.0
10628,2016.0,1.0,26.4,406.0,672.0,0.0,0.0,1.0,1.0,0.0
10629,2016.0,1.0,26.4,407.0,672.0,0.0,0.0,1.0,1.0,0.0
10630,2016.0,1.0,26.4,408.0,672.0,0.0,0.0,1.0,1.0,0.0
10631,2016.0,1.0,26.4,409.0,672.0,0.0,0.0,1.0,1.0,0.0
10632,2016.0,1.0,26.4,410.0,672.0,0.0,0.0,1.0,1.0,0.0
10633,2016.0,1.0,26.4,411.0,672.0,0.0,0.0,1.0,1.0,0.0
10634,2016.0,1.0,26.4,412.0,672.0,0.0,0.0,1.0,1.0,0.0
10635,2016.0,1.0,26.4,413.0,672.0,0.0,0.0,1.0,1.0,0.0
10636,2016.0,1.0,26.4,414.0,672.0,0.0,0.0,1.0,1.0,0.0
10637,2016.0,1.0,26.4,415.0,672.0,0.0,0.0,1.0,1.0,0.0
10638,2016.0,1.0,26.4,416.0,672.0,0.0,0.0,1.0,1.0,0.0
10639,2016.0,1.0,26.4,417.0,672.0,0.0,0.0,1.0,1.0,0.0
10640,2016.0,1.0,26.4,418.0,672.0,0.0,0.0,1.0,1.0,0.0
10641,2016.0,1.0,26.4,419.0,672.0,0.0,0.0,1.0,1.0,0.0
10642,2016.0,1.0,26.4,420.0,672.0,0.0,0.0,1.0,1.0,0.0
10643,2016.0,1.0,26.4,421.0,672.0,0.0,0.0,1.0,1.0,0.0
10644,2016.0,1.0,26.4,422.0,672.0,0.0,0.0,1.0,1.0,0.0
10645,2016.0,1.0,26.4,423.0,672.0,0.0,0.0,1.0,1.0,0.0
10646,2016.0,1.0,26.4,424.0,672.0,0.0,0.0,1.0,1.0,0.0
10647,2016.0,1.0,26.4,425.0,672.0,0.0,0.0,1.0,1.0,0.0
10648,2016.0,1.0,26.4,426.0,672.0,0.0,0.0,1.0,1.0,0.0
10649,2016.0,1.0,26.4,427.0,672.0,0.0,0.0,1.0,1.0,0.0
10650,2016.0,1.0,26.4,428.0,672.0,0.0,0.0,1.0,1.0,0.0
10651,2016.0,1.0,26.4,429.0,672.0,0.0,0.0,1.0,1.0,0.0
10652,2016.0,1.0,26.4,430.0,672.0,0.0,0.0,1.0,1.0,0.0
10653,2016.0,1.0,26.4,431.0,672.0,0.0,0.0,1.0,1.0,0.0
10654,2016.0,1.0,26.4,432.0,672.0,0.0,0.0,1.0,1.0,0.0
10655,2016.0,1.0,26.4,433.0,672.0,0.0,0.0,1.0,1.0,0.0
10656,2016.0,1.0,26.4,434.0,672.0,0.0,0.0,1.0,1.0,0.0
10657,2016.0,1.0,26.4,435.0,672.0,0.0,0.0,1.0,1.0,0.0
10658,2016.0,1.0,26.4,436.0,672.0,0.0,0.0,1.0,1.0,0.0
10659,2016.0,1.0,26.4,437.0,672.0,0.0,0.0,1.0,1.0,0.0
10660,2016.0,1.0,26.4,438.0,672.0,0.0,0.0,1.0,1.0,0.0
10661,2016.0,1.0,26.4,439.0,672.0,0.0,0.0,1.0,1.0,0.0
10662,2016.0,1.0,26.4,440.0,672.0,0.0,0.0,1.0,1.0,0.0
10663,2016.0,1.0,26.4,441.0,672.0,0.0,0.0,1.0,1.0,0.0
10664,2016.0,1.0,26.4,442.0,672.0,0.0,0.0,1.0,1.0,0.0
10665,2016.0,1.0,26.4,443.0,672.0,0.0,0.0,1.0,1.0,0.0
10666,2016.0,1.0,26.4,444.0,672.0,0.0,0.0,1.0,1.0,0.0
10667,2016.0,1.0,26.4,445.0,672.0,0.0,0.0,1.0,1.0,0.0
10668,2016.0,1.0,26.4,446.0,672.0,0.0,0.0,1.0,1.0,0.0
10669,2016.0,1.0,26.4,447.0,672.0,0.0,0.0,1.0,1.0,0.0
10670,2016.0,1.0,26.4,448.0,672.0,0.0,0.0,1.0,1.0,0.0
10671,2016.0,1.0,26.4,449.0,672.0,0.0,0.0,1.0,1.0,0.0
10672,2016.0,1.0,26.4,450.0,672.0,0.0,0.0,1.0,1.0,0.0
10673,2016.0,1.0,26.4,451.0,672.0,0.0,0.0,1.0,1.0,0.0
10674,2016.0,1.0,26.4,452.0,672.0,0.0,0.0,1.0,1.0,0.0
10675,2016.0,1.0,26.4,453.0,672.0,0.0,0.0,1.0,1.0,0.0
10676,2016.0,1.0,26.4,454.0,672.0,0.0,0.0,1.0,1.0,0.0
10677,2016.0,1.0,26.4,455.0,672.0,0.0,0.0,1.0,1.0,0.0
10678,2016.0,1.0,26.4,456.0,672.0,0.0,0.0,1.0,1.0,0.0
10679,2016.0,1.0,26.4,457.0,672.0,0.0,0.0,1.0,1.0,0.0
10680,2016.0,1.0,26.4,458.0,672.0,0.0,0.0,1.0,1.0,0.0
10681,2016.0,1.0,26.4,459.0,672.0,0.0,0.0,1.0,1.0,0.0
10682,2016.0,1.0,26.4,460.0,672.0,0.0,0.0,1.0,1.0,0.0
10683,2016.0,1.0,26.4,461.0,672.0,0.0,0.0,1.0,1.0,0.0
10684,2016.0,1.0,26.4,462.0,672.0,0.0,0.0,1.0,1.0,0.0
10685,2016.0,1.0,26.4,463.0,672.0,0.0,0.0,1.0,1.0,0.0
10686,2016.0,1.0,26.4,464.0,672.0,0.0,0.0,1.0,1.0,0.0
10687,2016.0,1.0,26.4,465.0,672.0,0.0,0.0,1.0,1.0,0.0
10688,2016.0,1.0,26.4,466.0,672.0,0.0,0.0,1.0,1.0,0.0
10689,2016.0,1.0,26.4,467.0,672.0,0.0,0.0,1.0,1.0,0.0
10690,2016.0,1.0,26.4,468.0,672.0,0.0,0.0,1.0,1.0,0.0
10691,2016.0,1.0,26.4,469.0,672.0,0.0,0.0,1.0,1.0,0.0
10692,2016.0,1.0,26.4,470.0,672.0,0.0,0.0,1.0,1.0,0.0
10693,2016.0,1.0,26.4,471.0,672.0,0.0,0.0,1.0,1.0,0.0
10694,2016.0,1.0,26.4,472.0,672.0,0.0,0.0,1.0,1.0,0.0
10695,2016.0,1.0,26.4,473.0,672.0,0.0,0.0,1.0,1.0,0.0
10696,2016.0,1.0,26.4,474.0,672.0,0.0,0.0,1.0,1.0,0.0
10697,2016.0,1.0,26.4,475.0,672.0,0.0,0.0,1.0,1.0,0.0
10698,2016.0,1.0,26.4,476.0,672.0,0.0,0.0,1.0,1.0,0.0
10699,2016.0,1.0,26.4,477.0,672.0,0.0,0.0,1.0,1.0,0.0
10700,2016.0,1.0,26.4,478.0,672.0,0.0,0.0,1.0,1.0,0.0
10701,2016.0,1.0,26.4,479.0,672.0,0.0,0.0,1.0,1.0,0.0
10702,2016.0,1.0,26.4,480.0,672.0,0.0,0.0,1.0,1.0,0.0
10703,2016.0,1.0,26.4,481.0,672.0,0.0,0.0,1.0,1.0,0.0
10704,2016.0,1.0,26.4,482.0,672.0,0.0,0.0,1.0,1.0,0.0
10705,2016.0,1.0,26.4,483.0,672.0,0.0,0.0,1.0,1.0,0.0
10706,2016.0,1.0,26.4,484.0,672.0,0.0,0.0,1.0,1.0,0.0
10707,2016.0,1.0,26.4,485.0,672.0,0.0,0.0,1.0,1.0,0.0
10708,2016.0,1.0,26.4,486.0,672.0,0.0,0.0,1.0,1.0,0.0
10709,2016.0,1.0,26.4,487.0,672.0,0.0,0.0,1.0,1.0,0.0
10710,2016.0,1.0,26.4,488.0,672.0,0.0,0.0,1.0,1.0,0.0
10711,2016.0,1.0,26.4,489.0,672.0,0.0,0.0,1.0,1.0,0.0
10712,2016.0,1.0,26.4,490.0,672.0,0.0,0.0,1.0,1.0,0.0
10713,2016.0,1.0,26.4,491.0,672.0,0.0,0.0,1.0,1.0,0.0
10714,2016.0,1.0,26.4,492.0,672.0,0.0,0.0,1.0,1.0,0.0
10715,2016.0,1.0,26.4,493.0,672.0,0.0,0.0,1.0,1.0,0.0
10716,2016.0,1.0,26.4,494.0,672.0,0.0,0.0,1.0,1.0,0.0
10717,2016.0,1.0,26.4,495.0,672.0,0.0,0.0,1.0,1.0,0.0
10718,2016.0,1.0,26.4,496.0,672.0,0.0,0.0,1.0,1.0,0.0
10719,2016.0,1.0,26.4,497.0,672.0,0.0,0.0,1.0,1.0,0.0
10720,2016.0,1.0,26.4,498.0,672.0,0.0,0.0,1.0,1.0,0.0
10721,2016.0,1.0,26.4,499.0,672.0,0.0,0.0,1.0,1.0,0.0
10722,2016.0,1.0,26.4,500.0,672.0,0.0,0.0,1.0,1.0,0.0
10723,2016.0,1.0,26.4,501.0,672.0,0.0,0.0,1.0,1.0,0.0
10724,2016.0,1.0,26.4,502.0,672.0,0.0,0.0,1.0,1.0,0.0
10725,2016.0,1.0,26.4,503.0,672.0,0.0,0.0,1.0,1.0,0.0
10726,2016.0,1.0,26.4,504.0,672.0,0.0,0.0,1.0,1.0,0.0
10727,2016.0,1.0,26.4,505.0,672.0,0.0,0.0,1.0,1.0,0.0
10728,2016.0,1.0,26.4,506.0,672.0,0.0,0.0,1.0,1.0,0.0
10729,2016.0,1.0,26.4,507.0,672.0,0.0,0.0,1.0,1.0,0.0
10730,2016.0,1.0,26.4,508.0,672.0,0.0,0.0,1.0,1.0,0.0
10731,2016.0,1.0,26.4,509.0,672.0,0.0,0.0,1.0,1.0,0.0
10732,2016.0,1.0,26.4,510.0,672.0,0.0,0.0,1.0,1.0,0.0
10733,2016.0,1.0,26.4,511.0,672.0,0.0,0.0,1.0,1.0,0.0
10734,2016.0,1.0,26.4,512.0,672.0,0.0,0.0,1.0,1.0,0.0
10735,2016.0,1.0,26.4,513.0,672.0,0.0,0.0,1.0,1.0,0.0
10736,2016.0,1.0,26.4,514.0,672.0,0.0,0.0,1.0,1.0,0.0
10737,2016.0,1.0,26.4,515.0,672.0,0.0,0.0,1.0,1.0,0.0
10738,2016.0,1.0,26.4,516.0,672.0,0.0,0.0,1.0,1.0,0.0
10739,2016.0,1.0,26.4,517.0,672.0,0.0,0.0,1.0,1.0,0.0
10740,2016.0,1.0,26.4,518.0,672.0,0.0,0.0,1.0,1.0,0.0
10741,2016.0,1.0,26.4,519.0,672.0,0.0,0.0,1.0,1.0,0.0
10742,2016.0,1.0,26.4,520.0,672.0,0.0,0.0,1.0,1.0,0.0
10743,2016.0,1.0,26.4,521.0,672.0,0.0,0.0,1.0,1.0,0.0
10744,2016.0,1.0,26.4,522.0,672.0,0.0,0.0,1.0,1.0,0.0
10745,2016.0,1.0,26.4,523.0,672.0,0.0,0.0,1.0,1.0,0.0
10746,2016.0,1.0,26.4,524.0,672.0,0.0,0.0,1.0,1.0,0.0
10747,2016.0,1.0,26.4,525.0,672.0,0.0,0.0,1.0,1.0,0.0
10748,2016.0,1.0,26.4,526.0,672.0,0.0,0.0,1.0,1.0,0.0
10749,2016.0,1.0,26.4,527.0,672.0,0.0,0.0,1.0,1.0,0.0
10750,2016.0,1.0,26.4,528.0,672.0,0.0,0.0,1.0,1.0,0.0
10751,2016.0,1.0,26.4,529.0,672.0,0.0,0.0,1.0,1.0,0.0
10752,2016.0,1.0,26.4,530.0,672.0,0.0,0.0,1.0,1.0,0.0
10753,2016.0,1.0,26.4,531.0,672.0,0.0,0.0,1.0,1.0,0.0
10754,2016.0,1.0,26.4,532.0,672.0,0.0,0.0,1.0,1.0,0.0
10755,2016.0,1.0,26.4,533.0,672.0,0.0,0.0,1.0,1.0,0.0
10756,2016.0,1.0,26.4,534.0,672.0,0.0,0.0,1.0,1.0,0.0
10757,2016.0,1.0,26.4,535.0,672.0,0.0,0.0,1.0,1.0,0.0
10758,2016.0,1.0,26.4,536.0,672.0,0.0,0.0,1.0,1.0,0.0
10759,2016.0,1.0,26.4,537.0,672.0,0.0,0.0,1.0,1.0,0.0
10760,2016.0,1.0,26.4,538.0,672.0,0.0,0.0,1.0,1.0,0.0
10761,2016.0,1.0,26.4,539.0,672.0,0.0,0.0,1.0,1.0,0.0
10762,2016.0,1.0,26.4,540.0,672.0,0.0,0.0,1.0,1.0,0.0
10763,2016.0,1.0,26.4,541.0,672.0,0.0,0.0,1.0,1.0,0.0
10764,2016.0,1.0,26.4,542.0,672.0,0.0,0.0,1.0,1.0,0.0
10765,2016.0,1.0,26.4,543.0,672.0,0.0,0.0,1.0,1.0,0.0
10766,2016.0,1.0,26.4,544.0,672.0,0.0,0.0,1.0,1.0,0.0
10767,2016.0,1.0,26.4,545.0,672.0,0.0,0.0,1.0,1.0,0.0
10768,2016.0,1.0,26.4,546.0,672.0,0.0,0.0,1.0,1.0,0.0
10769,2016.0,1.0,26.4,547.0,672.0,0.0,0.0,1.0,1.0,0.0
10770,2016.0,1.0,26.4,548.0,672.0,0.0,0.0,1.0,1.0,0.0
10771,2016.0,1.0,26.4,549.0,672.0,0.0,0.0,1.0,1.0,0.0
10772,2016.0,1.0,26.4,550.0,672.0,0.0,0.0,1.0,1.0,0.0
10773,2016.0,1.0,26.4,551.0,672.0,0.0,0.0,1.0,1.0,0.0
10774,2016.0,1.0,26.4,552.0,672.0,0.0,0.0,1.0,1.0,0.0
10775,2016.0,1.0,26.4,553.0,672.0,0.0,0.0,1.0,1.0,0.0
10776,2016.0,1.0,26.4,554.0,672.0,0.0,0.0,1.0,1.0,0.0
10777,2016.0,1.0,26.4,555.0,672.0,0.0,0.0,1.0,1.0,0.0
10778,2016.0,1.0,26.4,556.0,672.0,0.0,0.0,1.0,1.0,0.0
10779,2016.0,1.0,26.4,557.0,672.0,0.0,0.0,1.0,1.0,0.0
10780,2016.0,1.0,26.4,558.0,672.0,0.0,0.0,1.0,1.0,0.0
10781,2016.0,1.0,26.4,559.0,672.0,0.0,0.0,1.0,1.0,0.0
10782,2016.0,1.0,26.4,560.0,672.0,0.0,0.0,1.0,1.0,0.0
10783,2016.0,1.0,26.4,561.0,672.0,0.0,0.0,1.0,1.0,0.0
10784,2016.0,1.0,26.4,562.0,672.0,0.0,0.0,1.0,1.0,0.0
10785,2016.0,1.0,26.4,563.0,672.0,0.0,0.0,1.0,1.0,0.0
10786,2016.0,1.0,26.4,564.0,672.0,0.0,0.0,1.0,1.0,0.0
10787,2016.0,1.0,26.4,565.0,672.0,0.0,0.0,1.0,1.0,0.0
10788,2016.0,1.0,26.4,566.0,672.0,0.0,0.0,1.0,1.0,0.0
10789,2016.0,1.0,26.4,567.0,672.0,0.0,0.0,1.0,1.0,0.0
10790,2016.0,1.0,26.4,568.0,672.0,0.0,0.0,1.0,1.0,0.0
10791,2016.0,1.0,26.4,569.0,672.0,0.0,0.0,1.0,1.0,0.0
10792,2016.0,1.0,26.4,570.0,672.0,0.0,0.0,1.0,1.0,0.0
10793,2016.0,1.0,26.4,571.0,672.0,0.0,0.0,1.0,1.0,0.0
10794,2016.0,1.0,26.4,572.0,672.0,0.0,0.0,1.0,1.0,0.0
10795,2016.0,1.0,26.4,573.0,672.0,0.0,0.0,1.0,1.0,0.0
10796,2016.0,1.0,26.4,574.0,672.0,0.0,0.0,1.0,1.0,0.0
10797,2016.0,1.0,26.4,575.0,672.0,0.0,0.0,1.0,1.0,0.0
10798,2016.0,1.0,26.4,576.0,672.0,0.0,0.0,1.0,1.0,0.0
10799,2016.0,1.0,26.4,577.0,672.0,0.0,0.0,1.0,1.0,0.0
10800,2016.0,1.0,26.4,578.0,672.0,0.0,0.0,1.0,1.0,0.0
10801,2016.0,1.0,26.4,579.0,672.0,0.0,0.0,1.0,1.0,0.0
10802,2016.0,1.0,26.4,580.0,672.0,0.0,0.0,1.0,1.0,0.0
10803,2016.0,1.0,26.4,581.0,672.0,0.0,0.0,1.0,1.0,0.0
10804,2016.0,1.0,26.4,582.0,672.0,0.0,0.0,1.0,1.0,0.0
10805,2016.0,1.0,26.4,583.0,672.0,0.0,0.0,1.0,1.0,0.0
10806,2016.0,1.0,26.4,584.0,672.0,0.0,0.0,1.0,1.0,0.0
10807,2016.0,1.0,26.4,585.0,672.0,0.0,0.0,1.0,1.0,0.0
10808,2016.0,1.0,26.4,586.0,672.0,0.0,0.0,1.0,1.0,0.0
10809,2016.0,1.0,26.4,587.0,672.0,0.0,0.0,1.0,1.0,0.0
10810,2016.0,1.0,26.4,588.0,672.0,0.0,0.0,1.0,1.0,0.0
10811,2016.0,1.0,26.4,589.0,672.0,0.0,0.0,1.0,1.0,0.0
10812,2016.0,1.0,26.4,590.0,672.0,0.0,0.0,1.0,1.0,0.0
10813,2016.0,1.0,26.4,591.0,672.0,0.0,0.0,1.0,1.0,0.0
10814,2016.0,1.0,26.4,592.0,672.0,0.0,0.0,1.0,1.0,0.0
10815,2016.0,1.0,26.4,593.0,672.0,0.0,0.0,1.0,1.0,0.0
10816,2016.0,1.0,26.4,594.0,672.0,0.0,0.0,1.0,1.0,0.0
10817,2016.0,1.0,26.4,595.0,672.0,0.0,0.0,1.0,1.0,0.0
10818,2016.0,1.0,26.4,596.0,672.0,0.0,0.0,1.0,1.0,0.0
10819,2016.0,1.0,26.4,597.0,672.0,0.0,0.0,1.0,1.0,0.0
10820,2016.0,1.0,26.4,598.0,672.0,0.0,0.0,1.0,1.0,0.0
10821,2016.0,1.0,26.4,599.0,672.0,0.0,0.0,1.0,1.0,0.0
10822,2016.0,1.0,26.4,600.0,672.0,0.0,0.0,1.0,1.0,0.0
10823,2016.0,1.0,26.4,601.0,672.0,0.0,0.0,1.0,1.0,0.0
10824,2016.0,1.0,26.4,602.0,672.0,0.0,0.0,1.0,1.0,0.0
10825,2016.0,1.0,26.4,603.0,672.0,0.0,0.0,1.0,1.0,0.0
10826,2016.0,1.0,26.4,604.0,672.0,0.0,0.0,1.0,1.0,0.0
10827,2016.0,1.0,26.4,605.0,672.0,0.0,0.0,1.0,1.0,0.0
10828,2016.0,1.0,26.4,606.0,672.0,0.0,0.0,1.0,1.0,0.0
10829,2016.0,1.0,26.4,607.0,672.0,0.0,0.0,1.0,1.0,0.0
10830,2016.0,1.0,26.4,608.0,672.0,0.0,0.0,1.0,1.0,0.0
10831,2016.0,1.0,26.4,609.0,672.0,0.0,0.0,1.0,1.0,0.0
10832,2016.0,1.0,26.4,610.0,672.0,0.0,0.0,1.0,1.0,0.0
10833,2016.0,1.0,26.4,611.0,672.0,0.0,0.0,1.0,1.0,0.0
10834,2016.0,1.0,26.4,612.0,672.0,0.0,0.0,1.0,1.0,0.0
10835,2016.0,1.0,26.4,613.0,672.0,0.0,0.0,1.0,1.0,0.0
10836,2016.0,1.0,26.4,614.0,672.0,0.0,0.0,1.0,1.0,0.0
10837,2016.0,1.0,26.4,615.0,672.0,0.0,0.0,1.0,1.0,0.0
10838,2016.0,1.0,26.4,616.0,672.0,0.0,0.0,1.0,1.0,0.0
10839,2016.0,1.0,26.4,617.0,672.0,0.0,0.0,1.0,1.0,0.0
10840,2016.0,1.0,26.4,618.0,672.0,0.0,0.0,1.0,1.0,0.0
10841,2016.0,1.0,26.4,619.0,672.0,0.0,0.0,1.0,1.0,0.0
10842,2016.0,1.0,26.4,620.0,672.0,0.0,0.0,1.0,1.0,0.0
10843,2016.0,1.0,26.4,621.0,672.0,0.0,0.0,1.0,1.0,0.0
10844,2016.0,1.0,26.4,622.0,672.0,0.0,0.0,1.0,1.0,0.0
10845,2016.0,1.0,26.4,623.0,672.0,0.0,0.0,1.0,1.0,0.0
10846,2016.0,1.0,26.4,624.0,672.0,0.0,0.0,1.0,1.0,0.0
10847,2016.0,1.0,26.4,625.0,672.0,0.0,0.0,1.0,1.0,0.0
10848,2016.0,1.0,26.4,626.0,672.0,0.0,0.0,1.0,1.0,0.0
10849,2016.0,1.0,26.4,627.0,672.0,0.0,0.0,1.0,1.0,0.0
10850,2016.0,1.0,26.4,628.0,672.0,0.0,0.0,1.0,1.0,0.0
10851,2016.0,1.0,26.4,629.0,672.0,0.0,0.0,1.0,1.0,0.0
10852,2016.0,1.0,26.4,630.0,672.0,0.0,0.0,1.0,1.0,0.0
10853,2016.0,1.0,26.4,631.0,672.0,0.0,0.0,1.0,1.0,0.0
10854,2016.0,1.0,26.4,632.0,672.0,0.0,0.0,1.0,1.0,0.0
10855,2016.0,1.0,26.4,633.0,672.0,0.0,0.0,1.0,1.0,0.0
10856,2016.0,1.0,26.4,634.0,672.0,0.0,0.0,1.0,1.0,0.0
10857,2016.0,1.0,26.4,635.0,672.0,0.0,0.0,1.0,1.0,0.0
10858,2016.0,1.0,26.4,636.0,672.0,0.0,0.0,1.0,1.0,0.0
10859,2016.0,1.0,26.4,637.0,672.0,0.0,0.0,1.0,1.0,0.0
10860,2016.0,1.0,26.4,638.0,672.0,0.0,0.0,1.0,1.0,0.0
10861,2016.0,1.0,26.4,639.0,672.0,0.0,0.0,1.0,1.0,0.0
10862,2016.0,1.0,26.4,640.0,672.0,0.0,0.0,1.0,1.0,0.0
10863,2016.0,1.0,26.4,641.0,672.0,0.0,0.0,1.0,1.0,0.0
10864,2016.0,1.0,26.4,642.0,672.0,0.0,0.0,1.0,1.0,0.0
10865,2016.0,1.0,26.4,643.0,672.0,0.0,0.0,1.0,1.0,0.0
10866,2016.0,1.0,26.4,644.0,672.0,0.0,0.0,1.0,1.0,0.0
10867,2016.0,1.0,26.4,645.0,672.0,0.0,0.0,1.0,1.0,0.0
10868,2016.0,1.0,26.4,646.0,672.0,0.0,0.0,1.0,1.0,0.0
10869,2016.0,1.0,26.4,647.0,672.0,0.0,0.0,1.0,1.0,0.0
10870,2016.0,1.0,26.4,648.0,672.0,0.0,0.0,1.0,1.0,0.0
10871,2016.0,1.0,26.4,649.0,672.0,0.0,0.0,1.0,1.0,0.0
10872,2016.0,1.0,26.4,650.0,672.0,0.0,0.0,1.0,1.0,0.0
10873,2016.0,1.0,26.4,651.0,672.0,0.0,0.0,1.0,1.0,0.0
10874,2016.0,1.0,26.4,652.0,672.0,0.0,0.0,1.0,1.0,0.0
10875,2016.0,1.0,26.4,653.0,672.0,0.0,0.0,1.0,1.0,0.0
10876,2016.0,1.0,26.4,654.0,672.0,0.0,0.0,1.0,1.0,0.0
10877,2016.0,1.0,26.4,655.0,672.0,0.0,0.0,1.0,1.0,0.0
10878,2016.0,1.0,26.4,656.0,672.0,0.0,0.0,1.0,1.0,0.0
10879,2016.0,1.0,26.4,657.0,672.0,0.0,0.0,1.0,1.0,0.0
10880,2016.0,1.0,26.4,658.0,672.0,0.0,0.0,1.0,1.0,0.0
10881,2016.0,1.0,26.4,659.0,672.0,0.0,0.0,1.0,1.0,0.0
10882,2016.0,1.0,26.4,660.0,672.0,0.0,0.0,1.0,1.0,0.0
10883,2016.0,1.0,26.4,661.0,672.0,0.0,0.0,1.0,1.0,0.0
10884,2016.0,1.0,26.4,662.0,672.0,0.0,0.0,1.0,1.0,0.0
10885,2016.0,1.0,26.4,663.0,672.0,0.0,0.0,1.0,1.0,0.0
10886,2016.0,1.0,26.4,664.0,672.0,0.0,0.0,1.0,1.0,0.0
10887,2016.0,1.0,26.4,665.0,672.0,0.0,0.0,1.0,1.0,0.0
10888,2016.0,1.0,26.4,666.0,672.0,0.0,0.0,1.0,1.0,0.0
10889,2016.0,1.0,26.4,667.0,672.0,0.0,0.0,1.0,1.0,0.0
10890,2016.0,1.0,26.4,668.0,672.0,0.0,0.0,1.0,1.0,0.0
10891,2016.0,1.0,26.4,669.0,672.0,0.0,0.0,1.0,1.0,0.0
10892,2016.0,1.0,26.4,670.0,672.0,0.0,0.0,1.0,1.0,0.0
10893,2016.0,1.0,26.4,671.0,672.0,0.0,0.0,1.0,1.0,0.0
10894,2016.0,1.0,26.4,672.0,672.0,0.0,0.0,1.0,1.0,0.0
10895,2016.0,1.0,26.4,673.0,672.0,0.0,0.0,1.0,1.0,0.0
10896,2016.0,1.0,26.4,674.0,672.0,0.0,0.0,1.0,1.0,0.0
10897,2016.0,1.0,26.4,675.0,672.0,0.0,0.0,1.0,1.0,0.0
10898,2016.0,1.0,26.4,676.0,672.0,0.0,0.0,1.0,1.0,0.0
10899,2016.0,1.0,26.4,677.0,672.0,0.0,0.0,1.0,1.0,0.0
10900,2016.0,1.0,26.4,678.0,672.0,0.0,0.0,1.0,1.0,0.0
10901,2016.0,1.0,26.4,679.0,672.0,0.0,0.0,1.0,1.0,0.0
10902,2016.0,1.0,26.4,680.0,672.0,0.0,0.0,1.0,1.0,0.0
10903,2016.0,1.0,26.4,681.0,672.0,0.0,0.0,1.0,1.0,0.0
10904,2016.0,1.0,26.4,682.0,672.0,0.0,0.0,1.0,1.0,0.0
10905,2016.0,1.0,26.4,683.0,672.0,0.0,0.0,1.0,1.0,0.0
10906,2016.0,1.0,26.4,684.0,672.0,0.0,0.0,1.0,1.0,0.0
10907,2016.0,1.0,26.4,685.0,672.0,0.0,0.0,1.0,1.0,0.0
10908,2016.0,1.0,26.4,686.0,672.0,0.0,0.0,1.0,1.0,0.0
10909,2016.0,1.0,26.4,687.0,672.0,0.0,0.0,1.0,1.0,0.0
10910,2016.0,1.0,26.4,688.0,672.0,0.0,0.0,1.0,1.0,0.0
10911,2016.0,1.0,26.4,689.0,672.0,0.0,0.0,1.0,1.0,0.0
10912,2016.0,1.0,26.4,690.0,672.0,0.0,0.0,1.0,1.0,0.0
10913,2016.0,1.0,26.4,691.0,672.0,0.0,0.0,1.0,1.0,0.0
10914,2016.0,1.0,26.4,692.0,672.0,0.0,0.0,1.0,1.0,0.0
10915,2016.0,1.0,26.4,693.0,672.0,0.0,0.0,1.0,1.0,0.0
10916,2016.0,1.0,26.4,694.0,672.0,0.0,0.0,1.0,1.0,0.0
10917,2016.0,1.0,26.4,695.0,672.0,0.0,0.0,1.0,1.0,0.0
10918,2016.0,1.0,26.4,696.0,672.0,0.0,0.0,1.0,1.0,0.0
10919,2016.0,1.0,26.4,697.0,672.0,0.0,0.0,1.0,1.0,0.0
10920,2016.0,1.0,26.4,698.0,672.0,0.0,0.0,1.0,1.0,0.0
10921,2016.0,1.0,26.4,699.0,672.0,0.0,0.0,1.0,1.0,0.0
10922,2016.0,1.0,26.4,700.0,672.0,0.0,0.0,1.0,1.0,0.0
10923,2016.0,1.0,26.4,701.0,672.0,0.0,0.0,1.0,1.0,0.0
10924,2016.0,1.0,26.4,702.0,672.0,0.0,0.0,1.0,1.0,0.0
10925,2016.0,1.0,26.4,703.0,672.0,0.0,0.0,1.0,1.0,0.0
10926,2016.0,1.0,26.4,704.0,672.0,0.0,0.0,1.0,1.0,0.0
10927,2016.0,1.0,26.4,705.0,672.0,0.0,0.0,1.0,1.0,0.0
10928,2016.0,1.0,26.4,706.0,672.0,0.0,0.0,1.0,1.0,0.0
10929,2016.0,1.0,26.4,707.0,672.0,0.0,0.0,1.0,1.0,0.0
10930,2016.0,1.0,26.4,708.0,672.0,0.0,0.0,1.0,1.0,0.0
10931,2016.0,1.0,26.4,709.0,672.0,0.0,0.0,1.0,1.0,0.0
10932,2016.0,1.0,26.4,710.0,672.0,0.0,0.0,1.0,1.0,0.0
10933,2016.0,1.0,26.4,711.0,672.0,0.0,0.0,1.0,1.0,0.0
10934,2016.0,1.0,26.4,712.0,672.0,0.0,0.0,1.0,1.0,0.0
10935,2016.0,1.0,26.4,713.0,672.0,0.0,0.0,1.0,1.0,0.0
10936,2016.0,1.0,26.4,714.0,672.0,0.0,0.0,1.0,1.0,0.0
10937,2016.0,1.0,26.4,715.0,672.0,0.0,0.0,1.0,1.0,0.0
10938,2016.0,1.0,26.4,716.0,672.0,0.0,0.0,1.0,1.0,0.0
10939,2016.0,1.0,26.4,717.0,672.0,0.0,0.0,1.0,1.0,0.0
10940,2016.0,1.0,26.4,718.0,672.0,0.0,0.0,1.0,1.0,0.0
10941,2016.0,1.0,26.4,719.0,672.0,0.0,0.0,1.0,1.0,0.0
10942,2016.0,1.0,26.4,720.0,672.0,0.0,0.0,1.0,1.0,0.0
10943,2016.0,1.0,26.4,721.0,672.0,0.0,0.0,1.0,1.0,0.0
10944,2016.0,1.0,26.4,722.0,672.0,0.0,0.0,1.0,1.0,0.0
10945,2016.0,1.0,26.4,723.0,672.0,0.0,0.0,1.0,1.0,0.0
10946,2016.0,1.0,26.4,724.0,672.0,0.0,0.0,1.0,1.0,0.0
10947,2016.0,1.0,26.4,725.0,672.0,0.0,0.0,1.0,1.0,0.0
10948,2016.0,1.0,26.4,726.0,672.0,0.0,0.0,1.0,1.0,0.0
10949,2016.0,1.0,26.4,727.0,672.0,0.0,0.0,1.0,1.0,0.0
10950,2016.0,1.0,26.4,728.0,672.0,0.0,0.0,1.0,1.0,0.0
10951,2016.0,1.0,26.4,729.0,672.0,0.0,0.0,1.0,1.0,0.0
10952,2016.0,1.0,26.4,730.0,672.0,0.0,0.0,1.0,1.0,0.0
10953,2016.0,1.0,26.4,731.0,672.0,0.0,0.0,1.0,1.0,0.0
10954,2016.0,1.0,26.4,732.0,672.0,0.0,0.0,1.0,1.0,0.0
10955,2016.0,1.0,26.4,733.0,672.0,0.0,0.0,1.0,1.0,0.0
10956,2016.0,1.0,26.4,734.0,672.0,0.0,0.0,1.0,1.0,0.0
10957,2016.0,1.0,26.4,735.0,672.0,0.0,0.0,1.0,1.0,0.0
10958,2016.0,1.0,26.4,736.0,672.0,0.0,0.0,1.0,1.0,0.0
10959,2016.0,1.0,26.4,737.0,672.0,0.0,0.0,1.0,1.0,0.0
10960,2016.0,1.0,26.4,738.0,672.0,0.0,0.0,1.0,1.0,0.0
10961,2016.0,1.0,26.4,739.0,672.0,0.0,0.0,1.0,1.0,0.0
10962,2016.0,1.0,26.4,740.0,672.0,0.0,0.0,1.0,1.0,0.0
10963,2016.0,1.0,26.4,741.0,672.0,0.0,0.0,1.0,1.0,0.0
10964,2016.0,1.0,26.4,742.0,672.0,0.0,0.0,1.0,1.0,0.0
10965,2016.0,1.0,26.4,743.0,672.0,0.0,0.0,1.0,1.0,0.0
10966,2016.0,1.0,26.4,744.0,672.0,0.0,0.0,1.0,1.0,0.0
10967,2016.0,1.0,26.4,745.0,672.0,0.0,0.0,1.0,1.0,0.0
10968,2016.0,1.0,26.4,746.0,672.0,0.0,0.0,1.0,1.0,0.0
10969,2016.0,1.0,26.4,747.0,672.0,0.0,0.0,1.0,1.0,0.0
10970,2016.0,1.0,26.4,748.0,672.0,0.0,0.0,1.0,1.0,0.0
10971,2016.0,1.0,26.4,749.0,672.0,0.0,0.0,1.0,1.0,0.0
10972,2016.0,1.0,26.4,750.0,672.0,0.0,0.0,1.0,1.0,0.0
10973,2016.0,1.0,26.4,751.0,672.0,0.0,0.0,1.0,1.0,0.0
10974,2016.0,1.0,26.4,752.0,672.0,0.0,0.0,1.0,1.0,0.0
10975,2016.0,1.0,26.4,753.0,672.0,0.0,0.0,1.0,1.0,0.0
10976,2016.0,1.0,26.4,754.0,672.0,0.0,0.0,1.0,1.0,0.0
10977,2016.0,1.0,26.4,755.0,672.0,0.0,0.0,1.0,1.0,0.0
10978,2016.0,1.0,26.4,756.0,672.0,0.0,0.0,1.0,1.0,0.0
10979,2016.0,1.0,26.4,757.0,672.0,0.0,0.0,1.0,1.0,0.0
10980,2016.0,1.0,26.4,758.0,672.0,0.0,0.0,1.0,1.0,0.0
10981,2016.0,1.0,26.4,759.0,672.0,0.0,0.0,1.0,1.0,0.0
10982,2016.0,1.0,26.4,760.0,672.0,0.0,0.0,1.0,1.0,0.0
10983,2016.0,1.0,26.4,761.0,672.0,0.0,0.0,1.0,1.0,0.0
10984,2016.0,1.0,26.4,762.0,672.0,0.0,0.0,1.0,1.0,0.0
10985,2016.0,1.0,26.4,763.0,672.0,0.0,0.0,1.0,1.0,0.0
10986,2016.0,1.0,26.4,764.0,672.0,0.0,0.0,1.0,1.0,0.0
10987,2016.0,1.0,26.4,765.0,672.0,0.0,0.0,1.0,1.0,0.0
10988,2016.0,1.0,26.4,766.0,672.0,0.0,0.0,1.0,1.0,0.0
10989,2016.0,1.0,26.4,767.0,672.0,0.0,0.0,1.0,1.0,0.0
10990,2016.0,1.0,26.4,768.0,672.0,0.0,0.0,1.0,1.0,0.0
10991,2016.0,1.0,26.4,769.0,672.0,0.0,0.0,1.0,1.0,0.0
10992,2016.0,1.0,26.4,770.0,672.0,0.0,0.0,1.0,1.0,0.0
10993,2016.0,1.0,26.4,771.0,672.0,0.0,0.0,1.0,1.0,0.0
10994,2016.0,1.0,26.4,772.0,672.0,0.0,0.0,1.0,1.0,0.0
10995,2016.0,1.0,26.4,773.0,672.0,0.0,0.0,1.0,1.0,0.0
10996,2016.0,1.0,26.4,774.0,672.0,0.0,0.0,1.0,1.0,0.0
10997,2016.0,1.0,26.4,775.0,672.0,0.0,0.0,1.0,1.0,0.0
10998,2016.0,1.0,26.4,776.0,672.0,0.0,0.0,1.0,1.0,0.0
10999,2016.0,1.0,26.4,777.0,672.0,0.0,0.0,1.0,1.0,0.0
11000,2016.0,1.0,26.4,778.0,672.0,0.0,0.0,1.0,1.0,0.0
11001,2016.0,1.0,26.4,779.0,672.0,0.0,0.0,1.0,1.0,0.0
11002,2016.0,1.0,26.4,780.0,672.0,0.0,0.0,1.0,1.0,0.0
11003,2016.0,1.0,26.4,781.0,672.0,0.0,0.0,1.0,1.0,0.0
11004,2016.0,1.0,26.4,782.0,672.0,0.0,0.0,1.0,1.0,0.0
11005,2016.0,1.0,26.4,783.0,672.0,0.0,0.0,1.0,1.0,0.0
11006,2016.0,1.0,26.4,784.0,672.0,0.0,0.0,1.0,1.0,0.0
11007,2016.0,1.0,26.4,785.0,672.0,0.0,0.0,1.0,1.0,0.0
11008,2016.0,1.0,26.4,786.0,672.0,0.0,0.0,1.0,1.0,0.0
11009,2016.0,1.0,26.4,787.0,672.0,0.0,0.0,1.0,1.0,0.0
11010,2016.0,1.0,26.4,788.0,1075.0,0.0,0.0,1.0,1.0,0.0
11011,2016.0,2.0,2.0,1.0,703.0,1.0,1.0,1.0,1.0,1.42247510668563
11012,2016.0,2.0,20.32,2.0,714.0,0.0,0.0,1.0,1.0,0.0
11013,2016.0,2.0,20.32,3.0,714.0,0.0,0.0,1.0,1.0,0.0
11014,2016.0,2.0,20.32,4.0,714.0,0.0,0.0,1.0,1.0,0.0
11015,2016.0,2.0,20.32,5.0,714.0,0.0,0.0,1.0,1.0,0.0
11016,2016.0,2.0,20.32,6.0,714.0,0.0,0.0,1.0,1.0,0.0
11017,2016.0,2.0,20.32,7.0,714.0,0.0,0.0,1.0,1.0,0.0
11018,2016.0,2.0,20.32,8.0,714.0,0.0,0.0,1.0,1.0,0.0
11019,2016.0,2.0,20.32,9.0,714.0,0.0,0.0,1.0,1.0,0.0
11020,2016.0,2.0,20.32,10.0,714.0,0.0,0.0,1.0,1.0,0.0
11021,2016.0,2.0,20.32,11.0,714.0,0.0,0.0,1.0,1.0,0.0
11022,2016.0,2.0,20.32,12.0,714.0,0.0,0.0,1.0,1.0,0.0
11023,2016.0,2.0,20.32,13.0,714.0,0.0,0.0,1.0,1.0,0.0
11024,2016.0,2.0,20.32,14.0,714.0,0.0,0.0,1.0,1.0,0.0
11025,2016.0,2.0,20.32,15.0,714.0,0.0,0.0,1.0,1.0,0.0
11026,2016.0,2.0,20.32,16.0,714.0,0.0,0.0,1.0,1.0,0.0
11027,2016.0,2.0,20.32,17.0,714.0,0.0,0.0,1.0,1.0,0.0
11028,2016.0,2.0,20.32,18.0,714.0,0.0,0.0,1.0,1.0,0.0
11029,2016.0,2.0,20.32,19.0,714.0,0.0,0.0,1.0,1.0,0.0
11030,2016.0,2.0,20.32,20.0,714.0,0.0,0.0,1.0,1.0,0.0
11031,2016.0,2.0,20.32,21.0,714.0,0.0,0.0,1.0,1.0,0.0
11032,2016.0,2.0,20.32,22.0,714.0,0.0,0.0,1.0,1.0,0.0
11033,2016.0,2.0,20.32,23.0,714.0,0.0,0.0,1.0,1.0,0.0
11034,2016.0,2.0,20.32,24.0,714.0,0.0,0.0,1.0,1.0,0.0
11035,2016.0,2.0,20.32,25.0,714.0,0.0,0.0,1.0,1.0,0.0
11036,2016.0,2.0,20.32,26.0,714.0,0.0,0.0,1.0,1.0,0.0
11037,2016.0,2.0,20.32,27.0,714.0,0.0,0.0,1.0,1.0,0.0
11038,2016.0,2.0,20.32,28.0,714.0,0.0,0.0,1.0,1.0,0.0
11039,2016.0,2.0,20.32,29.0,714.0,0.0,0.0,1.0,1.0,0.0
11040,2016.0,2.0,20.32,30.0,714.0,0.0,0.0,1.0,1.0,0.0
11041,2016.0,2.0,20.32,31.0,714.0,0.0,0.0,1.0,1.0,0.0
11042,2016.0,2.0,20.32,32.0,714.0,0.0,0.0,1.0,1.0,0.0
11043,2016.0,2.0,20.32,33.0,714.0,0.0,0.0,1.0,1.0,0.0
11044,2016.0,2.0,20.32,34.0,714.0,0.0,0.0,1.0,1.0,0.0
11045,2016.0,2.0,20.32,35.0,714.0,0.0,0.0,1.0,1.0,0.0
11046,2016.0,2.0,20.32,36.0,714.0,0.0,0.0,1.0,1.0,0.0
11047,2016.0,2.0,20.32,37.0,714.0,0.0,0.0,1.0,1.0,0.0
11048,2016.0,2.0,20.32,38.0,714.0,0.0,0.0,1.0,1.0,0.0
11049,2016.0,2.0,20.32,39.0,714.0,0.0,0.0,1.0,1.0,0.0
11050,2016.0,2.0,20.32,40.0,714.0,0.0,0.0,1.0,1.0,0.0
11051,2016.0,2.0,20.32,41.0,714.0,0.0,0.0,1.0,1.0,0.0
11052,2016.0,2.0,20.32,42.0,714.0,0.0,0.0,1.0,1.0,0.0
11053,2016.0,2.0,20.32,43.0,714.0,0.0,0.0,1.0,1.0,0.0
11054,2016.0,2.0,20.32,44.0,714.0,0.0,0.0,1.0,1.0,0.0
11055,2016.0,2.0,20.32,45.0,714.0,0.0,0.0,1.0,1.0,0.0
11056,2016.0,2.0,20.32,46.0,714.0,0.0,0.0,1.0,1.0,0.0
11057,2016.0,2.0,20.32,47.0,714.0,0.0,0.0,1.0,1.0,0.0
11058,2016.0,2.0,20.32,48.0,714.0,0.0,0.0,1.0,1.0,0.0
11059,2016.0,2.0,20.32,49.0,714.0,0.0,0.0,1.0,1.0,0.0
11060,2016.0,2.0,20.32,50.0,714.0,0.0,0.0,1.0,1.0,0.0
11061,2016.0,2.0,20.32,51.0,714.0,0.0,0.0,1.0,1.0,0.0
11062,2016.0,2.0,20.32,52.0,714.0,0.0,0.0,1.0,1.0,0.0
11063,2016.0,2.0,20.32,53.0,714.0,0.0,0.0,1.0,1.0,0.0
11064,2016.0,2.0,20.32,54.0,714.0,0.0,0.0,1.0,1.0,0.0
11065,2016.0,2.0,20.32,55.0,714.0,0.0,0.0,1.0,1.0,0.0
11066,2016.0,2.0,20.32,56.0,714.0,0.0,0.0,1.0,1.0,0.0
11067,2016.0,2.0,20.32,57.0,714.0,0.0,0.0,1.0,1.0,0.0
11068,2016.0,2.0,20.32,58.0,714.0,0.0,0.0,1.0,1.0,0.0
11069,2016.0,2.0,20.32,59.0,714.0,0.0,0.0,1.0,1.0,0.0
11070,2016.0,2.0,20.32,60.0,714.0,0.0,0.0,1.0,1.0,0.0
11071,2016.0,2.0,20.32,61.0,714.0,0.0,0.0,1.0,1.0,0.0
11072,2016.0,2.0,20.32,62.0,714.0,0.0,0.0,1.0,1.0,0.0
11073,2016.0,2.0,20.32,63.0,714.0,0.0,0.0,1.0,1.0,0.0
11074,2016.0,2.0,20.32,64.0,714.0,0.0,0.0,1.0,1.0,0.0
11075,2016.0,2.0,20.32,65.0,714.0,0.0,0.0,1.0,1.0,0.0
11076,2016.0,2.0,20.32,66.0,714.0,0.0,0.0,1.0,1.0,0.0
11077,2016.0,2.0,20.32,67.0,714.0,0.0,0.0,1.0,1.0,0.0
11078,2016.0,2.0,20.32,68.0,714.0,0.0,0.0,1.0,1.0,0.0
11079,2016.0,2.0,20.32,69.0,714.0,0.0,0.0,1.0,1.0,0.0
11080,2016.0,2.0,20.32,70.0,714.0,0.0,0.0,1.0,1.0,0.0
11081,2016.0,2.0,20.32,71.0,714.0,0.0,0.0,1.0,1.0,0.0
11082,2016.0,2.0,20.32,72.0,714.0,0.0,0.0,1.0,1.0,0.0
11083,2016.0,2.0,20.32,73.0,714.0,0.0,0.0,1.0,1.0,0.0
11084,2016.0,2.0,20.32,74.0,714.0,0.0,0.0,1.0,1.0,0.0
11085,2016.0,2.0,20.32,75.0,714.0,0.0,0.0,1.0,1.0,0.0
11086,2016.0,2.0,20.32,76.0,714.0,0.0,0.0,1.0,1.0,0.0
11087,2016.0,2.0,20.32,77.0,714.0,0.0,0.0,1.0,1.0,0.0
11088,2016.0,2.0,20.32,78.0,714.0,0.0,0.0,1.0,1.0,0.0
11089,2016.0,2.0,20.32,79.0,714.0,0.0,0.0,1.0,1.0,0.0
11090,2016.0,2.0,20.32,80.0,714.0,0.0,0.0,1.0,1.0,0.0
11091,2016.0,2.0,20.32,81.0,714.0,0.0,0.0,1.0,1.0,0.0
11092,2016.0,2.0,20.32,82.0,714.0,0.0,0.0,1.0,1.0,0.0
11093,2016.0,2.0,20.32,83.0,714.0,0.0,0.0,1.0,1.0,0.0
11094,2016.0,2.0,20.32,84.0,714.0,0.0,0.0,1.0,1.0,0.0
11095,2016.0,2.0,20.32,85.0,714.0,0.0,0.0,1.0,1.0,0.0
11096,2016.0,2.0,20.32,86.0,714.0,0.0,0.0,1.0,1.0,0.0
11097,2016.0,2.0,20.32,87.0,714.0,0.0,0.0,1.0,1.0,0.0
11098,2016.0,2.0,20.32,88.0,714.0,0.0,0.0,1.0,1.0,0.0
11099,2016.0,2.0,20.32,89.0,714.0,0.0,0.0,1.0,1.0,0.0
11100,2016.0,2.0,20.32,90.0,714.0,0.0,0.0,1.0,1.0,0.0
11101,2016.0,2.0,20.32,91.0,714.0,0.0,0.0,1.0,1.0,0.0
11102,2016.0,2.0,20.32,92.0,714.0,0.0,0.0,1.0,1.0,0.0
11103,2016.0,2.0,20.32,93.0,714.0,0.0,0.0,1.0,1.0,0.0
11104,2016.0,2.0,20.32,94.0,714.0,0.0,0.0,1.0,1.0,0.0
11105,2016.0,2.0,20.32,95.0,714.0,0.0,0.0,1.0,1.0,0.0
11106,2016.0,2.0,20.32,96.0,714.0,0.0,0.0,1.0,1.0,0.0
11107,2016.0,2.0,20.32,97.0,714.0,0.0,0.0,1.0,1.0,0.0
11108,2016.0,2.0,20.32,98.0,714.0,0.0,0.0,1.0,1.0,0.0
11109,2016.0,2.0,20.32,99.0,714.0,0.0,0.0,1.0,1.0,0.0
11110,2016.0,2.0,20.32,100.0,714.0,0.0,0.0,1.0,1.0,0.0
11111,2016.0,2.0,20.32,101.0,714.0,0.0,0.0,1.0,1.0,0.0
11112,2016.0,2.0,20.32,102.0,714.0,0.0,0.0,1.0,1.0,0.0
11113,2016.0,2.0,20.32,103.0,714.0,0.0,0.0,1.0,1.0,0.0
11114,2016.0,2.0,20.32,104.0,714.0,0.0,0.0,1.0,1.0,0.0
11115,2016.0,2.0,20.32,105.0,714.0,0.0,0.0,1.0,1.0,0.0
11116,2016.0,2.0,20.32,106.0,714.0,0.0,0.0,1.0,1.0,0.0
11117,2016.0,2.0,20.32,107.0,714.0,0.0,0.0,1.0,1.0,0.0
11118,2016.0,2.0,20.32,108.0,714.0,0.0,0.0,1.0,1.0,0.0
11119,2016.0,2.0,20.32,109.0,714.0,0.0,0.0,1.0,1.0,0.0
11120,2016.0,2.0,20.32,110.0,714.0,0.0,0.0,1.0,1.0,0.0
11121,2016.0,2.0,20.32,111.0,714.0,0.0,0.0,1.0,1.0,0.0
11122,2016.0,2.0,20.32,112.0,714.0,0.0,0.0,1.0,1.0,0.0
11123,2016.0,2.0,20.32,113.0,714.0,0.0,0.0,1.0,1.0,0.0
11124,2016.0,2.0,20.32,114.0,714.0,0.0,0.0,1.0,1.0,0.0
11125,2016.0,2.0,20.32,115.0,714.0,0.0,0.0,1.0,1.0,0.0
11126,2016.0,2.0,20.32,116.0,714.0,0.0,0.0,1.0,1.0,0.0
11127,2016.0,2.0,20.32,117.0,714.0,0.0,0.0,1.0,1.0,0.0
11128,2016.0,2.0,20.32,118.0,714.0,0.0,0.0,1.0,1.0,0.0
11129,2016.0,2.0,20.32,119.0,714.0,0.0,0.0,1.0,1.0,0.0
11130,2016.0,2.0,20.32,120.0,714.0,0.0,0.0,1.0,1.0,0.0
11131,2016.0,2.0,20.32,121.0,714.0,0.0,0.0,1.0,1.0,0.0
11132,2016.0,2.0,20.32,122.0,714.0,0.0,0.0,1.0,1.0,0.0
11133,2016.0,2.0,20.32,123.0,714.0,0.0,0.0,1.0,1.0,0.0
11134,2016.0,2.0,20.32,124.0,714.0,0.0,0.0,1.0,1.0,0.0
11135,2016.0,2.0,20.32,125.0,714.0,0.0,0.0,1.0,1.0,0.0
11136,2016.0,2.0,20.32,126.0,714.0,0.0,0.0,1.0,1.0,0.0
11137,2016.0,2.0,20.32,127.0,714.0,0.0,0.0,1.0,1.0,0.0
11138,2016.0,2.0,20.32,128.0,714.0,0.0,0.0,1.0,1.0,0.0
11139,2016.0,2.0,20.32,129.0,714.0,0.0,0.0,1.0,1.0,0.0
11140,2016.0,2.0,20.32,130.0,714.0,0.0,0.0,1.0,1.0,0.0
11141,2016.0,2.0,20.32,131.0,714.0,0.0,0.0,1.0,1.0,0.0
11142,2016.0,2.0,20.32,132.0,714.0,0.0,0.0,1.0,1.0,0.0
11143,2016.0,2.0,20.32,133.0,714.0,0.0,0.0,1.0,1.0,0.0
11144,2016.0,2.0,20.32,134.0,714.0,0.0,0.0,1.0,1.0,0.0
11145,2016.0,2.0,20.32,135.0,714.0,0.0,0.0,1.0,1.0,0.0
11146,2016.0,2.0,20.32,136.0,714.0,0.0,0.0,1.0,1.0,0.0
11147,2016.0,2.0,20.32,137.0,714.0,0.0,0.0,1.0,1.0,0.0
11148,2016.0,2.0,20.32,138.0,714.0,0.0,0.0,1.0,1.0,0.0
11149,2016.0,2.0,20.32,139.0,714.0,0.0,0.0,1.0,1.0,0.0
11150,2016.0,2.0,20.32,140.0,714.0,0.0,0.0,1.0,1.0,0.0
11151,2016.0,2.0,20.32,141.0,714.0,0.0,0.0,1.0,1.0,0.0
11152,2016.0,2.0,20.32,142.0,714.0,0.0,0.0,1.0,1.0,0.0
11153,2016.0,2.0,20.32,143.0,714.0,0.0,0.0,1.0,1.0,0.0
11154,2016.0,2.0,20.32,144.0,714.0,0.0,0.0,1.0,1.0,0.0
11155,2016.0,2.0,20.32,145.0,714.0,0.0,0.0,1.0,1.0,0.0
11156,2016.0,2.0,20.32,146.0,714.0,0.0,0.0,1.0,1.0,0.0
11157,2016.0,2.0,20.32,147.0,714.0,0.0,0.0,1.0,1.0,0.0
11158,2016.0,2.0,20.32,148.0,714.0,0.0,0.0,1.0,1.0,0.0
11159,2016.0,2.0,20.32,149.0,714.0,0.0,0.0,1.0,1.0,0.0
11160,2016.0,2.0,20.32,150.0,714.0,0.0,0.0,1.0,1.0,0.0
11161,2016.0,2.0,20.32,151.0,714.0,0.0,0.0,1.0,1.0,0.0
11162,2016.0,2.0,20.32,152.0,714.0,0.0,0.0,1.0,1.0,0.0
11163,2016.0,2.0,20.32,153.0,714.0,0.0,0.0,1.0,1.0,0.0
11164,2016.0,2.0,20.32,154.0,714.0,0.0,0.0,1.0,1.0,0.0
11165,2016.0,2.0,20.32,155.0,714.0,0.0,0.0,1.0,1.0,0.0
11166,2016.0,2.0,20.32,156.0,714.0,0.0,0.0,1.0,1.0,0.0
11167,2016.0,2.0,20.32,157.0,714.0,0.0,0.0,1.0,1.0,0.0
11168,2016.0,2.0,20.32,158.0,714.0,0.0,0.0,1.0,1.0,0.0
11169,2016.0,2.0,20.32,159.0,714.0,0.0,0.0,1.0,1.0,0.0
11170,2016.0,2.0,20.32,160.0,714.0,0.0,0.0,1.0,1.0,0.0
11171,2016.0,2.0,20.32,161.0,714.0,0.0,0.0,1.0,1.0,0.0
11172,2016.0,2.0,20.32,162.0,714.0,0.0,0.0,1.0,1.0,0.0
11173,2016.0,2.0,20.32,163.0,714.0,0.0,0.0,1.0,1.0,0.0
11174,2016.0,2.0,20.32,164.0,714.0,0.0,0.0,1.0,1.0,0.0
11175,2016.0,2.0,20.32,165.0,714.0,0.0,0.0,1.0,1.0,0.0
11176,2016.0,2.0,20.32,166.0,714.0,0.0,0.0,1.0,1.0,0.0
11177,2016.0,2.0,20.32,167.0,714.0,0.0,0.0,1.0,1.0,0.0
11178,2016.0,2.0,20.32,168.0,714.0,0.0,0.0,1.0,1.0,0.0
11179,2016.0,2.0,20.32,169.0,714.0,0.0,0.0,1.0,1.0,0.0
11180,2016.0,2.0,20.32,170.0,714.0,0.0,0.0,1.0,1.0,0.0
11181,2016.0,2.0,20.32,171.0,714.0,0.0,0.0,1.0,1.0,0.0
11182,2016.0,2.0,20.32,172.0,714.0,0.0,0.0,1.0,1.0,0.0
11183,2016.0,2.0,20.32,173.0,714.0,0.0,0.0,1.0,1.0,0.0
11184,2016.0,2.0,20.32,174.0,714.0,0.0,0.0,1.0,1.0,0.0
11185,2016.0,2.0,20.32,175.0,714.0,0.0,0.0,1.0,1.0,0.0
11186,2016.0,2.0,20.32,176.0,714.0,0.0,0.0,1.0,1.0,0.0
11187,2016.0,2.0,20.32,177.0,714.0,0.0,0.0,1.0,1.0,0.0
11188,2016.0,2.0,20.32,178.0,714.0,0.0,0.0,1.0,1.0,0.0
11189,2016.0,2.0,20.32,179.0,714.0,0.0,0.0,1.0,1.0,0.0
11190,2016.0,2.0,20.32,180.0,714.0,0.0,0.0,1.0,1.0,0.0
11191,2016.0,2.0,20.32,181.0,714.0,0.0,0.0,1.0,1.0,0.0
11192,2016.0,2.0,20.32,182.0,714.0,0.0,0.0,1.0,1.0,0.0
11193,2016.0,2.0,20.32,183.0,714.0,0.0,0.0,1.0,1.0,0.0
11194,2016.0,2.0,20.32,184.0,714.0,0.0,0.0,1.0,1.0,0.0
11195,2016.0,2.0,20.32,185.0,714.0,0.0,0.0,1.0,1.0,0.0
11196,2016.0,2.0,20.32,186.0,714.0,0.0,0.0,1.0,1.0,0.0
11197,2016.0,2.0,20.32,187.0,714.0,0.0,0.0,1.0,1.0,0.0
11198,2016.0,2.0,20.32,188.0,714.0,0.0,0.0,1.0,1.0,0.0
11199,2016.0,2.0,20.32,189.0,714.0,0.0,0.0,1.0,1.0,0.0
11200,2016.0,2.0,20.32,190.0,714.0,0.0,0.0,1.0,1.0,0.0
11201,2016.0,2.0,20.32,191.0,714.0,0.0,0.0,1.0,1.0,0.0
11202,2016.0,2.0,20.32,192.0,714.0,0.0,0.0,1.0,1.0,0.0
11203,2016.0,2.0,20.32,193.0,714.0,0.0,0.0,1.0,1.0,0.0
11204,2016.0,2.0,20.32,194.0,714.0,0.0,0.0,1.0,1.0,0.0
11205,2016.0,2.0,20.32,195.0,714.0,0.0,0.0,1.0,1.0,0.0
11206,2016.0,2.0,20.32,196.0,714.0,0.0,0.0,1.0,1.0,0.0
11207,2016.0,2.0,20.32,197.0,714.0,0.0,0.0,1.0,1.0,0.0
11208,2016.0,2.0,20.32,198.0,714.0,0.0,0.0,1.0,1.0,0.0
11209,2016.0,2.0,20.32,199.0,714.0,0.0,0.0,1.0,1.0,0.0
11210,2016.0,2.0,20.32,200.0,714.0,0.0,0.0,1.0,1.0,0.0
11211,2016.0,2.0,20.32,201.0,714.0,0.0,0.0,1.0,1.0,0.0
11212,2016.0,2.0,20.32,202.0,714.0,0.0,0.0,1.0,1.0,0.0
11213,2016.0,2.0,20.32,203.0,714.0,0.0,0.0,1.0,1.0,0.0
11214,2016.0,2.0,20.32,204.0,714.0,0.0,0.0,1.0,1.0,0.0
11215,2016.0,2.0,20.32,205.0,714.0,0.0,0.0,1.0,1.0,0.0
11216,2016.0,2.0,20.32,206.0,714.0,0.0,0.0,1.0,1.0,0.0
11217,2016.0,2.0,20.32,207.0,714.0,0.0,0.0,1.0,1.0,0.0
11218,2016.0,2.0,20.32,208.0,714.0,0.0,0.0,1.0,1.0,0.0
11219,2016.0,2.0,20.32,209.0,714.0,0.0,0.0,1.0,1.0,0.0
11220,2016.0,2.0,20.32,210.0,714.0,0.0,0.0,1.0,1.0,0.0
11221,2016.0,2.0,20.32,211.0,714.0,0.0,0.0,1.0,1.0,0.0
11222,2016.0,2.0,20.32,212.0,714.0,0.0,0.0,1.0,1.0,0.0
11223,2016.0,2.0,20.32,213.0,714.0,0.0,0.0,1.0,1.0,0.0
11224,2016.0,2.0,20.32,214.0,714.0,0.0,0.0,1.0,1.0,0.0
11225,2016.0,2.0,20.32,215.0,714.0,0.0,0.0,1.0,1.0,0.0
11226,2016.0,2.0,20.32,216.0,714.0,0.0,0.0,1.0,1.0,0.0
11227,2016.0,2.0,20.32,217.0,714.0,0.0,0.0,1.0,1.0,0.0
11228,2016.0,2.0,20.32,218.0,714.0,0.0,0.0,1.0,1.0,0.0
11229,2016.0,2.0,20.32,219.0,714.0,0.0,0.0,1.0,1.0,0.0
11230,2016.0,2.0,20.32,220.0,714.0,0.0,0.0,1.0,1.0,0.0
11231,2016.0,2.0,20.32,221.0,714.0,0.0,0.0,1.0,1.0,0.0
11232,2016.0,2.0,20.32,222.0,714.0,0.0,0.0,1.0,1.0,0.0
11233,2016.0,2.0,20.32,223.0,714.0,0.0,0.0,1.0,1.0,0.0
11234,2016.0,2.0,20.32,224.0,714.0,0.0,0.0,1.0,1.0,0.0
11235,2016.0,2.0,20.32,225.0,714.0,0.0,0.0,1.0,1.0,0.0
11236,2016.0,2.0,20.32,226.0,714.0,0.0,0.0,1.0,1.0,0.0
11237,2016.0,2.0,20.32,227.0,714.0,0.0,0.0,1.0,1.0,0.0
11238,2016.0,2.0,20.32,228.0,714.0,0.0,0.0,1.0,1.0,0.0
11239,2016.0,2.0,20.32,229.0,714.0,0.0,0.0,1.0,1.0,0.0
11240,2016.0,2.0,20.32,230.0,714.0,0.0,0.0,1.0,1.0,0.0
11241,2016.0,2.0,20.32,231.0,714.0,0.0,0.0,1.0,1.0,0.0
11242,2016.0,2.0,20.32,232.0,714.0,0.0,0.0,1.0,1.0,0.0
11243,2016.0,2.0,20.32,233.0,714.0,0.0,0.0,1.0,1.0,0.0
11244,2016.0,2.0,20.32,234.0,714.0,0.0,0.0,1.0,1.0,0.0
11245,2016.0,2.0,20.32,235.0,714.0,0.0,0.0,1.0,1.0,0.0
11246,2016.0,2.0,20.32,236.0,714.0,0.0,0.0,1.0,1.0,0.0
11247,2016.0,2.0,20.32,237.0,714.0,0.0,0.0,1.0,1.0,0.0
11248,2016.0,2.0,20.32,238.0,714.0,0.0,0.0,1.0,1.0,0.0
11249,2016.0,2.0,20.32,239.0,714.0,0.0,0.0,1.0,1.0,0.0
11250,2016.0,2.0,20.32,240.0,714.0,0.0,0.0,1.0,1.0,0.0
11251,2016.0,2.0,20.32,241.0,714.0,0.0,0.0,1.0,1.0,0.0
11252,2016.0,2.0,20.32,242.0,714.0,0.0,0.0,1.0,1.0,0.0
11253,2016.0,2.0,20.32,243.0,714.0,0.0,0.0,1.0,1.0,0.0
11254,2016.0,2.0,20.32,244.0,714.0,0.0,0.0,1.0,1.0,0.0
11255,2016.0,2.0,20.32,245.0,714.0,0.0,0.0,1.0,1.0,0.0
11256,2016.0,2.0,20.32,246.0,714.0,0.0,0.0,1.0,1.0,0.0
11257,2016.0,2.0,20.32,247.0,714.0,0.0,0.0,1.0,1.0,0.0
11258,2016.0,2.0,20.32,248.0,714.0,0.0,0.0,1.0,1.0,0.0
11259,2016.0,2.0,20.32,249.0,714.0,0.0,0.0,1.0,1.0,0.0
11260,2016.0,2.0,20.32,250.0,714.0,0.0,0.0,1.0,1.0,0.0
11261,2016.0,2.0,20.32,251.0,714.0,0.0,0.0,1.0,1.0,0.0
11262,2016.0,2.0,20.32,252.0,714.0,0.0,0.0,1.0,1.0,0.0
11263,2016.0,2.0,20.32,253.0,714.0,0.0,0.0,1.0,1.0,0.0
11264,2016.0,2.0,20.32,254.0,714.0,0.0,0.0,1.0,1.0,0.0
11265,2016.0,2.0,20.32,255.0,714.0,0.0,0.0,1.0,1.0,0.0
11266,2016.0,2.0,20.32,256.0,714.0,0.0,0.0,1.0,1.0,0.0
11267,2016.0,2.0,20.32,257.0,714.0,0.0,0.0,1.0,1.0,0.0
11268,2016.0,2.0,20.32,258.0,714.0,0.0,0.0,1.0,1.0,0.0
11269,2016.0,2.0,20.32,259.0,714.0,0.0,0.0,1.0,1.0,0.0
11270,2016.0,2.0,20.32,260.0,714.0,0.0,0.0,1.0,1.0,0.0
11271,2016.0,2.0,20.32,261.0,714.0,0.0,0.0,1.0,1.0,0.0
11272,2016.0,2.0,20.32,262.0,714.0,0.0,0.0,1.0,1.0,0.0
11273,2016.0,2.0,20.32,263.0,714.0,0.0,0.0,1.0,1.0,0.0
11274,2016.0,2.0,20.32,264.0,714.0,0.0,0.0,1.0,1.0,0.0
11275,2016.0,2.0,20.32,265.0,714.0,0.0,0.0,1.0,1.0,0.0
11276,2016.0,2.0,20.32,266.0,714.0,0.0,0.0,1.0,1.0,0.0
11277,2016.0,2.0,20.32,267.0,714.0,0.0,0.0,1.0,1.0,0.0
11278,2016.0,2.0,20.32,268.0,714.0,0.0,0.0,1.0,1.0,0.0
11279,2016.0,2.0,20.32,269.0,714.0,0.0,0.0,1.0,1.0,0.0
11280,2016.0,2.0,20.32,270.0,714.0,0.0,0.0,1.0,1.0,0.0
11281,2016.0,2.0,20.32,271.0,714.0,0.0,0.0,1.0,1.0,0.0
11282,2016.0,2.0,20.32,272.0,714.0,0.0,0.0,1.0,1.0,0.0
11283,2016.0,2.0,20.32,273.0,714.0,0.0,0.0,1.0,1.0,0.0
11284,2016.0,2.0,20.32,274.0,714.0,0.0,0.0,1.0,1.0,0.0
11285,2016.0,2.0,20.32,275.0,714.0,0.0,0.0,1.0,1.0,0.0
11286,2016.0,2.0,20.32,276.0,714.0,0.0,0.0,1.0,1.0,0.0
11287,2016.0,2.0,20.32,277.0,714.0,0.0,0.0,1.0,1.0,0.0
11288,2016.0,2.0,20.32,278.0,714.0,0.0,0.0,1.0,1.0,0.0
11289,2016.0,2.0,20.32,279.0,714.0,0.0,0.0,1.0,1.0,0.0
11290,2016.0,2.0,20.32,280.0,714.0,0.0,0.0,1.0,1.0,0.0
11291,2016.0,2.0,20.32,281.0,714.0,0.0,0.0,1.0,1.0,0.0
11292,2016.0,2.0,20.32,282.0,714.0,0.0,0.0,1.0,1.0,0.0
11293,2016.0,2.0,20.32,283.0,714.0,0.0,0.0,1.0,1.0,0.0
11294,2016.0,2.0,20.32,284.0,714.0,0.0,0.0,1.0,1.0,0.0
11295,2016.0,2.0,20.32,285.0,714.0,0.0,0.0,1.0,1.0,0.0
11296,2016.0,2.0,20.32,286.0,714.0,0.0,0.0,1.0,1.0,0.0
11297,2016.0,2.0,20.32,287.0,714.0,0.0,0.0,1.0,1.0,0.0
11298,2016.0,2.0,20.32,288.0,714.0,0.0,0.0,1.0,1.0,0.0
11299,2016.0,2.0,20.32,289.0,714.0,0.0,0.0,1.0,1.0,0.0
11300,2016.0,2.0,20.32,290.0,714.0,0.0,0.0,1.0,1.0,0.0
11301,2016.0,2.0,20.32,291.0,714.0,0.0,0.0,1.0,1.0,0.0
11302,2016.0,2.0,20.32,292.0,714.0,0.0,0.0,1.0,1.0,0.0
11303,2016.0,2.0,20.32,293.0,714.0,0.0,0.0,1.0,1.0,0.0
11304,2016.0,2.0,20.32,294.0,714.0,0.0,0.0,1.0,1.0,0.0
11305,2016.0,2.0,20.32,295.0,714.0,0.0,0.0,1.0,1.0,0.0
11306,2016.0,2.0,20.32,296.0,714.0,0.0,0.0,1.0,1.0,0.0
11307,2016.0,2.0,20.32,297.0,714.0,0.0,0.0,1.0,1.0,0.0
11308,2016.0,2.0,20.32,298.0,714.0,0.0,0.0,1.0,1.0,0.0
11309,2016.0,2.0,20.32,299.0,714.0,0.0,0.0,1.0,1.0,0.0
11310,2016.0,2.0,20.32,300.0,714.0,0.0,0.0,1.0,1.0,0.0
11311,2016.0,2.0,20.32,301.0,714.0,0.0,0.0,1.0,1.0,0.0
11312,2016.0,2.0,20.32,302.0,714.0,0.0,0.0,1.0,1.0,0.0
11313,2016.0,2.0,20.32,303.0,714.0,0.0,0.0,1.0,1.0,0.0
11314,2016.0,2.0,20.32,304.0,714.0,0.0,0.0,1.0,1.0,0.0
11315,2016.0,2.0,20.32,305.0,714.0,0.0,0.0,1.0,1.0,0.0
11316,2016.0,2.0,20.32,306.0,714.0,0.0,0.0,1.0,1.0,0.0
11317,2016.0,2.0,20.32,307.0,714.0,0.0,0.0,1.0,1.0,0.0
11318,2016.0,2.0,20.32,308.0,714.0,0.0,0.0,1.0,1.0,0.0
11319,2016.0,2.0,20.32,309.0,714.0,0.0,0.0,1.0,1.0,0.0
11320,2016.0,2.0,20.32,310.0,714.0,0.0,0.0,1.0,1.0,0.0
11321,2016.0,2.0,20.32,311.0,714.0,0.0,0.0,1.0,1.0,0.0
11322,2016.0,2.0,20.32,312.0,714.0,0.0,0.0,1.0,1.0,0.0
11323,2016.0,2.0,20.32,313.0,714.0,0.0,0.0,1.0,1.0,0.0
11324,2016.0,2.0,20.32,314.0,714.0,0.0,0.0,1.0,1.0,0.0
11325,2016.0,2.0,20.32,315.0,714.0,0.0,0.0,1.0,1.0,0.0
11326,2016.0,2.0,20.32,316.0,714.0,0.0,0.0,1.0,1.0,0.0
11327,2016.0,2.0,20.32,317.0,714.0,0.0,0.0,1.0,1.0,0.0
11328,2016.0,2.0,20.32,318.0,714.0,0.0,0.0,1.0,1.0,0.0
11329,2016.0,2.0,20.32,319.0,714.0,0.0,0.0,1.0,1.0,0.0
11330,2016.0,2.0,20.32,320.0,714.0,0.0,0.0,1.0,1.0,0.0
11331,2016.0,2.0,20.32,321.0,714.0,0.0,0.0,1.0,1.0,0.0
11332,2016.0,2.0,20.32,322.0,714.0,0.0,0.0,1.0,1.0,0.0
11333,2016.0,2.0,20.32,323.0,714.0,0.0,0.0,1.0,1.0,0.0
11334,2016.0,2.0,20.32,324.0,714.0,0.0,0.0,1.0,1.0,0.0
11335,2016.0,2.0,20.32,325.0,714.0,0.0,0.0,1.0,1.0,0.0
11336,2016.0,2.0,20.32,326.0,714.0,0.0,0.0,1.0,1.0,0.0
11337,2016.0,2.0,20.32,327.0,714.0,0.0,0.0,1.0,1.0,0.0
11338,2016.0,2.0,20.32,328.0,714.0,0.0,0.0,1.0,1.0,0.0
11339,2016.0,2.0,20.32,329.0,714.0,0.0,0.0,1.0,1.0,0.0
11340,2016.0,2.0,20.32,330.0,714.0,0.0,0.0,1.0,1.0,0.0
11341,2016.0,2.0,20.32,331.0,714.0,0.0,0.0,1.0,1.0,0.0
11342,2016.0,2.0,20.32,332.0,714.0,0.0,0.0,1.0,1.0,0.0
11343,2016.0,2.0,20.32,333.0,714.0,0.0,0.0,1.0,1.0,0.0
11344,2016.0,2.0,20.32,334.0,714.0,0.0,0.0,1.0,1.0,0.0
11345,2016.0,2.0,20.32,335.0,714.0,0.0,0.0,1.0,1.0,0.0
11346,2016.0,2.0,20.32,336.0,714.0,0.0,0.0,1.0,1.0,0.0
11347,2016.0,2.0,20.32,337.0,714.0,0.0,0.0,1.0,1.0,0.0
11348,2016.0,2.0,20.32,338.0,714.0,0.0,0.0,1.0,1.0,0.0
11349,2016.0,2.0,20.32,339.0,714.0,0.0,0.0,1.0,1.0,0.0
11350,2016.0,2.0,20.32,340.0,714.0,0.0,0.0,1.0,1.0,0.0
11351,2016.0,2.0,20.32,341.0,714.0,0.0,0.0,1.0,1.0,0.0
11352,2016.0,2.0,20.32,342.0,714.0,0.0,0.0,1.0,1.0,0.0
11353,2016.0,2.0,20.32,343.0,714.0,0.0,0.0,1.0,1.0,0.0
11354,2016.0,2.0,20.32,344.0,714.0,0.0,0.0,1.0,1.0,0.0
11355,2016.0,2.0,20.32,345.0,714.0,0.0,0.0,1.0,1.0,0.0
11356,2016.0,2.0,20.32,346.0,714.0,0.0,0.0,1.0,1.0,0.0
11357,2016.0,2.0,20.32,347.0,714.0,0.0,0.0,1.0,1.0,0.0
11358,2016.0,2.0,20.32,348.0,714.0,0.0,0.0,1.0,1.0,0.0
11359,2016.0,2.0,20.32,349.0,714.0,0.0,0.0,1.0,1.0,0.0
11360,2016.0,2.0,20.32,350.0,714.0,0.0,0.0,1.0,1.0,0.0
11361,2016.0,2.0,20.32,351.0,714.0,0.0,0.0,1.0,1.0,0.0
11362,2016.0,2.0,20.32,352.0,714.0,0.0,0.0,1.0,1.0,0.0
11363,2016.0,2.0,20.32,353.0,714.0,0.0,0.0,1.0,1.0,0.0
11364,2016.0,2.0,20.32,354.0,714.0,0.0,0.0,1.0,1.0,0.0
11365,2016.0,2.0,20.32,355.0,714.0,0.0,0.0,1.0,1.0,0.0
11366,2016.0,2.0,20.32,356.0,714.0,0.0,0.0,1.0,1.0,0.0
11367,2016.0,2.0,20.32,357.0,714.0,0.0,0.0,1.0,1.0,0.0
11368,2016.0,2.0,20.32,358.0,714.0,0.0,0.0,1.0,1.0,0.0
11369,2016.0,2.0,20.32,359.0,714.0,0.0,0.0,1.0,1.0,0.0
11370,2016.0,2.0,20.32,360.0,714.0,0.0,0.0,1.0,1.0,0.0
11371,2016.0,2.0,20.32,361.0,714.0,0.0,0.0,1.0,1.0,0.0
11372,2016.0,2.0,20.32,362.0,714.0,0.0,0.0,1.0,1.0,0.0
11373,2016.0,2.0,20.32,363.0,714.0,0.0,0.0,1.0,1.0,0.0
11374,2016.0,2.0,20.32,364.0,714.0,0.0,0.0,1.0,1.0,0.0
11375,2016.0,2.0,20.32,365.0,714.0,0.0,0.0,1.0,1.0,0.0
11376,2016.0,2.0,20.32,366.0,714.0,0.0,0.0,1.0,1.0,0.0
11377,2016.0,2.0,20.32,367.0,714.0,0.0,0.0,1.0,1.0,0.0
11378,2016.0,2.0,20.32,368.0,714.0,0.0,0.0,1.0,1.0,0.0
11379,2016.0,2.0,20.32,369.0,714.0,0.0,0.0,1.0,1.0,0.0
11380,2016.0,2.0,20.32,370.0,714.0,0.0,0.0,1.0,1.0,0.0
11381,2016.0,2.0,20.32,371.0,714.0,0.0,0.0,1.0,1.0,0.0
11382,2016.0,2.0,20.32,372.0,714.0,0.0,0.0,1.0,1.0,0.0
11383,2016.0,2.0,20.32,373.0,714.0,0.0,0.0,1.0,1.0,0.0
11384,2016.0,2.0,20.32,374.0,714.0,0.0,0.0,1.0,1.0,0.0
11385,2016.0,2.0,20.32,375.0,714.0,0.0,0.0,1.0,1.0,0.0
11386,2016.0,2.0,20.32,376.0,714.0,0.0,0.0,1.0,1.0,0.0
11387,2016.0,2.0,20.32,377.0,714.0,0.0,0.0,1.0,1.0,0.0
11388,2016.0,2.0,20.32,378.0,714.0,0.0,0.0,1.0,1.0,0.0
11389,2016.0,2.0,20.32,379.0,714.0,0.0,0.0,1.0,1.0,0.0
11390,2016.0,2.0,20.32,380.0,714.0,0.0,0.0,1.0,1.0,0.0
11391,2016.0,2.0,20.32,381.0,714.0,0.0,0.0,1.0,1.0,0.0
11392,2016.0,2.0,20.32,382.0,714.0,0.0,0.0,1.0,1.0,0.0
11393,2016.0,2.0,20.32,383.0,714.0,0.0,0.0,1.0,1.0,0.0
11394,2016.0,2.0,20.32,384.0,714.0,0.0,0.0,1.0,1.0,0.0
11395,2016.0,2.0,20.32,385.0,714.0,0.0,0.0,1.0,1.0,0.0
11396,2016.0,2.0,20.32,386.0,714.0,0.0,0.0,1.0,1.0,0.0
11397,2016.0,2.0,20.32,387.0,714.0,0.0,0.0,1.0,1.0,0.0
11398,2016.0,2.0,20.32,388.0,714.0,0.0,0.0,1.0,1.0,0.0
11399,2016.0,2.0,20.32,389.0,714.0,0.0,0.0,1.0,1.0,0.0
11400,2016.0,2.0,20.32,390.0,714.0,0.0,0.0,1.0,1.0,0.0
11401,2016.0,2.0,20.32,391.0,714.0,0.0,0.0,1.0,1.0,0.0
11402,2016.0,2.0,20.32,392.0,714.0,0.0,0.0,1.0,1.0,0.0
11403,2016.0,2.0,20.32,393.0,714.0,0.0,0.0,1.0,1.0,0.0
11404,2016.0,2.0,20.32,394.0,714.0,0.0,0.0,1.0,1.0,0.0
11405,2016.0,2.0,20.32,395.0,714.0,0.0,0.0,1.0,1.0,0.0
11406,2016.0,2.0,20.32,396.0,714.0,0.0,0.0,1.0,1.0,0.0
11407,2016.0,2.0,20.32,397.0,714.0,0.0,0.0,1.0,1.0,0.0
11408,2016.0,2.0,20.32,398.0,714.0,0.0,0.0,1.0,1.0,0.0
11409,2016.0,2.0,20.32,399.0,714.0,0.0,0.0,1.0,1.0,0.0
11410,2016.0,2.0,20.32,400.0,714.0,0.0,0.0,1.0,1.0,0.0
11411,2016.0,2.0,20.32,401.0,714.0,0.0,0.0,1.0,1.0,0.0
11412,2016.0,2.0,20.32,402.0,714.0,0.0,0.0,1.0,1.0,0.0
11413,2016.0,2.0,20.32,403.0,714.0,0.0,0.0,1.0,1.0,0.0
11414,2016.0,2.0,20.32,404.0,714.0,0.0,0.0,1.0,1.0,0.0
11415,2016.0,2.0,20.32,405.0,714.0,0.0,0.0,1.0,1.0,0.0
11416,2016.0,2.0,20.32,406.0,714.0,0.0,0.0,1.0,1.0,0.0
11417,2016.0,2.0,20.32,407.0,714.0,0.0,0.0,1.0,1.0,0.0
11418,2016.0,2.0,20.32,408.0,714.0,0.0,0.0,1.0,1.0,0.0
11419,2016.0,2.0,20.32,409.0,714.0,0.0,0.0,1.0,1.0,0.0
11420,2016.0,2.0,20.32,410.0,714.0,0.0,0.0,1.0,1.0,0.0
11421,2016.0,2.0,20.32,411.0,714.0,0.0,0.0,1.0,1.0,0.0
11422,2016.0,2.0,20.32,412.0,714.0,0.0,0.0,1.0,1.0,0.0
11423,2016.0,2.0,20.32,413.0,714.0,0.0,0.0,1.0,1.0,0.0
11424,2016.0,2.0,20.32,414.0,714.0,0.0,0.0,1.0,1.0,0.0
11425,2016.0,2.0,20.32,415.0,714.0,0.0,0.0,1.0,1.0,0.0
11426,2016.0,2.0,20.32,416.0,714.0,0.0,0.0,1.0,1.0,0.0
11427,2016.0,2.0,20.32,417.0,714.0,0.0,0.0,1.0,1.0,0.0
11428,2016.0,2.0,20.32,418.0,714.0,0.0,0.0,1.0,1.0,0.0
11429,2016.0,2.0,20.32,419.0,714.0,0.0,0.0,1.0,1.0,0.0
11430,2016.0,2.0,20.32,420.0,714.0,0.0,0.0,1.0,1.0,0.0
11431,2016.0,2.0,20.32,421.0,714.0,0.0,0.0,1.0,1.0,0.0
11432,2016.0,2.0,20.32,422.0,714.0,0.0,0.0,1.0,1.0,0.0
11433,2016.0,2.0,20.32,423.0,714.0,0.0,0.0,1.0,1.0,0.0
11434,2016.0,2.0,20.32,424.0,714.0,0.0,0.0,1.0,1.0,0.0
11435,2016.0,2.0,20.32,425.0,714.0,0.0,0.0,1.0,1.0,0.0
11436,2016.0,2.0,20.32,426.0,714.0,0.0,0.0,1.0,1.0,0.0
11437,2016.0,2.0,20.32,427.0,714.0,0.0,0.0,1.0,1.0,0.0
11438,2016.0,2.0,20.32,428.0,714.0,0.0,0.0,1.0,1.0,0.0
11439,2016.0,2.0,20.32,429.0,714.0,0.0,0.0,1.0,1.0,0.0
11440,2016.0,2.0,20.32,430.0,714.0,0.0,0.0,1.0,1.0,0.0
11441,2016.0,2.0,20.32,431.0,714.0,0.0,0.0,1.0,1.0,0.0
11442,2016.0,2.0,20.32,432.0,714.0,0.0,0.0,1.0,1.0,0.0
11443,2016.0,2.0,20.32,433.0,714.0,0.0,0.0,1.0,1.0,0.0
11444,2016.0,2.0,20.32,434.0,714.0,0.0,0.0,1.0,1.0,0.0
11445,2016.0,2.0,20.32,435.0,714.0,0.0,0.0,1.0,1.0,0.0
11446,2016.0,2.0,20.32,436.0,714.0,0.0,0.0,1.0,1.0,0.0
11447,2016.0,2.0,20.32,437.0,714.0,0.0,0.0,1.0,1.0,0.0
11448,2016.0,2.0,20.32,438.0,714.0,0.0,0.0,1.0,1.0,0.0
11449,2016.0,2.0,20.32,439.0,714.0,0.0,0.0,1.0,1.0,0.0
11450,2016.0,2.0,20.32,440.0,714.0,0.0,0.0,1.0,1.0,0.0
11451,2016.0,2.0,20.32,441.0,714.0,0.0,0.0,1.0,1.0,0.0
11452,2016.0,2.0,20.32,442.0,714.0,0.0,0.0,1.0,1.0,0.0
11453,2016.0,2.0,20.32,443.0,714.0,0.0,0.0,1.0,1.0,0.0
11454,2016.0,2.0,20.32,444.0,714.0,0.0,0.0,1.0,1.0,0.0
11455,2016.0,2.0,20.32,445.0,714.0,0.0,0.0,1.0,1.0,0.0
11456,2016.0,2.0,20.32,446.0,714.0,0.0,0.0,1.0,1.0,0.0
11457,2016.0,2.0,20.32,447.0,714.0,0.0,0.0,1.0,1.0,0.0
11458,2016.0,2.0,20.32,448.0,714.0,0.0,0.0,1.0,1.0,0.0
11459,2016.0,2.0,20.32,449.0,714.0,0.0,0.0,1.0,1.0,0.0
11460,2016.0,2.0,20.32,450.0,714.0,0.0,0.0,1.0,1.0,0.0
11461,2016.0,2.0,20.32,451.0,714.0,0.0,0.0,1.0,1.0,0.0
11462,2016.0,2.0,20.32,452.0,714.0,0.0,0.0,1.0,1.0,0.0
11463,2016.0,2.0,20.32,453.0,714.0,0.0,0.0,1.0,1.0,0.0
11464,2016.0,2.0,20.32,454.0,714.0,0.0,0.0,1.0,1.0,0.0
11465,2016.0,2.0,20.32,455.0,714.0,0.0,0.0,1.0,1.0,0.0
11466,2016.0,2.0,20.32,456.0,714.0,0.0,0.0,1.0,1.0,0.0
11467,2016.0,2.0,20.32,457.0,714.0,0.0,0.0,1.0,1.0,0.0
11468,2016.0,2.0,20.32,458.0,714.0,0.0,0.0,1.0,1.0,0.0
11469,2016.0,2.0,20.32,459.0,714.0,0.0,0.0,1.0,1.0,0.0
11470,2016.0,2.0,20.32,460.0,714.0,0.0,0.0,1.0,1.0,0.0
11471,2016.0,2.0,20.32,461.0,714.0,0.0,0.0,1.0,1.0,0.0
11472,2016.0,2.0,20.32,462.0,714.0,0.0,0.0,1.0,1.0,0.0
11473,2016.0,2.0,20.32,463.0,714.0,0.0,0.0,1.0,1.0,0.0
11474,2016.0,2.0,20.32,464.0,714.0,0.0,0.0,1.0,1.0,0.0
11475,2016.0,2.0,20.32,465.0,714.0,0.0,0.0,1.0,1.0,0.0
11476,2016.0,2.0,20.32,466.0,714.0,0.0,0.0,1.0,1.0,0.0
11477,2016.0,2.0,20.32,467.0,714.0,0.0,0.0,1.0,1.0,0.0
11478,2016.0,2.0,20.32,468.0,714.0,0.0,0.0,1.0,1.0,0.0
11479,2016.0,2.0,20.32,469.0,714.0,0.0,0.0,1.0,1.0,0.0
11480,2016.0,2.0,20.32,470.0,714.0,0.0,0.0,1.0,1.0,0.0
11481,2016.0,2.0,20.32,471.0,714.0,0.0,0.0,1.0,1.0,0.0
11482,2016.0,2.0,20.32,472.0,714.0,0.0,0.0,1.0,1.0,0.0
11483,2016.0,2.0,20.32,473.0,714.0,0.0,0.0,1.0,1.0,0.0
11484,2016.0,2.0,20.32,474.0,714.0,0.0,0.0,1.0,1.0,0.0
11485,2016.0,2.0,20.32,475.0,714.0,0.0,0.0,1.0,1.0,0.0
11486,2016.0,2.0,20.32,476.0,714.0,0.0,0.0,1.0,1.0,0.0
11487,2016.0,2.0,20.32,477.0,714.0,0.0,0.0,1.0,1.0,0.0
11488,2016.0,2.0,20.32,478.0,714.0,0.0,0.0,1.0,1.0,0.0
11489,2016.0,2.0,20.32,479.0,714.0,0.0,0.0,1.0,1.0,0.0
11490,2016.0,2.0,20.32,480.0,714.0,0.0,0.0,1.0,1.0,0.0
11491,2016.0,2.0,20.32,481.0,714.0,0.0,0.0,1.0,1.0,0.0
11492,2016.0,2.0,20.32,482.0,714.0,0.0,0.0,1.0,1.0,0.0
11493,2016.0,2.0,20.32,483.0,714.0,0.0,0.0,1.0,1.0,0.0
11494,2016.0,2.0,20.32,484.0,714.0,0.0,0.0,1.0,1.0,0.0
11495,2016.0,2.0,20.32,485.0,714.0,0.0,0.0,1.0,1.0,0.0
11496,2016.0,2.0,20.32,486.0,714.0,0.0,0.0,1.0,1.0,0.0
11497,2016.0,2.0,20.32,487.0,714.0,0.0,0.0,1.0,1.0,0.0
11498,2016.0,2.0,20.32,488.0,714.0,0.0,0.0,1.0,1.0,0.0
11499,2016.0,2.0,20.32,489.0,714.0,0.0,0.0,1.0,1.0,0.0
11500,2016.0,2.0,20.32,490.0,714.0,0.0,0.0,1.0,1.0,0.0
11501,2016.0,2.0,20.32,491.0,714.0,0.0,0.0,1.0,1.0,0.0
11502,2016.0,2.0,20.32,492.0,714.0,0.0,0.0,1.0,1.0,0.0
11503,2016.0,2.0,20.32,493.0,714.0,0.0,0.0,1.0,1.0,0.0
11504,2016.0,2.0,20.32,494.0,714.0,0.0,0.0,1.0,1.0,0.0
11505,2016.0,2.0,20.32,495.0,714.0,0.0,0.0,1.0,1.0,0.0
11506,2016.0,2.0,20.32,496.0,714.0,0.0,0.0,1.0,1.0,0.0
11507,2016.0,2.0,20.32,497.0,714.0,0.0,0.0,1.0,1.0,0.0
11508,2016.0,2.0,20.32,498.0,714.0,0.0,0.0,1.0,1.0,0.0
11509,2016.0,2.0,20.32,499.0,714.0,0.0,0.0,1.0,1.0,0.0
11510,2016.0,2.0,20.32,500.0,714.0,0.0,0.0,1.0,1.0,0.0
11511,2016.0,2.0,20.32,501.0,714.0,0.0,0.0,1.0,1.0,0.0
11512,2016.0,2.0,20.32,502.0,714.0,0.0,0.0,1.0,1.0,0.0
11513,2016.0,2.0,20.32,503.0,714.0,0.0,0.0,1.0,1.0,0.0
11514,2016.0,2.0,20.32,504.0,714.0,0.0,0.0,1.0,1.0,0.0
11515,2016.0,2.0,20.32,505.0,714.0,0.0,0.0,1.0,1.0,0.0
11516,2016.0,2.0,20.32,506.0,714.0,0.0,0.0,1.0,1.0,0.0
11517,2016.0,2.0,20.32,507.0,714.0,0.0,0.0,1.0,1.0,0.0
11518,2016.0,2.0,20.32,508.0,714.0,0.0,0.0,1.0,1.0,0.0
11519,2016.0,2.0,20.32,509.0,714.0,0.0,0.0,1.0,1.0,0.0
11520,2016.0,2.0,20.32,510.0,714.0,0.0,0.0,1.0,1.0,0.0
11521,2016.0,2.0,20.32,511.0,714.0,0.0,0.0,1.0,1.0,0.0
11522,2016.0,2.0,20.32,512.0,714.0,0.0,0.0,1.0,1.0,0.0
11523,2016.0,2.0,20.32,513.0,714.0,0.0,0.0,1.0,1.0,0.0
11524,2016.0,2.0,20.32,514.0,714.0,0.0,0.0,1.0,1.0,0.0
11525,2016.0,2.0,20.32,515.0,714.0,0.0,0.0,1.0,1.0,0.0
11526,2016.0,2.0,20.32,516.0,714.0,0.0,0.0,1.0,1.0,0.0
11527,2016.0,2.0,20.32,517.0,714.0,0.0,0.0,1.0,1.0,0.0
11528,2016.0,2.0,20.32,518.0,714.0,0.0,0.0,1.0,1.0,0.0
11529,2016.0,2.0,20.32,519.0,714.0,0.0,0.0,1.0,1.0,0.0
11530,2016.0,2.0,20.32,520.0,714.0,0.0,0.0,1.0,1.0,0.0
11531,2016.0,2.0,20.32,521.0,714.0,0.0,0.0,1.0,1.0,0.0
11532,2016.0,2.0,20.32,522.0,714.0,0.0,0.0,1.0,1.0,0.0
11533,2016.0,2.0,20.32,523.0,714.0,0.0,0.0,1.0,1.0,0.0
11534,2016.0,2.0,20.32,524.0,714.0,0.0,0.0,1.0,1.0,0.0
11535,2016.0,2.0,20.32,525.0,714.0,0.0,0.0,1.0,1.0,0.0
11536,2016.0,2.0,20.32,526.0,714.0,0.0,0.0,1.0,1.0,0.0
11537,2016.0,2.0,20.32,527.0,714.0,0.0,0.0,1.0,1.0,0.0
11538,2016.0,2.0,20.32,528.0,714.0,0.0,0.0,1.0,1.0,0.0
11539,2016.0,2.0,20.32,529.0,714.0,0.0,0.0,1.0,1.0,0.0
11540,2016.0,2.0,20.32,530.0,714.0,0.0,0.0,1.0,1.0,0.0
11541,2016.0,2.0,20.32,531.0,714.0,0.0,0.0,1.0,1.0,0.0
11542,2016.0,2.0,20.32,532.0,714.0,0.0,0.0,1.0,1.0,0.0
11543,2016.0,2.0,20.32,533.0,714.0,0.0,0.0,1.0,1.0,0.0
11544,2016.0,2.0,20.32,534.0,714.0,0.0,0.0,1.0,1.0,0.0
11545,2016.0,2.0,20.32,535.0,714.0,0.0,0.0,1.0,1.0,0.0
11546,2016.0,2.0,20.32,536.0,714.0,0.0,0.0,1.0,1.0,0.0
11547,2016.0,2.0,20.32,537.0,714.0,0.0,0.0,1.0,1.0,0.0
11548,2016.0,2.0,20.32,538.0,714.0,0.0,0.0,1.0,1.0,0.0
11549,2016.0,2.0,20.32,539.0,714.0,0.0,0.0,1.0,1.0,0.0
11550,2016.0,2.0,20.32,540.0,714.0,0.0,0.0,1.0,1.0,0.0
11551,2016.0,2.0,20.32,541.0,714.0,0.0,0.0,1.0,1.0,0.0
11552,2016.0,2.0,20.32,542.0,714.0,0.0,0.0,1.0,1.0,0.0
11553,2016.0,2.0,20.32,543.0,714.0,0.0,0.0,1.0,1.0,0.0
11554,2016.0,2.0,20.32,544.0,714.0,0.0,0.0,1.0,1.0,0.0
11555,2016.0,2.0,20.32,545.0,714.0,0.0,0.0,1.0,1.0,0.0
11556,2016.0,2.0,20.32,546.0,714.0,0.0,0.0,1.0,1.0,0.0
11557,2016.0,2.0,20.32,547.0,714.0,0.0,0.0,1.0,1.0,0.0
11558,2016.0,2.0,20.32,548.0,714.0,0.0,0.0,1.0,1.0,0.0
11559,2016.0,2.0,20.32,549.0,714.0,0.0,0.0,1.0,1.0,0.0
11560,2016.0,2.0,20.32,550.0,714.0,0.0,0.0,1.0,1.0,0.0
11561,2016.0,2.0,20.32,551.0,714.0,0.0,0.0,1.0,1.0,0.0
11562,2016.0,2.0,20.32,552.0,714.0,0.0,0.0,1.0,1.0,0.0
11563,2016.0,2.0,20.32,553.0,714.0,0.0,0.0,1.0,1.0,0.0
11564,2016.0,2.0,20.32,554.0,714.0,0.0,0.0,1.0,1.0,0.0
11565,2016.0,2.0,20.32,555.0,714.0,0.0,0.0,1.0,1.0,0.0
11566,2016.0,2.0,20.32,556.0,714.0,0.0,0.0,1.0,1.0,0.0
11567,2016.0,2.0,20.32,557.0,714.0,0.0,0.0,1.0,1.0,0.0
11568,2016.0,2.0,20.32,558.0,714.0,0.0,0.0,1.0,1.0,0.0
11569,2016.0,2.0,20.32,559.0,714.0,0.0,0.0,1.0,1.0,0.0
11570,2016.0,2.0,20.32,560.0,714.0,0.0,0.0,1.0,1.0,0.0
11571,2016.0,2.0,20.32,561.0,714.0,0.0,0.0,1.0,1.0,0.0
11572,2016.0,2.0,20.32,562.0,714.0,0.0,0.0,1.0,1.0,0.0
11573,2016.0,2.0,20.32,563.0,714.0,0.0,0.0,1.0,1.0,0.0
11574,2016.0,2.0,20.32,564.0,714.0,0.0,0.0,1.0,1.0,0.0
11575,2016.0,2.0,20.32,565.0,714.0,0.0,0.0,1.0,1.0,0.0
11576,2016.0,2.0,20.32,566.0,714.0,0.0,0.0,1.0,1.0,0.0
11577,2016.0,2.0,20.32,567.0,714.0,0.0,0.0,1.0,1.0,0.0
11578,2016.0,2.0,20.32,568.0,714.0,0.0,0.0,1.0,1.0,0.0
11579,2016.0,2.0,20.32,569.0,714.0,0.0,0.0,1.0,1.0,0.0
11580,2016.0,2.0,20.32,570.0,714.0,0.0,0.0,1.0,1.0,0.0
11581,2016.0,2.0,20.32,571.0,714.0,0.0,0.0,1.0,1.0,0.0
11582,2016.0,2.0,20.32,572.0,714.0,0.0,0.0,1.0,1.0,0.0
11583,2016.0,2.0,20.32,573.0,714.0,0.0,0.0,1.0,1.0,0.0
11584,2016.0,2.0,20.32,574.0,714.0,0.0,0.0,1.0,1.0,0.0
11585,2016.0,2.0,20.32,575.0,714.0,0.0,0.0,1.0,1.0,0.0
11586,2016.0,2.0,20.32,576.0,714.0,0.0,0.0,1.0,1.0,0.0
11587,2016.0,2.0,20.32,577.0,714.0,0.0,0.0,1.0,1.0,0.0
11588,2016.0,2.0,20.32,578.0,714.0,0.0,0.0,1.0,1.0,0.0
11589,2016.0,2.0,20.32,579.0,714.0,0.0,0.0,1.0,1.0,0.0
11590,2016.0,2.0,20.32,580.0,714.0,0.0,0.0,1.0,1.0,0.0
11591,2016.0,2.0,20.32,581.0,714.0,0.0,0.0,1.0,1.0,0.0
11592,2016.0,2.0,20.32,582.0,714.0,0.0,0.0,1.0,1.0,0.0
11593,2016.0,2.0,20.32,583.0,714.0,0.0,0.0,1.0,1.0,0.0
11594,2016.0,2.0,20.32,584.0,714.0,0.0,0.0,1.0,1.0,0.0
11595,2016.0,2.0,20.32,585.0,714.0,0.0,0.0,1.0,1.0,0.0
11596,2016.0,2.0,20.32,586.0,714.0,0.0,0.0,1.0,1.0,0.0
11597,2016.0,2.0,20.32,587.0,714.0,0.0,0.0,1.0,1.0,0.0
11598,2016.0,2.0,20.32,588.0,714.0,0.0,0.0,1.0,1.0,0.0
11599,2016.0,2.0,20.32,589.0,714.0,0.0,0.0,1.0,1.0,0.0
11600,2016.0,2.0,20.32,590.0,714.0,0.0,0.0,1.0,1.0,0.0
11601,2016.0,2.0,20.32,591.0,714.0,0.0,0.0,1.0,1.0,0.0
11602,2016.0,2.0,20.32,592.0,714.0,0.0,0.0,1.0,1.0,0.0
11603,2016.0,2.0,20.32,593.0,714.0,0.0,0.0,1.0,1.0,0.0
11604,2016.0,2.0,20.32,594.0,714.0,0.0,0.0,1.0,1.0,0.0
11605,2016.0,2.0,20.32,595.0,714.0,0.0,0.0,1.0,1.0,0.0
11606,2016.0,2.0,20.32,596.0,714.0,0.0,0.0,1.0,1.0,0.0
11607,2016.0,2.0,20.32,597.0,714.0,0.0,0.0,1.0,1.0,0.0
11608,2016.0,2.0,20.32,598.0,714.0,0.0,0.0,1.0,1.0,0.0
11609,2016.0,2.0,20.32,599.0,714.0,0.0,0.0,1.0,1.0,0.0
11610,2016.0,2.0,20.32,600.0,714.0,0.0,0.0,1.0,1.0,0.0
11611,2016.0,2.0,20.32,601.0,714.0,0.0,0.0,1.0,1.0,0.0
11612,2016.0,2.0,20.32,602.0,714.0,0.0,0.0,1.0,1.0,0.0
11613,2016.0,2.0,20.32,603.0,714.0,0.0,0.0,1.0,1.0,0.0
11614,2016.0,2.0,20.32,604.0,714.0,0.0,0.0,1.0,1.0,0.0
11615,2016.0,2.0,20.32,605.0,731.0,0.0,0.0,1.0,1.0,0.0
11616,2016.0,2.0,1.0,1.0,710.0,1.0,1.0,2.0,1.0,1.40845070422535
11617,2016.0,2.0,5.0,2.0,697.0,0.0,0.0,2.0,1.0,0.0
11618,2016.0,2.0,5.0,3.0,697.0,0.0,0.0,2.0,1.0,0.0
11619,2016.0,2.0,5.0,4.0,697.0,0.0,0.0,2.0,1.0,0.0
11620,2016.0,2.0,5.0,5.0,697.0,0.0,0.0,2.0,1.0,0.0
11621,2016.0,2.0,5.0,6.0,697.0,0.0,0.0,2.0,1.0,0.0
11622,2016.0,2.0,5.0,7.0,697.0,0.0,0.0,2.0,1.0,0.0
11623,2016.0,2.0,5.0,8.0,697.0,0.0,0.0,2.0,1.0,0.0
11624,2016.0,2.0,5.0,9.0,697.0,0.0,0.0,2.0,1.0,0.0
11625,2016.0,2.0,5.0,10.0,697.0,0.0,0.0,2.0,1.0,0.0
11626,2016.0,2.0,5.0,11.0,697.0,0.0,0.0,2.0,1.0,0.0
11627,2016.0,2.0,5.0,12.0,697.0,0.0,0.0,2.0,1.0,0.0
11628,2016.0,2.0,5.0,13.0,697.0,0.0,0.0,2.0,1.0,0.0
11629,2016.0,2.0,5.0,14.0,697.0,0.0,0.0,2.0,1.0,0.0
11630,2016.0,2.0,5.0,15.0,697.0,0.0,0.0,2.0,1.0,0.0
11631,2016.0,2.0,5.0,16.0,697.0,0.0,0.0,2.0,1.0,0.0
11632,2016.0,2.0,5.0,17.0,697.0,0.0,0.0,2.0,1.0,0.0
11633,2016.0,2.0,5.0,18.0,697.0,0.0,0.0,2.0,1.0,0.0
11634,2016.0,2.0,5.0,19.0,697.0,0.0,0.0,2.0,1.0,0.0
11635,2016.0,2.0,5.0,20.0,697.0,0.0,0.0,2.0,1.0,0.0
11636,2016.0,2.0,5.0,21.0,697.0,0.0,0.0,2.0,1.0,0.0
11637,2016.0,2.0,5.0,22.0,697.0,0.0,0.0,2.0,1.0,0.0
11638,2016.0,2.0,5.0,23.0,697.0,0.0,0.0,2.0,1.0,0.0
11639,2016.0,2.0,5.0,24.0,697.0,0.0,0.0,2.0,1.0,0.0
11640,2016.0,2.0,5.0,25.0,697.0,0.0,0.0,2.0,1.0,0.0
11641,2016.0,2.0,5.0,26.0,697.0,0.0,0.0,2.0,1.0,0.0
11642,2016.0,2.0,5.0,27.0,697.0,0.0,0.0,2.0,1.0,0.0
11643,2016.0,2.0,5.0,28.0,697.0,0.0,0.0,2.0,1.0,0.0
11644,2016.0,2.0,5.0,29.0,697.0,0.0,0.0,2.0,1.0,0.0
11645,2016.0,2.0,5.0,30.0,697.0,0.0,0.0,2.0,1.0,0.0
11646,2016.0,2.0,5.0,31.0,697.0,0.0,0.0,2.0,1.0,0.0
11647,2016.0,2.0,5.0,32.0,697.0,0.0,0.0,2.0,1.0,0.0
11648,2016.0,2.0,5.0,33.0,697.0,0.0,0.0,2.0,1.0,0.0
11649,2016.0,2.0,5.0,34.0,697.0,0.0,0.0,2.0,1.0,0.0
11650,2016.0,2.0,5.0,35.0,697.0,0.0,0.0,2.0,1.0,0.0
11651,2016.0,2.0,5.0,36.0,697.0,0.0,0.0,2.0,1.0,0.0
11652,2016.0,2.0,5.0,37.0,697.0,0.0,0.0,2.0,1.0,0.0
11653,2016.0,2.0,5.0,38.0,697.0,0.0,0.0,2.0,1.0,0.0
11654,2016.0,2.0,5.0,39.0,697.0,0.0,0.0,2.0,1.0,0.0
11655,2016.0,2.0,5.0,40.0,697.0,0.0,0.0,2.0,1.0,0.0
11656,2016.0,2.0,5.0,41.0,697.0,0.0,0.0,2.0,1.0,0.0
11657,2016.0,2.0,5.0,42.0,697.0,0.0,0.0,2.0,1.0,0.0
11658,2016.0,2.0,5.0,43.0,697.0,0.0,0.0,2.0,1.0,0.0
11659,2016.0,2.0,5.0,44.0,697.0,0.0,0.0,2.0,1.0,0.0
11660,2016.0,2.0,5.0,45.0,697.0,0.0,0.0,2.0,1.0,0.0
11661,2016.0,2.0,5.0,46.0,697.0,0.0,0.0,2.0,1.0,0.0
11662,2016.0,2.0,5.0,47.0,697.0,0.0,0.0,2.0,1.0,0.0
11663,2016.0,2.0,5.0,48.0,697.0,0.0,0.0,2.0,1.0,0.0
11664,2016.0,2.0,5.0,49.0,697.0,0.0,0.0,2.0,1.0,0.0
11665,2016.0,2.0,5.0,50.0,697.0,0.0,0.0,2.0,1.0,0.0
11666,2016.0,2.0,5.0,51.0,697.0,0.0,0.0,2.0,1.0,0.0
11667,2016.0,2.0,5.0,52.0,697.0,0.0,0.0,2.0,1.0,0.0
11668,2016.0,2.0,5.0,53.0,697.0,0.0,0.0,2.0,1.0,0.0
11669,2016.0,2.0,5.0,54.0,697.0,0.0,0.0,2.0,1.0,0.0
11670,2016.0,2.0,5.0,55.0,697.0,0.0,0.0,2.0,1.0,0.0
11671,2016.0,2.0,5.0,56.0,697.0,0.0,0.0,2.0,1.0,0.0
11672,2016.0,2.0,5.0,57.0,697.0,0.0,0.0,2.0,1.0,0.0
11673,2016.0,2.0,5.0,58.0,697.0,0.0,0.0,2.0,1.0,0.0
11674,2016.0,2.0,5.0,59.0,697.0,0.0,0.0,2.0,1.0,0.0
11675,2016.0,2.0,5.0,60.0,697.0,0.0,0.0,2.0,1.0,0.0
11676,2016.0,2.0,5.0,61.0,697.0,0.0,0.0,2.0,1.0,0.0
11677,2016.0,2.0,5.0,62.0,697.0,0.0,0.0,2.0,1.0,0.0
11678,2016.0,2.0,5.0,63.0,697.0,0.0,0.0,2.0,1.0,0.0
11679,2016.0,2.0,5.0,64.0,697.0,0.0,0.0,2.0,1.0,0.0
11680,2016.0,2.0,5.0,65.0,697.0,0.0,0.0,2.0,1.0,0.0
11681,2016.0,2.0,5.0,66.0,697.0,0.0,0.0,2.0,1.0,0.0
11682,2016.0,2.0,5.0,67.0,697.0,0.0,0.0,2.0,1.0,0.0
11683,2016.0,2.0,5.0,68.0,697.0,0.0,0.0,2.0,1.0,0.0
11684,2016.0,2.0,5.0,69.0,697.0,0.0,0.0,2.0,1.0,0.0
11685,2016.0,2.0,5.0,70.0,697.0,0.0,0.0,2.0,1.0,0.0
11686,2016.0,2.0,5.0,71.0,697.0,0.0,0.0,2.0,1.0,0.0
11687,2016.0,2.0,5.0,72.0,697.0,0.0,0.0,2.0,1.0,0.0
11688,2016.0,2.0,5.0,73.0,697.0,0.0,0.0,2.0,1.0,0.0
11689,2016.0,2.0,5.0,74.0,697.0,0.0,0.0,2.0,1.0,0.0
11690,2016.0,2.0,5.0,75.0,697.0,0.0,0.0,2.0,1.0,0.0
11691,2016.0,2.0,5.0,76.0,697.0,0.0,0.0,2.0,1.0,0.0
11692,2016.0,2.0,5.0,77.0,697.0,0.0,0.0,2.0,1.0,0.0
11693,2016.0,2.0,5.0,78.0,697.0,0.0,0.0,2.0,1.0,0.0
11694,2016.0,2.0,5.0,79.0,697.0,0.0,0.0,2.0,1.0,0.0
11695,2016.0,2.0,5.0,80.0,697.0,0.0,0.0,2.0,1.0,0.0
11696,2016.0,2.0,5.0,81.0,697.0,0.0,0.0,2.0,1.0,0.0
11697,2016.0,2.0,5.0,82.0,697.0,0.0,0.0,2.0,1.0,0.0
11698,2016.0,2.0,5.0,83.0,697.0,0.0,0.0,2.0,1.0,0.0
11699,2016.0,2.0,5.0,84.0,697.0,0.0,0.0,2.0,1.0,0.0
11700,2016.0,2.0,5.0,85.0,697.0,0.0,0.0,2.0,1.0,0.0
11701,2016.0,2.0,5.0,86.0,697.0,0.0,0.0,2.0,1.0,0.0
11702,2016.0,2.0,5.0,87.0,697.0,0.0,0.0,2.0,1.0,0.0
11703,2016.0,2.0,5.0,88.0,697.0,0.0,0.0,2.0,1.0,0.0
11704,2016.0,2.0,5.0,89.0,697.0,0.0,0.0,2.0,1.0,0.0
11705,2016.0,2.0,5.0,90.0,697.0,0.0,0.0,2.0,1.0,0.0
11706,2016.0,2.0,5.0,91.0,697.0,0.0,0.0,2.0,1.0,0.0
11707,2016.0,2.0,5.0,92.0,697.0,0.0,0.0,2.0,1.0,0.0
11708,2016.0,2.0,5.0,93.0,697.0,0.0,0.0,2.0,1.0,0.0
11709,2016.0,2.0,5.0,94.0,697.0,0.0,0.0,2.0,1.0,0.0
11710,2016.0,2.0,5.0,95.0,697.0,0.0,0.0,2.0,1.0,0.0
11711,2016.0,2.0,5.0,96.0,697.0,0.0,0.0,2.0,1.0,0.0
11712,2016.0,2.0,5.0,97.0,697.0,0.0,0.0,2.0,1.0,0.0
11713,2016.0,2.0,5.0,98.0,697.0,0.0,0.0,2.0,1.0,0.0
11714,2016.0,2.0,5.0,99.0,697.0,0.0,0.0,2.0,1.0,0.0
11715,2016.0,2.0,5.0,100.0,697.0,0.0,0.0,2.0,1.0,0.0
11716,2016.0,2.0,5.0,101.0,697.0,0.0,0.0,2.0,1.0,0.0
11717,2016.0,2.0,5.0,102.0,697.0,0.0,0.0,2.0,1.0,0.0
11718,2016.0,2.0,5.0,103.0,697.0,0.0,0.0,2.0,1.0,0.0
11719,2016.0,2.0,5.0,104.0,697.0,0.0,0.0,2.0,1.0,0.0
11720,2016.0,2.0,5.0,105.0,697.0,0.0,0.0,2.0,1.0,0.0
11721,2016.0,2.0,5.0,106.0,697.0,0.0,0.0,2.0,1.0,0.0
11722,2016.0,2.0,5.0,107.0,697.0,0.0,0.0,2.0,1.0,0.0
11723,2016.0,2.0,5.0,108.0,697.0,0.0,0.0,2.0,1.0,0.0
11724,2016.0,2.0,5.0,109.0,697.0,0.0,0.0,2.0,1.0,0.0
11725,2016.0,2.0,5.0,110.0,697.0,0.0,0.0,2.0,1.0,0.0
11726,2016.0,2.0,5.0,111.0,699.0,0.0,0.0,2.0,1.0,0.0
11727,2017.0,1.0,7.95,1.0,661.0,0.0,0.0,1.0,1.0,0.0
11728,2017.0,1.0,7.95,2.0,661.0,0.0,0.0,1.0,1.0,0.0
11729,2017.0,1.0,7.95,3.0,661.0,0.0,0.0,1.0,1.0,0.0
11730,2017.0,1.0,7.95,4.0,661.0,0.0,0.0,1.0,1.0,0.0
11731,2017.0,1.0,7.95,5.0,661.0,0.0,0.0,1.0,1.0,0.0
11732,2017.0,1.0,7.95,6.0,661.0,0.0,0.0,1.0,1.0,0.0
11733,2017.0,1.0,7.95,7.0,661.0,0.0,0.0,1.0,1.0,0.0
11734,2017.0,1.0,7.95,8.0,661.0,0.0,0.0,1.0,1.0,0.0
11735,2017.0,1.0,7.95,9.0,661.0,0.0,0.0,1.0,1.0,0.0
11736,2017.0,1.0,7.95,10.0,661.0,0.0,0.0,1.0,1.0,0.0
11737,2017.0,1.0,7.95,11.0,661.0,0.0,0.0,1.0,1.0,0.0
11738,2017.0,1.0,7.95,12.0,661.0,0.0,0.0,1.0,1.0,0.0
11739,2017.0,1.0,7.95,13.0,661.0,0.0,0.0,1.0,1.0,0.0
11740,2017.0,1.0,7.95,14.0,661.0,0.0,0.0,1.0,1.0,0.0
11741,2017.0,1.0,7.95,15.0,661.0,0.0,0.0,1.0,1.0,0.0
11742,2017.0,1.0,7.95,16.0,661.0,0.0,0.0,1.0,1.0,0.0
11743,2017.0,1.0,7.95,17.0,661.0,0.0,0.0,1.0,1.0,0.0
11744,2017.0,1.0,7.95,18.0,661.0,0.0,0.0,1.0,1.0,0.0
11745,2017.0,1.0,7.95,19.0,661.0,0.0,0.0,1.0,1.0,0.0
11746,2017.0,1.0,7.95,20.0,661.0,0.0,0.0,1.0,1.0,0.0
11747,2017.0,1.0,7.95,21.0,661.0,0.0,0.0,1.0,1.0,0.0
11748,2017.0,1.0,7.95,22.0,661.0,0.0,0.0,1.0,1.0,0.0
11749,2017.0,1.0,7.95,23.0,661.0,0.0,0.0,1.0,1.0,0.0
11750,2017.0,1.0,7.95,24.0,661.0,0.0,0.0,1.0,1.0,0.0
11751,2017.0,1.0,7.95,25.0,661.0,0.0,0.0,1.0,1.0,0.0
11752,2017.0,1.0,7.95,26.0,661.0,0.0,0.0,1.0,1.0,0.0
11753,2017.0,1.0,7.95,27.0,661.0,0.0,0.0,1.0,1.0,0.0
11754,2017.0,1.0,7.95,28.0,661.0,0.0,0.0,1.0,1.0,0.0
11755,2017.0,1.0,7.95,29.0,661.0,0.0,0.0,1.0,1.0,0.0
11756,2017.0,1.0,7.95,30.0,661.0,0.0,0.0,1.0,1.0,0.0
11757,2017.0,1.0,7.95,31.0,661.0,0.0,0.0,1.0,1.0,0.0
11758,2017.0,1.0,7.95,32.0,661.0,0.0,0.0,1.0,1.0,0.0
11759,2017.0,1.0,7.95,33.0,661.0,0.0,0.0,1.0,1.0,0.0
11760,2017.0,1.0,7.95,34.0,661.0,0.0,0.0,1.0,1.0,0.0
11761,2017.0,1.0,7.95,35.0,661.0,0.0,0.0,1.0,1.0,0.0
11762,2017.0,1.0,7.95,36.0,661.0,0.0,0.0,1.0,1.0,0.0
11763,2017.0,1.0,7.95,37.0,661.0,0.0,0.0,1.0,1.0,0.0
11764,2017.0,1.0,7.95,38.0,661.0,0.0,0.0,1.0,1.0,0.0
11765,2017.0,1.0,7.95,39.0,661.0,0.0,0.0,1.0,1.0,0.0
11766,2017.0,1.0,7.95,40.0,661.0,0.0,0.0,1.0,1.0,0.0
11767,2017.0,1.0,7.95,41.0,661.0,0.0,0.0,1.0,1.0,0.0
11768,2017.0,1.0,7.95,42.0,661.0,0.0,0.0,1.0,1.0,0.0
11769,2017.0,1.0,7.95,43.0,661.0,0.0,0.0,1.0,1.0,0.0
11770,2017.0,1.0,7.95,44.0,661.0,0.0,0.0,1.0,1.0,0.0
11771,2017.0,1.0,7.95,45.0,661.0,0.0,0.0,1.0,1.0,0.0
11772,2017.0,1.0,7.95,46.0,661.0,0.0,0.0,1.0,1.0,0.0
11773,2017.0,1.0,7.95,47.0,661.0,0.0,0.0,1.0,1.0,0.0
11774,2017.0,1.0,7.95,48.0,661.0,0.0,0.0,1.0,1.0,0.0
11775,2017.0,1.0,7.95,49.0,661.0,0.0,0.0,1.0,1.0,0.0
11776,2017.0,1.0,7.95,50.0,661.0,0.0,0.0,1.0,1.0,0.0
11777,2017.0,1.0,7.95,51.0,661.0,0.0,0.0,1.0,1.0,0.0
11778,2017.0,1.0,7.95,52.0,661.0,0.0,0.0,1.0,1.0,0.0
11779,2017.0,1.0,7.95,53.0,661.0,0.0,0.0,1.0,1.0,0.0
11780,2017.0,1.0,7.95,54.0,661.0,0.0,0.0,1.0,1.0,0.0
11781,2017.0,1.0,7.95,55.0,661.0,0.0,0.0,1.0,1.0,0.0
11782,2017.0,1.0,7.95,56.0,661.0,0.0,0.0,1.0,1.0,0.0
11783,2017.0,1.0,7.95,57.0,661.0,0.0,0.0,1.0,1.0,0.0
11784,2017.0,1.0,7.95,58.0,661.0,0.0,0.0,1.0,1.0,0.0
11785,2017.0,1.0,7.95,59.0,661.0,0.0,0.0,1.0,1.0,0.0
11786,2017.0,1.0,7.95,60.0,661.0,0.0,0.0,1.0,1.0,0.0
11787,2017.0,1.0,7.95,61.0,661.0,0.0,0.0,1.0,1.0,0.0
11788,2017.0,1.0,7.95,62.0,661.0,0.0,0.0,1.0,1.0,0.0
11789,2017.0,1.0,7.95,63.0,661.0,0.0,0.0,1.0,1.0,0.0
11790,2017.0,1.0,7.95,64.0,661.0,0.0,0.0,1.0,1.0,0.0
11791,2017.0,1.0,7.95,65.0,661.0,0.0,0.0,1.0,1.0,0.0
11792,2017.0,1.0,7.95,66.0,661.0,0.0,0.0,1.0,1.0,0.0
11793,2017.0,1.0,7.95,67.0,661.0,0.0,0.0,1.0,1.0,0.0
11794,2017.0,1.0,7.95,68.0,661.0,0.0,0.0,1.0,1.0,0.0
11795,2017.0,1.0,7.95,69.0,661.0,0.0,0.0,1.0,1.0,0.0
11796,2017.0,1.0,7.95,70.0,661.0,0.0,0.0,1.0,1.0,0.0
11797,2017.0,1.0,7.95,71.0,661.0,0.0,0.0,1.0,1.0,0.0
11798,2017.0,1.0,7.95,72.0,661.0,0.0,0.0,1.0,1.0,0.0
11799,2017.0,1.0,7.95,73.0,661.0,0.0,0.0,1.0,1.0,0.0
11800,2017.0,1.0,7.95,74.0,661.0,0.0,0.0,1.0,1.0,0.0
11801,2017.0,1.0,7.95,75.0,661.0,0.0,0.0,1.0,1.0,0.0
11802,2017.0,1.0,7.95,76.0,661.0,0.0,0.0,1.0,1.0,0.0
11803,2017.0,1.0,7.95,77.0,661.0,0.0,0.0,1.0,1.0,0.0
11804,2017.0,1.0,7.95,78.0,661.0,0.0,0.0,1.0,1.0,0.0
11805,2017.0,1.0,7.95,79.0,661.0,0.0,0.0,1.0,1.0,0.0
11806,2017.0,1.0,7.95,80.0,661.0,0.0,0.0,1.0,1.0,0.0
11807,2017.0,1.0,7.95,81.0,661.0,0.0,0.0,1.0,1.0,0.0
11808,2017.0,1.0,7.95,82.0,661.0,0.0,0.0,1.0,1.0,0.0
11809,2017.0,1.0,7.95,83.0,661.0,0.0,0.0,1.0,1.0,0.0
11810,2017.0,1.0,7.95,84.0,661.0,0.0,0.0,1.0,1.0,0.0
11811,2017.0,1.0,7.95,85.0,661.0,0.0,0.0,1.0,1.0,0.0
11812,2017.0,1.0,7.95,86.0,661.0,0.0,0.0,1.0,1.0,0.0
11813,2017.0,1.0,7.95,87.0,661.0,0.0,0.0,1.0,1.0,0.0
11814,2017.0,1.0,7.95,88.0,661.0,0.0,0.0,1.0,1.0,0.0
11815,2017.0,1.0,7.95,89.0,661.0,0.0,0.0,1.0,1.0,0.0
11816,2017.0,1.0,7.95,90.0,661.0,0.0,0.0,1.0,1.0,0.0
11817,2017.0,1.0,7.95,91.0,661.0,0.0,0.0,1.0,1.0,0.0
11818,2017.0,1.0,7.95,92.0,661.0,0.0,0.0,1.0,1.0,0.0
11819,2017.0,1.0,7.95,93.0,661.0,0.0,0.0,1.0,1.0,0.0
11820,2017.0,1.0,7.95,94.0,661.0,0.0,0.0,1.0,1.0,0.0
11821,2017.0,1.0,7.95,95.0,661.0,0.0,0.0,1.0,1.0,0.0
11822,2017.0,1.0,7.95,96.0,661.0,0.0,0.0,1.0,1.0,0.0
11823,2017.0,1.0,7.95,97.0,661.0,0.0,0.0,1.0,1.0,0.0
11824,2017.0,1.0,7.95,98.0,661.0,0.0,0.0,1.0,1.0,0.0
11825,2017.0,1.0,7.95,99.0,661.0,0.0,0.0,1.0,1.0,0.0
11826,2017.0,1.0,7.95,100.0,661.0,0.0,0.0,1.0,1.0,0.0
11827,2017.0,1.0,7.95,101.0,661.0,0.0,0.0,1.0,1.0,0.0
11828,2017.0,1.0,7.95,102.0,661.0,0.0,0.0,1.0,1.0,0.0
11829,2017.0,1.0,7.95,103.0,661.0,0.0,0.0,1.0,1.0,0.0
11830,2017.0,1.0,7.95,104.0,661.0,0.0,0.0,1.0,1.0,0.0
11831,2017.0,1.0,7.95,105.0,661.0,0.0,0.0,1.0,1.0,0.0
11832,2017.0,1.0,7.95,106.0,661.0,0.0,0.0,1.0,1.0,0.0
11833,2017.0,1.0,7.95,107.0,661.0,0.0,0.0,1.0,1.0,0.0
11834,2017.0,1.0,7.95,108.0,661.0,0.0,0.0,1.0,1.0,0.0
11835,2017.0,1.0,7.95,109.0,661.0,0.0,0.0,1.0,1.0,0.0
11836,2017.0,1.0,7.95,110.0,661.0,0.0,0.0,1.0,1.0,0.0
11837,2017.0,1.0,7.95,111.0,661.0,0.0,0.0,1.0,1.0,0.0
11838,2017.0,1.0,7.95,112.0,661.0,0.0,0.0,1.0,1.0,0.0
11839,2017.0,1.0,7.95,113.0,661.0,0.0,0.0,1.0,1.0,0.0
11840,2017.0,1.0,7.95,114.0,661.0,0.0,0.0,1.0,1.0,0.0
11841,2017.0,1.0,7.95,115.0,661.0,0.0,0.0,1.0,1.0,0.0
11842,2017.0,1.0,7.95,116.0,661.0,0.0,0.0,1.0,1.0,0.0
11843,2017.0,1.0,7.95,117.0,661.0,0.0,0.0,1.0,1.0,0.0
11844,2017.0,1.0,7.95,118.0,661.0,0.0,0.0,1.0,1.0,0.0
11845,2017.0,1.0,7.95,119.0,661.0,0.0,0.0,1.0,1.0,0.0
11846,2017.0,1.0,7.95,120.0,661.0,0.0,0.0,1.0,1.0,0.0
11847,2017.0,1.0,7.95,121.0,661.0,0.0,0.0,1.0,1.0,0.0
11848,2017.0,1.0,7.95,122.0,661.0,0.0,0.0,1.0,1.0,0.0
11849,2017.0,1.0,7.95,123.0,661.0,0.0,0.0,1.0,1.0,0.0
11850,2017.0,1.0,7.95,124.0,661.0,0.0,0.0,1.0,1.0,0.0
11851,2017.0,1.0,7.95,125.0,661.0,0.0,0.0,1.0,1.0,0.0
11852,2017.0,1.0,7.95,126.0,661.0,0.0,0.0,1.0,1.0,0.0
11853,2017.0,1.0,7.95,127.0,661.0,0.0,0.0,1.0,1.0,0.0
11854,2017.0,1.0,7.95,128.0,661.0,0.0,0.0,1.0,1.0,0.0
11855,2017.0,1.0,7.95,129.0,661.0,0.0,0.0,1.0,1.0,0.0
11856,2017.0,1.0,7.95,130.0,661.0,0.0,0.0,1.0,1.0,0.0
11857,2017.0,1.0,7.95,131.0,661.0,0.0,0.0,1.0,1.0,0.0
11858,2017.0,1.0,7.95,132.0,661.0,0.0,0.0,1.0,1.0,0.0
11859,2017.0,1.0,7.95,133.0,661.0,0.0,0.0,1.0,1.0,0.0
11860,2017.0,1.0,7.95,134.0,661.0,0.0,0.0,1.0,1.0,0.0
11861,2017.0,1.0,7.95,135.0,661.0,0.0,0.0,1.0,1.0,0.0
11862,2017.0,1.0,7.95,136.0,661.0,0.0,0.0,1.0,1.0,0.0
11863,2017.0,1.0,7.95,137.0,661.0,0.0,0.0,1.0,1.0,0.0
11864,2017.0,1.0,7.95,138.0,661.0,0.0,0.0,1.0,1.0,0.0
11865,2017.0,1.0,7.95,139.0,661.0,0.0,0.0,1.0,1.0,0.0
11866,2017.0,1.0,7.95,140.0,661.0,0.0,0.0,1.0,1.0,0.0
11867,2017.0,1.0,7.95,141.0,661.0,0.0,0.0,1.0,1.0,0.0
11868,2017.0,1.0,7.95,142.0,661.0,0.0,0.0,1.0,1.0,0.0
11869,2017.0,1.0,7.95,143.0,661.0,0.0,0.0,1.0,1.0,0.0
11870,2017.0,1.0,7.95,144.0,661.0,0.0,0.0,1.0,1.0,0.0
11871,2017.0,1.0,7.95,145.0,661.0,0.0,0.0,1.0,1.0,0.0
11872,2017.0,1.0,7.95,146.0,661.0,0.0,0.0,1.0,1.0,0.0
11873,2017.0,1.0,7.95,147.0,661.0,0.0,0.0,1.0,1.0,0.0
11874,2017.0,1.0,7.95,148.0,661.0,0.0,0.0,1.0,1.0,0.0
11875,2017.0,1.0,7.95,149.0,661.0,0.0,0.0,1.0,1.0,0.0
11876,2017.0,1.0,7.95,150.0,661.0,0.0,0.0,1.0,1.0,0.0
11877,2017.0,1.0,7.95,151.0,661.0,0.0,0.0,1.0,1.0,0.0
11878,2017.0,1.0,7.95,152.0,661.0,0.0,0.0,1.0,1.0,0.0
11879,2017.0,1.0,7.95,153.0,661.0,0.0,0.0,1.0,1.0,0.0
11880,2017.0,1.0,7.95,154.0,661.0,0.0,0.0,1.0,1.0,0.0
11881,2017.0,1.0,7.95,155.0,661.0,0.0,0.0,1.0,1.0,0.0
11882,2017.0,1.0,7.95,156.0,661.0,0.0,0.0,1.0,1.0,0.0
11883,2017.0,1.0,7.95,157.0,661.0,0.0,0.0,1.0,1.0,0.0
11884,2017.0,1.0,7.95,158.0,661.0,0.0,0.0,1.0,1.0,0.0
11885,2017.0,1.0,7.95,159.0,661.0,0.0,0.0,1.0,1.0,0.0
11886,2017.0,1.0,7.95,160.0,661.0,0.0,0.0,1.0,1.0,0.0
11887,2017.0,1.0,7.95,161.0,661.0,0.0,0.0,1.0,1.0,0.0
11888,2017.0,1.0,7.95,162.0,661.0,0.0,0.0,1.0,1.0,0.0
11889,2017.0,1.0,7.95,163.0,661.0,0.0,0.0,1.0,1.0,0.0
11890,2017.0,1.0,7.95,164.0,661.0,0.0,0.0,1.0,1.0,0.0
11891,2017.0,1.0,7.95,165.0,661.0,0.0,0.0,1.0,1.0,0.0
11892,2017.0,1.0,7.95,166.0,661.0,0.0,0.0,1.0,1.0,0.0
11893,2017.0,1.0,7.95,167.0,661.0,0.0,0.0,1.0,1.0,0.0
11894,2017.0,1.0,7.95,168.0,661.0,0.0,0.0,1.0,1.0,0.0
11895,2017.0,1.0,7.95,169.0,661.0,0.0,0.0,1.0,1.0,0.0
11896,2017.0,1.0,7.95,170.0,661.0,0.0,0.0,1.0,1.0,0.0
11897,2017.0,1.0,7.95,171.0,661.0,0.0,0.0,1.0,1.0,0.0
11898,2017.0,1.0,7.95,172.0,661.0,0.0,0.0,1.0,1.0,0.0
11899,2017.0,1.0,7.95,173.0,661.0,0.0,0.0,1.0,1.0,0.0
11900,2017.0,1.0,7.95,174.0,661.0,0.0,0.0,1.0,1.0,0.0
11901,2017.0,1.0,7.95,175.0,661.0,0.0,0.0,1.0,1.0,0.0
11902,2017.0,1.0,7.95,176.0,661.0,0.0,0.0,1.0,1.0,0.0
11903,2017.0,1.0,7.95,177.0,661.0,0.0,0.0,1.0,1.0,0.0
11904,2017.0,1.0,7.95,178.0,661.0,0.0,0.0,1.0,1.0,0.0
11905,2017.0,1.0,7.95,179.0,661.0,0.0,0.0,1.0,1.0,0.0
11906,2017.0,1.0,7.95,180.0,661.0,0.0,0.0,1.0,1.0,0.0
11907,2017.0,1.0,7.95,181.0,661.0,0.0,0.0,1.0,1.0,0.0
11908,2017.0,1.0,7.95,182.0,661.0,0.0,0.0,1.0,1.0,0.0
11909,2017.0,1.0,7.95,183.0,661.0,0.0,0.0,1.0,1.0,0.0
11910,2017.0,1.0,7.95,184.0,661.0,0.0,0.0,1.0,1.0,0.0
11911,2017.0,1.0,7.95,185.0,661.0,0.0,0.0,1.0,1.0,0.0
11912,2017.0,1.0,7.95,186.0,661.0,0.0,0.0,1.0,1.0,0.0
11913,2017.0,1.0,7.95,187.0,661.0,0.0,0.0,1.0,1.0,0.0
11914,2017.0,1.0,7.95,188.0,661.0,0.0,0.0,1.0,1.0,0.0
11915,2017.0,1.0,7.95,189.0,661.0,0.0,0.0,1.0,1.0,0.0
11916,2017.0,1.0,7.95,190.0,661.0,0.0,0.0,1.0,1.0,0.0
11917,2017.0,1.0,7.95,191.0,661.0,0.0,0.0,1.0,1.0,0.0
11918,2017.0,1.0,7.95,192.0,661.0,0.0,0.0,1.0,1.0,0.0
11919,2017.0,1.0,7.95,193.0,700.0,0.0,0.0,1.0,1.0,0.0
11920,2017.0,2.0,1.0,1.0,698.0,1.0,1.0,1.0,1.0,1.43266475644699
11921,2017.0,2.0,5.9,2.0,701.0,0.0,0.0,1.0,1.0,0.0
11922,2017.0,2.0,5.9,3.0,701.0,0.0,0.0,1.0,1.0,0.0
11923,2017.0,2.0,5.9,4.0,701.0,0.0,0.0,1.0,1.0,0.0
11924,2017.0,2.0,5.9,5.0,701.0,0.0,0.0,1.0,1.0,0.0
11925,2017.0,2.0,5.9,6.0,701.0,0.0,0.0,1.0,1.0,0.0
11926,2017.0,2.0,5.9,7.0,701.0,0.0,0.0,1.0,1.0,0.0
11927,2017.0,2.0,5.9,8.0,701.0,0.0,0.0,1.0,1.0,0.0
11928,2017.0,2.0,5.9,9.0,701.0,0.0,0.0,1.0,1.0,0.0
11929,2017.0,2.0,5.9,10.0,701.0,0.0,0.0,1.0,1.0,0.0
11930,2017.0,2.0,5.9,11.0,701.0,0.0,0.0,1.0,1.0,0.0
11931,2017.0,2.0,5.9,12.0,701.0,0.0,0.0,1.0,1.0,0.0
11932,2017.0,2.0,5.9,13.0,701.0,0.0,0.0,1.0,1.0,0.0
11933,2017.0,2.0,5.9,14.0,701.0,0.0,0.0,1.0,1.0,0.0
11934,2017.0,2.0,5.9,15.0,701.0,0.0,0.0,1.0,1.0,0.0
11935,2017.0,2.0,5.9,16.0,701.0,0.0,0.0,1.0,1.0,0.0
11936,2017.0,2.0,5.9,17.0,701.0,0.0,0.0,1.0,1.0,0.0
11937,2017.0,2.0,5.9,18.0,701.0,0.0,0.0,1.0,1.0,0.0
11938,2017.0,2.0,5.9,19.0,701.0,0.0,0.0,1.0,1.0,0.0
11939,2017.0,2.0,5.9,20.0,701.0,0.0,0.0,1.0,1.0,0.0
11940,2017.0,2.0,5.9,21.0,701.0,0.0,0.0,1.0,1.0,0.0
11941,2017.0,2.0,5.9,22.0,701.0,0.0,0.0,1.0,1.0,0.0
11942,2017.0,2.0,5.9,23.0,701.0,0.0,0.0,1.0,1.0,0.0
11943,2017.0,2.0,5.9,24.0,701.0,0.0,0.0,1.0,1.0,0.0
11944,2017.0,2.0,5.9,25.0,701.0,0.0,0.0,1.0,1.0,0.0
11945,2017.0,2.0,5.9,26.0,701.0,0.0,0.0,1.0,1.0,0.0
11946,2017.0,2.0,5.9,27.0,701.0,0.0,0.0,1.0,1.0,0.0
11947,2017.0,2.0,5.9,28.0,701.0,0.0,0.0,1.0,1.0,0.0
11948,2017.0,2.0,5.9,29.0,701.0,0.0,0.0,1.0,1.0,0.0
11949,2017.0,2.0,5.9,30.0,701.0,0.0,0.0,1.0,1.0,0.0
11950,2017.0,2.0,5.9,31.0,701.0,0.0,0.0,1.0,1.0,0.0
11951,2017.0,2.0,5.9,32.0,701.0,0.0,0.0,1.0,1.0,0.0
11952,2017.0,2.0,5.9,33.0,701.0,0.0,0.0,1.0,1.0,0.0
11953,2017.0,2.0,5.9,34.0,701.0,0.0,0.0,1.0,1.0,0.0
11954,2017.0,2.0,5.9,35.0,701.0,0.0,0.0,1.0,1.0,0.0
11955,2017.0,2.0,5.9,36.0,701.0,0.0,0.0,1.0,1.0,0.0
11956,2017.0,2.0,5.9,37.0,701.0,0.0,0.0,1.0,1.0,0.0
11957,2017.0,2.0,5.9,38.0,701.0,0.0,0.0,1.0,1.0,0.0
11958,2017.0,2.0,5.9,39.0,701.0,0.0,0.0,1.0,1.0,0.0
11959,2017.0,2.0,5.9,40.0,701.0,0.0,0.0,1.0,1.0,0.0
11960,2017.0,2.0,5.9,41.0,701.0,0.0,0.0,1.0,1.0,0.0
11961,2017.0,2.0,5.9,42.0,701.0,0.0,0.0,1.0,1.0,0.0
11962,2017.0,2.0,5.9,43.0,701.0,0.0,0.0,1.0,1.0,0.0
11963,2017.0,2.0,5.9,44.0,701.0,0.0,0.0,1.0,1.0,0.0
11964,2017.0,2.0,5.9,45.0,701.0,0.0,0.0,1.0,1.0,0.0
11965,2017.0,2.0,5.9,46.0,701.0,0.0,0.0,1.0,1.0,0.0
11966,2017.0,2.0,5.9,47.0,701.0,0.0,0.0,1.0,1.0,0.0
11967,2017.0,2.0,5.9,48.0,701.0,0.0,0.0,1.0,1.0,0.0
11968,2017.0,2.0,5.9,49.0,701.0,0.0,0.0,1.0,1.0,0.0
11969,2017.0,2.0,5.9,50.0,701.0,0.0,0.0,1.0,1.0,0.0
11970,2017.0,2.0,5.9,51.0,701.0,0.0,0.0,1.0,1.0,0.0
11971,2017.0,2.0,5.9,52.0,701.0,0.0,0.0,1.0,1.0,0.0
11972,2017.0,2.0,5.9,53.0,701.0,0.0,0.0,1.0,1.0,0.0
11973,2017.0,2.0,5.9,54.0,701.0,0.0,0.0,1.0,1.0,0.0
11974,2017.0,2.0,5.9,55.0,701.0,0.0,0.0,1.0,1.0,0.0
11975,2017.0,2.0,5.9,56.0,701.0,0.0,0.0,1.0,1.0,0.0
11976,2017.0,2.0,5.9,57.0,701.0,0.0,0.0,1.0,1.0,0.0
11977,2017.0,2.0,5.9,58.0,701.0,0.0,0.0,1.0,1.0,0.0
11978,2017.0,2.0,5.9,59.0,701.0,0.0,0.0,1.0,1.0,0.0
11979,2017.0,2.0,5.9,60.0,701.0,0.0,0.0,1.0,1.0,0.0
11980,2017.0,2.0,5.9,61.0,701.0,0.0,0.0,1.0,1.0,0.0
11981,2017.0,2.0,5.9,62.0,701.0,0.0,0.0,1.0,1.0,0.0
11982,2017.0,2.0,5.9,63.0,701.0,0.0,0.0,1.0,1.0,0.0
11983,2017.0,2.0,5.9,64.0,701.0,0.0,0.0,1.0,1.0,0.0
11984,2017.0,2.0,5.9,65.0,701.0,0.0,0.0,1.0,1.0,0.0
11985,2017.0,2.0,5.9,66.0,701.0,0.0,0.0,1.0,1.0,0.0
11986,2017.0,2.0,5.9,67.0,701.0,0.0,0.0,1.0,1.0,0.0
11987,2017.0,2.0,5.9,68.0,701.0,0.0,0.0,1.0,1.0,0.0
11988,2017.0,2.0,5.9,69.0,701.0,0.0,0.0,1.0,1.0,0.0
11989,2017.0,2.0,5.9,70.0,701.0,0.0,0.0,1.0,1.0,0.0
11990,2017.0,2.0,5.9,71.0,701.0,0.0,0.0,1.0,1.0,0.0
11991,2017.0,2.0,5.9,72.0,701.0,0.0,0.0,1.0,1.0,0.0
11992,2017.0,2.0,5.9,73.0,701.0,0.0,0.0,1.0,1.0,0.0
11993,2017.0,2.0,5.9,74.0,701.0,0.0,0.0,1.0,1.0,0.0
11994,2017.0,2.0,5.9,75.0,701.0,0.0,0.0,1.0,1.0,0.0
11995,2017.0,2.0,5.9,76.0,701.0,0.0,0.0,1.0,1.0,0.0
11996,2017.0,2.0,5.9,77.0,701.0,0.0,0.0,1.0,1.0,0.0
11997,2017.0,2.0,5.9,78.0,701.0,0.0,0.0,1.0,1.0,0.0
11998,2017.0,2.0,5.9,79.0,701.0,0.0,0.0,1.0,1.0,0.0
11999,2017.0,2.0,5.9,80.0,701.0,0.0,0.0,1.0,1.0,0.0
12000,2017.0,2.0,5.9,81.0,701.0,0.0,0.0,1.0,1.0,0.0
12001,2017.0,2.0,5.9,82.0,701.0,0.0,0.0,1.0,1.0,0.0
12002,2017.0,2.0,5.9,83.0,701.0,0.0,0.0,1.0,1.0,0.0
12003,2017.0,2.0,5.9,84.0,701.0,0.0,0.0,1.0,1.0,0.0
12004,2017.0,2.0,5.9,85.0,701.0,0.0,0.0,1.0,1.0,0.0
12005,2017.0,2.0,5.9,86.0,701.0,0.0,0.0,1.0,1.0,0.0
12006,2017.0,2.0,5.9,87.0,701.0,0.0,0.0,1.0,1.0,0.0
12007,2017.0,2.0,5.9,88.0,701.0,0.0,0.0,1.0,1.0,0.0
12008,2017.0,2.0,5.9,89.0,701.0,0.0,0.0,1.0,1.0,0.0
12009,2017.0,2.0,5.9,90.0,701.0,0.0,0.0,1.0,1.0,0.0
12010,2017.0,2.0,5.9,91.0,701.0,0.0,0.0,1.0,1.0,0.0
12011,2017.0,2.0,5.9,92.0,701.0,0.0,0.0,1.0,1.0,0.0
12012,2017.0,2.0,5.9,93.0,701.0,0.0,0.0,1.0,1.0,0.0
12013,2017.0,2.0,5.9,94.0,701.0,0.0,0.0,1.0,1.0,0.0
12014,2017.0,2.0,5.9,95.0,701.0,0.0,0.0,1.0,1.0,0.0
12015,2017.0,2.0,5.9,96.0,701.0,0.0,0.0,1.0,1.0,0.0
12016,2017.0,2.0,5.9,97.0,701.0,0.0,0.0,1.0,1.0,0.0
12017,2017.0,2.0,5.9,98.0,701.0,0.0,0.0,1.0,1.0,0.0
12018,2017.0,2.0,5.9,99.0,701.0,0.0,0.0,1.0,1.0,0.0
12019,2017.0,2.0,5.9,100.0,701.0,0.0,0.0,1.0,1.0,0.0
12020,2017.0,2.0,5.9,101.0,701.0,0.0,0.0,1.0,1.0,0.0
12021,2017.0,2.0,5.9,102.0,701.0,0.0,0.0,1.0,1.0,0.0
12022,2017.0,2.0,5.9,103.0,701.0,0.0,0.0,1.0,1.0,0.0
12023,2017.0,2.0,5.9,104.0,701.0,0.0,0.0,1.0,1.0,0.0
12024,2017.0,2.0,5.9,105.0,701.0,0.0,0.0,1.0,1.0,0.0
12025,2017.0,2.0,5.9,106.0,701.0,0.0,0.0,1.0,1.0,0.0
12026,2017.0,2.0,5.9,107.0,701.0,0.0,0.0,1.0,1.0,0.0
12027,2017.0,2.0,5.9,108.0,701.0,0.0,0.0,1.0,1.0,0.0
12028,2017.0,2.0,5.9,109.0,701.0,0.0,0.0,1.0,1.0,0.0
12029,2017.0,2.0,5.9,110.0,701.0,0.0,0.0,1.0,1.0,0.0
12030,2017.0,2.0,5.9,111.0,701.0,0.0,0.0,1.0,1.0,0.0
12031,2017.0,2.0,5.9,112.0,701.0,0.0,0.0,1.0,1.0,0.0
12032,2017.0,2.0,5.9,113.0,701.0,0.0,0.0,1.0,1.0,0.0
12033,2017.0,2.0,5.9,114.0,701.0,0.0,0.0,1.0,1.0,0.0
12034,2017.0,2.0,5.9,115.0,701.0,0.0,0.0,1.0,1.0,0.0
12035,2017.0,2.0,5.9,116.0,701.0,0.0,0.0,1.0,1.0,0.0
12036,2017.0,2.0,5.9,117.0,701.0,0.0,0.0,1.0,1.0,0.0
12037,2017.0,2.0,5.9,118.0,701.0,0.0,0.0,1.0,1.0,0.0
12038,2017.0,2.0,5.9,119.0,701.0,0.0,0.0,1.0,1.0,0.0
12039,2017.0,2.0,5.9,120.0,701.0,0.0,0.0,1.0,1.0,0.0
12040,2017.0,2.0,5.9,121.0,701.0,0.0,0.0,1.0,1.0,0.0
12041,2017.0,2.0,5.9,122.0,701.0,0.0,0.0,1.0,1.0,0.0
12042,2017.0,2.0,5.9,123.0,701.0,0.0,0.0,1.0,1.0,0.0
12043,2017.0,2.0,5.9,124.0,701.0,0.0,0.0,1.0,1.0,0.0
12044,2017.0,2.0,5.9,125.0,701.0,0.0,0.0,1.0,1.0,0.0
12045,2017.0,2.0,5.9,126.0,701.0,0.0,0.0,1.0,1.0,0.0
12046,2017.0,2.0,5.9,127.0,701.0,0.0,0.0,1.0,1.0,0.0
12047,2017.0,2.0,5.9,128.0,701.0,0.0,0.0,1.0,1.0,0.0
12048,2017.0,2.0,5.9,129.0,701.0,0.0,0.0,1.0,1.0,0.0
12049,2017.0,2.0,5.9,130.0,701.0,0.0,0.0,1.0,1.0,0.0
12050,2017.0,2.0,5.9,131.0,701.0,0.0,0.0,1.0,1.0,0.0
12051,2017.0,2.0,5.9,132.0,701.0,0.0,0.0,1.0,1.0,0.0
12052,2017.0,2.0,5.9,133.0,701.0,0.0,0.0,1.0,1.0,0.0
12053,2017.0,2.0,5.9,134.0,701.0,0.0,0.0,1.0,1.0,0.0
12054,2017.0,2.0,5.9,135.0,701.0,0.0,0.0,1.0,1.0,0.0
12055,2017.0,2.0,5.9,136.0,701.0,0.0,0.0,1.0,1.0,0.0
12056,2017.0,2.0,5.9,137.0,701.0,0.0,0.0,1.0,1.0,0.0
12057,2017.0,2.0,5.9,138.0,701.0,0.0,0.0,1.0,1.0,0.0
12058,2017.0,2.0,5.9,139.0,701.0,0.0,0.0,1.0,1.0,0.0
12059,2017.0,2.0,5.9,140.0,701.0,0.0,0.0,1.0,1.0,0.0
12060,2017.0,2.0,5.9,141.0,701.0,0.0,0.0,1.0,1.0,0.0
12061,2017.0,2.0,5.9,142.0,701.0,0.0,0.0,1.0,1.0,0.0
12062,2017.0,2.0,5.9,143.0,701.0,0.0,0.0,1.0,1.0,0.0
12063,2017.0,2.0,5.9,144.0,701.0,0.0,0.0,1.0,1.0,0.0
12064,2017.0,2.0,5.9,145.0,701.0,0.0,0.0,1.0,1.0,0.0
12065,2017.0,2.0,5.9,146.0,701.0,0.0,0.0,1.0,1.0,0.0
12066,2017.0,2.0,5.9,147.0,701.0,0.0,0.0,1.0,1.0,0.0
12067,2017.0,2.0,5.9,148.0,701.0,0.0,0.0,1.0,1.0,0.0
12068,2017.0,2.0,5.9,149.0,701.0,0.0,0.0,1.0,1.0,0.0
12069,2017.0,2.0,5.9,150.0,701.0,0.0,0.0,1.0,1.0,0.0
12070,2017.0,2.0,5.9,151.0,701.0,0.0,0.0,1.0,1.0,0.0
12071,2017.0,2.0,5.9,152.0,701.0,0.0,0.0,1.0,1.0,0.0
12072,2017.0,2.0,5.9,153.0,701.0,0.0,0.0,1.0,1.0,0.0
12073,2017.0,2.0,5.9,154.0,701.0,0.0,0.0,1.0,1.0,0.0
12074,2017.0,2.0,5.9,155.0,701.0,0.0,0.0,1.0,1.0,0.0
12075,2017.0,2.0,5.9,156.0,701.0,0.0,0.0,1.0,1.0,0.0
12076,2017.0,2.0,5.9,157.0,701.0,0.0,0.0,1.0,1.0,0.0
12077,2017.0,2.0,5.9,158.0,701.0,0.0,0.0,1.0,1.0,0.0
12078,2017.0,2.0,5.9,159.0,701.0,0.0,0.0,1.0,1.0,0.0
12079,2017.0,2.0,5.9,160.0,701.0,0.0,0.0,1.0,1.0,0.0
12080,2017.0,2.0,5.9,161.0,701.0,0.0,0.0,1.0,1.0,0.0
12081,2017.0,2.0,5.9,162.0,701.0,0.0,0.0,1.0,1.0,0.0
12082,2017.0,2.0,5.9,163.0,701.0,0.0,0.0,1.0,1.0,0.0
12083,2017.0,2.0,5.9,164.0,701.0,0.0,0.0,1.0,1.0,0.0
12084,2017.0,2.0,5.9,165.0,701.0,0.0,0.0,1.0,1.0,0.0
12085,2017.0,2.0,5.9,166.0,701.0,0.0,0.0,1.0,1.0,0.0
12086,2017.0,2.0,5.9,167.0,701.0,0.0,0.0,1.0,1.0,0.0
12087,2017.0,2.0,5.9,168.0,701.0,0.0,0.0,1.0,1.0,0.0
12088,2017.0,2.0,5.9,169.0,701.0,0.0,0.0,1.0,1.0,0.0
12089,2017.0,2.0,5.9,170.0,701.0,0.0,0.0,1.0,1.0,0.0
12090,2017.0,2.0,5.9,171.0,730.0,0.0,0.0,1.0,1.0,0.0
12091,2017.0,1.0,1.0,1.0,727.0,1.0,1.0,2.0,1.0,1.37551581843191
12092,2017.0,1.0,6.0,2.0,686.0,0.0,0.0,2.0,1.0,0.0
12093,2017.0,1.0,6.0,3.0,686.0,0.0,0.0,2.0,1.0,0.0
12094,2017.0,1.0,6.0,4.0,686.0,0.0,0.0,2.0,1.0,0.0
12095,2017.0,1.0,6.0,5.0,686.0,0.0,0.0,2.0,1.0,0.0
12096,2017.0,1.0,6.0,6.0,686.0,0.0,0.0,2.0,1.0,0.0
12097,2017.0,1.0,6.0,7.0,686.0,0.0,0.0,2.0,1.0,0.0
12098,2017.0,1.0,6.0,8.0,686.0,0.0,0.0,2.0,1.0,0.0
12099,2017.0,1.0,6.0,9.0,686.0,0.0,0.0,2.0,1.0,0.0
12100,2017.0,1.0,6.0,10.0,686.0,0.0,0.0,2.0,1.0,0.0
12101,2017.0,1.0,6.0,11.0,686.0,0.0,0.0,2.0,1.0,0.0
12102,2017.0,1.0,6.0,12.0,686.0,0.0,0.0,2.0,1.0,0.0
12103,2017.0,1.0,6.0,13.0,686.0,0.0,0.0,2.0,1.0,0.0
12104,2017.0,1.0,6.0,14.0,686.0,0.0,0.0,2.0,1.0,0.0
12105,2017.0,1.0,6.0,15.0,686.0,0.0,0.0,2.0,1.0,0.0
12106,2017.0,1.0,6.0,16.0,686.0,0.0,0.0,2.0,1.0,0.0
12107,2017.0,1.0,6.0,17.0,686.0,0.0,0.0,2.0,1.0,0.0
12108,2017.0,1.0,6.0,18.0,686.0,0.0,0.0,2.0,1.0,0.0
12109,2017.0,1.0,6.0,19.0,686.0,0.0,0.0,2.0,1.0,0.0
12110,2017.0,1.0,6.0,20.0,686.0,0.0,0.0,2.0,1.0,0.0
12111,2017.0,1.0,6.0,21.0,686.0,0.0,0.0,2.0,1.0,0.0
12112,2017.0,1.0,6.0,22.0,686.0,0.0,0.0,2.0,1.0,0.0
12113,2017.0,1.0,6.0,23.0,686.0,0.0,0.0,2.0,1.0,0.0
12114,2017.0,1.0,6.0,24.0,686.0,0.0,0.0,2.0,1.0,0.0
12115,2017.0,1.0,6.0,25.0,686.0,0.0,0.0,2.0,1.0,0.0
12116,2017.0,1.0,6.0,26.0,686.0,0.0,0.0,2.0,1.0,0.0
12117,2017.0,1.0,6.0,27.0,686.0,0.0,0.0,2.0,1.0,0.0
12118,2017.0,1.0,6.0,28.0,686.0,0.0,0.0,2.0,1.0,0.0
12119,2017.0,1.0,6.0,29.0,686.0,0.0,0.0,2.0,1.0,0.0
12120,2017.0,1.0,6.0,30.0,686.0,0.0,0.0,2.0,1.0,0.0
12121,2017.0,1.0,6.0,31.0,686.0,0.0,0.0,2.0,1.0,0.0
12122,2017.0,1.0,6.0,32.0,686.0,0.0,0.0,2.0,1.0,0.0
12123,2017.0,1.0,6.0,33.0,686.0,0.0,0.0,2.0,1.0,0.0
12124,2017.0,1.0,6.0,34.0,686.0,0.0,0.0,2.0,1.0,0.0
12125,2017.0,1.0,6.0,35.0,686.0,0.0,0.0,2.0,1.0,0.0
12126,2017.0,1.0,6.0,36.0,686.0,0.0,0.0,2.0,1.0,0.0
12127,2017.0,1.0,6.0,37.0,686.0,0.0,0.0,2.0,1.0,0.0
12128,2017.0,1.0,6.0,38.0,686.0,0.0,0.0,2.0,1.0,0.0
12129,2017.0,1.0,6.0,39.0,686.0,0.0,0.0,2.0,1.0,0.0
12130,2017.0,1.0,6.0,40.0,686.0,0.0,0.0,2.0,1.0,0.0
12131,2017.0,1.0,6.0,41.0,686.0,0.0,0.0,2.0,1.0,0.0
12132,2017.0,1.0,6.0,42.0,686.0,0.0,0.0,2.0,1.0,0.0
12133,2017.0,1.0,6.0,43.0,686.0,0.0,0.0,2.0,1.0,0.0
12134,2017.0,1.0,6.0,44.0,686.0,0.0,0.0,2.0,1.0,0.0
12135,2017.0,1.0,6.0,45.0,686.0,0.0,0.0,2.0,1.0,0.0
12136,2017.0,1.0,6.0,46.0,686.0,0.0,0.0,2.0,1.0,0.0
12137,2017.0,1.0,6.0,47.0,686.0,0.0,0.0,2.0,1.0,0.0
12138,2017.0,1.0,6.0,48.0,686.0,0.0,0.0,2.0,1.0,0.0
12139,2017.0,1.0,6.0,49.0,686.0,0.0,0.0,2.0,1.0,0.0
12140,2017.0,1.0,6.0,50.0,686.0,0.0,0.0,2.0,1.0,0.0
12141,2017.0,1.0,6.0,51.0,686.0,0.0,0.0,2.0,1.0,0.0
12142,2017.0,1.0,6.0,52.0,686.0,0.0,0.0,2.0,1.0,0.0
12143,2017.0,1.0,6.0,53.0,686.0,0.0,0.0,2.0,1.0,0.0
12144,2017.0,1.0,6.0,54.0,686.0,0.0,0.0,2.0,1.0,0.0
12145,2017.0,1.0,6.0,55.0,686.0,0.0,0.0,2.0,1.0,0.0
12146,2017.0,1.0,6.0,56.0,686.0,0.0,0.0,2.0,1.0,0.0
12147,2017.0,1.0,6.0,57.0,686.0,0.0,0.0,2.0,1.0,0.0
12148,2017.0,1.0,6.0,58.0,686.0,0.0,0.0,2.0,1.0,0.0
12149,2017.0,1.0,6.0,59.0,686.0,0.0,0.0,2.0,1.0,0.0
12150,2017.0,1.0,6.0,60.0,686.0,0.0,0.0,2.0,1.0,0.0
12151,2017.0,1.0,6.0,61.0,686.0,0.0,0.0,2.0,1.0,0.0
12152,2017.0,1.0,6.0,62.0,686.0,0.0,0.0,2.0,1.0,0.0
12153,2017.0,1.0,6.0,63.0,686.0,0.0,0.0,2.0,1.0,0.0
12154,2017.0,1.0,6.0,64.0,686.0,0.0,0.0,2.0,1.0,0.0
12155,2017.0,1.0,6.0,65.0,686.0,0.0,0.0,2.0,1.0,0.0
12156,2017.0,1.0,6.0,66.0,686.0,0.0,0.0,2.0,1.0,0.0
12157,2017.0,1.0,6.0,67.0,686.0,0.0,0.0,2.0,1.0,0.0
12158,2017.0,1.0,6.0,68.0,686.0,0.0,0.0,2.0,1.0,0.0
12159,2017.0,1.0,6.0,69.0,686.0,0.0,0.0,2.0,1.0,0.0
12160,2017.0,1.0,6.0,70.0,686.0,0.0,0.0,2.0,1.0,0.0
12161,2017.0,1.0,6.0,71.0,686.0,0.0,0.0,2.0,1.0,0.0
12162,2017.0,1.0,6.0,72.0,686.0,0.0,0.0,2.0,1.0,0.0
12163,2017.0,1.0,6.0,73.0,686.0,0.0,0.0,2.0,1.0,0.0
12164,2017.0,1.0,6.0,74.0,686.0,0.0,0.0,2.0,1.0,0.0
12165,2017.0,1.0,6.0,75.0,686.0,0.0,0.0,2.0,1.0,0.0
12166,2017.0,1.0,6.0,76.0,686.0,0.0,0.0,2.0,1.0,0.0
12167,2017.0,1.0,6.0,77.0,686.0,0.0,0.0,2.0,1.0,0.0
12168,2017.0,1.0,6.0,78.0,686.0,0.0,0.0,2.0,1.0,0.0
12169,2017.0,1.0,6.0,79.0,686.0,0.0,0.0,2.0,1.0,0.0
12170,2017.0,1.0,6.0,80.0,686.0,0.0,0.0,2.0,1.0,0.0
12171,2017.0,1.0,6.0,81.0,686.0,0.0,0.0,2.0,1.0,0.0
12172,2017.0,1.0,6.0,82.0,686.0,0.0,0.0,2.0,1.0,0.0
12173,2017.0,1.0,6.0,83.0,686.0,0.0,0.0,2.0,1.0,0.0
12174,2017.0,1.0,6.0,84.0,686.0,0.0,0.0,2.0,1.0,0.0
12175,2017.0,1.0,6.0,85.0,686.0,0.0,0.0,2.0,1.0,0.0
12176,2017.0,1.0,6.0,86.0,686.0,0.0,0.0,2.0,1.0,0.0
12177,2017.0,1.0,6.0,87.0,686.0,0.0,0.0,2.0,1.0,0.0
12178,2017.0,1.0,6.0,88.0,686.0,0.0,0.0,2.0,1.0,0.0
12179,2017.0,1.0,6.0,89.0,686.0,0.0,0.0,2.0,1.0,0.0
12180,2017.0,1.0,6.0,90.0,686.0,0.0,0.0,2.0,1.0,0.0
12181,2017.0,1.0,6.0,91.0,686.0,0.0,0.0,2.0,1.0,0.0
12182,2017.0,1.0,6.0,92.0,686.0,0.0,0.0,2.0,1.0,0.0
12183,2017.0,1.0,6.0,93.0,686.0,0.0,0.0,2.0,1.0,0.0
12184,2017.0,1.0,6.0,94.0,686.0,0.0,0.0,2.0,1.0,0.0
12185,2017.0,1.0,6.0,95.0,686.0,0.0,0.0,2.0,1.0,0.0
12186,2017.0,1.0,6.0,96.0,686.0,0.0,0.0,2.0,1.0,0.0
12187,2017.0,1.0,6.0,97.0,686.0,0.0,0.0,2.0,1.0,0.0
12188,2017.0,1.0,6.0,98.0,686.0,0.0,0.0,2.0,1.0,0.0
12189,2017.0,1.0,6.0,99.0,686.0,0.0,0.0,2.0,1.0,0.0
12190,2017.0,1.0,6.0,100.0,686.0,0.0,0.0,2.0,1.0,0.0
12191,2017.0,1.0,6.0,101.0,686.0,0.0,0.0,2.0,1.0,0.0
12192,2017.0,1.0,6.0,102.0,686.0,0.0,0.0,2.0,1.0,0.0
12193,2017.0,1.0,6.0,103.0,686.0,0.0,0.0,2.0,1.0,0.0
12194,2017.0,1.0,6.0,104.0,686.0,0.0,0.0,2.0,1.0,0.0
12195,2017.0,1.0,6.0,105.0,686.0,0.0,0.0,2.0,1.0,0.0
12196,2017.0,1.0,6.0,106.0,686.0,0.0,0.0,2.0,1.0,0.0
12197,2017.0,1.0,6.0,107.0,686.0,0.0,0.0,2.0,1.0,0.0
12198,2017.0,1.0,6.0,108.0,686.0,0.0,0.0,2.0,1.0,0.0
12199,2017.0,1.0,6.0,109.0,686.0,0.0,0.0,2.0,1.0,0.0
12200,2017.0,1.0,6.0,110.0,686.0,0.0,0.0,2.0,1.0,0.0
12201,2017.0,1.0,6.0,111.0,686.0,0.0,0.0,2.0,1.0,0.0
12202,2017.0,1.0,6.0,112.0,686.0,0.0,0.0,2.0,1.0,0.0
12203,2017.0,1.0,6.0,113.0,686.0,0.0,0.0,2.0,1.0,0.0
12204,2017.0,1.0,6.0,114.0,686.0,0.0,0.0,2.0,1.0,0.0
12205,2017.0,1.0,6.0,115.0,686.0,0.0,0.0,2.0,1.0,0.0
12206,2017.0,1.0,6.0,116.0,686.0,0.0,0.0,2.0,1.0,0.0
12207,2017.0,1.0,6.0,117.0,686.0,0.0,0.0,2.0,1.0,0.0
12208,2017.0,1.0,6.0,118.0,686.0,0.0,0.0,2.0,1.0,0.0
12209,2017.0,1.0,6.0,119.0,686.0,0.0,0.0,2.0,1.0,0.0
12210,2017.0,1.0,6.0,120.0,686.0,0.0,0.0,2.0,1.0,0.0
12211,2017.0,1.0,6.0,121.0,686.0,0.0,0.0,2.0,1.0,0.0
12212,2017.0,1.0,6.0,122.0,686.0,0.0,0.0,2.0,1.0,0.0
12213,2017.0,1.0,6.0,123.0,686.0,0.0,0.0,2.0,1.0,0.0
12214,2017.0,1.0,6.0,124.0,686.0,0.0,0.0,2.0,1.0,0.0
12215,2017.0,1.0,6.0,125.0,686.0,0.0,0.0,2.0,1.0,0.0
12216,2017.0,1.0,6.0,126.0,686.0,0.0,0.0,2.0,1.0,0.0
12217,2017.0,1.0,6.0,127.0,763.0,0.0,0.0,2.0,1.0,0.0
12218,2017.0,2.0,3.0,1.0,701.0,0.0,0.0,2.0,1.0,0.0
12219,2017.0,2.0,3.0,2.0,701.0,0.0,0.0,2.0,1.0,0.0
12220,2017.0,2.0,3.0,3.0,701.0,0.0,0.0,2.0,1.0,0.0
12221,2017.0,2.0,3.0,4.0,701.0,0.0,0.0,2.0,1.0,0.0
12222,2017.0,2.0,3.0,5.0,701.0,0.0,0.0,2.0,1.0,0.0
12223,2017.0,2.0,3.0,6.0,701.0,0.0,0.0,2.0,1.0,0.0
12224,2017.0,2.0,3.0,7.0,701.0,0.0,0.0,2.0,1.0,0.0
12225,2017.0,2.0,3.0,8.0,701.0,0.0,0.0,2.0,1.0,0.0
12226,2017.0,2.0,3.0,9.0,701.0,0.0,0.0,2.0,1.0,0.0
12227,2017.0,2.0,3.0,10.0,701.0,0.0,0.0,2.0,1.0,0.0
12228,2017.0,2.0,3.0,11.0,701.0,0.0,0.0,2.0,1.0,0.0
12229,2017.0,2.0,3.0,12.0,701.0,0.0,0.0,2.0,1.0,0.0
12230,2017.0,2.0,3.0,13.0,701.0,0.0,0.0,2.0,1.0,0.0
12231,2017.0,2.0,3.0,14.0,701.0,0.0,0.0,2.0,1.0,0.0
12232,2017.0,2.0,3.0,15.0,701.0,0.0,0.0,2.0,1.0,0.0
12233,2017.0,2.0,3.0,16.0,701.0,0.0,0.0,2.0,1.0,0.0
12234,2017.0,2.0,3.0,17.0,701.0,0.0,0.0,2.0,1.0,0.0
12235,2017.0,2.0,3.0,18.0,701.0,0.0,0.0,2.0,1.0,0.0
12236,2017.0,2.0,3.0,19.0,701.0,0.0,0.0,2.0,1.0,0.0
12237,2017.0,2.0,3.0,20.0,701.0,0.0,0.0,2.0,1.0,0.0
12238,2017.0,2.0,3.0,21.0,701.0,0.0,0.0,2.0,1.0,0.0
12239,2017.0,2.0,3.0,22.0,701.0,0.0,0.0,2.0,1.0,0.0
12240,2017.0,2.0,3.0,23.0,701.0,0.0,0.0,2.0,1.0,0.0
12241,2017.0,2.0,3.0,24.0,701.0,0.0,0.0,2.0,1.0,0.0
12242,2017.0,2.0,3.0,25.0,701.0,0.0,0.0,2.0,1.0,0.0
12243,2017.0,2.0,3.0,26.0,701.0,0.0,0.0,2.0,1.0,0.0
12244,2017.0,2.0,3.0,27.0,701.0,0.0,0.0,2.0,1.0,0.0
12245,2017.0,2.0,3.0,28.0,701.0,0.0,0.0,2.0,1.0,0.0
12246,2017.0,2.0,3.0,29.0,701.0,0.0,0.0,2.0,1.0,0.0
12247,2017.0,2.0,3.0,30.0,701.0,0.0,0.0,2.0,1.0,0.0
12248,2017.0,2.0,3.0,31.0,701.0,0.0,0.0,2.0,1.0,0.0
12249,2017.0,2.0,3.0,32.0,701.0,0.0,0.0,2.0,1.0,0.0
12250,2017.0,2.0,3.0,33.0,701.0,0.0,0.0,2.0,1.0,0.0
12251,2017.0,2.0,3.0,34.0,701.0,0.0,0.0,2.0,1.0,0.0
12252,2017.0,2.0,3.0,35.0,701.0,0.0,0.0,2.0,1.0,0.0
12253,2017.0,2.0,3.0,36.0,701.0,0.0,0.0,2.0,1.0,0.0
12254,2017.0,2.0,3.0,37.0,701.0,0.0,0.0,2.0,1.0,0.0
12255,2017.0,2.0,3.0,38.0,701.0,0.0,0.0,2.0,1.0,0.0
12256,2017.0,2.0,3.0,39.0,701.0,0.0,0.0,2.0,1.0,0.0
12257,2017.0,2.0,3.0,40.0,701.0,0.0,0.0,2.0,1.0,0.0
12258,2017.0,2.0,3.0,41.0,701.0,0.0,0.0,2.0,1.0,0.0
12259,2017.0,2.0,3.0,42.0,701.0,0.0,0.0,2.0,1.0,0.0
12260,2017.0,2.0,3.0,43.0,701.0,0.0,0.0,2.0,1.0,0.0
12261,2017.0,2.0,3.0,44.0,701.0,0.0,0.0,2.0,1.0,0.0
12262,2017.0,2.0,3.0,45.0,701.0,0.0,0.0,2.0,1.0,0.0
12263,2017.0,2.0,3.0,46.0,701.0,0.0,0.0,2.0,1.0,0.0
12264,2017.0,2.0,3.0,47.0,701.0,0.0,0.0,2.0,1.0,0.0
12265,2017.0,2.0,3.0,48.0,701.0,0.0,0.0,2.0,1.0,0.0
12266,2017.0,2.0,3.0,49.0,701.0,0.0,0.0,2.0,1.0,0.0
12267,2017.0,2.0,3.0,50.0,714.0,0.0,0.0,2.0,1.0,0.0
12268,2018.0,1.0,3.95,1.0,691.0,0.0,0.0,1.0,1.0,0.0
12269,2018.0,1.0,3.95,2.0,691.0,0.0,0.0,1.0,1.0,0.0
12270,2018.0,1.0,3.95,3.0,691.0,0.0,0.0,1.0,1.0,0.0
12271,2018.0,1.0,3.95,4.0,691.0,0.0,0.0,1.0,1.0,0.0
12272,2018.0,1.0,3.95,5.0,691.0,0.0,0.0,1.0,1.0,0.0
12273,2018.0,1.0,3.95,6.0,691.0,0.0,0.0,1.0,1.0,0.0
12274,2018.0,1.0,3.95,7.0,691.0,0.0,0.0,1.0,1.0,0.0
12275,2018.0,1.0,3.95,8.0,691.0,0.0,0.0,1.0,1.0,0.0
12276,2018.0,1.0,3.95,9.0,691.0,0.0,0.0,1.0,1.0,0.0
12277,2018.0,1.0,3.95,10.0,691.0,0.0,0.0,1.0,1.0,0.0
12278,2018.0,1.0,3.95,11.0,691.0,0.0,0.0,1.0,1.0,0.0
12279,2018.0,1.0,3.95,12.0,691.0,0.0,0.0,1.0,1.0,0.0
12280,2018.0,1.0,3.95,13.0,691.0,0.0,0.0,1.0,1.0,0.0
12281,2018.0,1.0,3.95,14.0,691.0,0.0,0.0,1.0,1.0,0.0
12282,2018.0,1.0,3.95,15.0,691.0,0.0,0.0,1.0,1.0,0.0
12283,2018.0,1.0,3.95,16.0,691.0,0.0,0.0,1.0,1.0,0.0
12284,2018.0,1.0,3.95,17.0,691.0,0.0,0.0,1.0,1.0,0.0
12285,2018.0,1.0,3.95,18.0,691.0,0.0,0.0,1.0,1.0,0.0
12286,2018.0,1.0,3.95,19.0,691.0,0.0,0.0,1.0,1.0,0.0
12287,2018.0,1.0,3.95,20.0,691.0,0.0,0.0,1.0,1.0,0.0
12288,2018.0,1.0,3.95,21.0,691.0,0.0,0.0,1.0,1.0,0.0
12289,2018.0,1.0,3.95,22.0,691.0,0.0,0.0,1.0,1.0,0.0
12290,2018.0,1.0,3.95,23.0,691.0,0.0,0.0,1.0,1.0,0.0
12291,2018.0,1.0,3.95,24.0,691.0,0.0,0.0,1.0,1.0,0.0
12292,2018.0,1.0,3.95,25.0,691.0,0.0,0.0,1.0,1.0,0.0
12293,2018.0,1.0,3.95,26.0,691.0,0.0,0.0,1.0,1.0,0.0
12294,2018.0,1.0,3.95,27.0,691.0,0.0,0.0,1.0,1.0,0.0
12295,2018.0,1.0,3.95,28.0,691.0,0.0,0.0,1.0,1.0,0.0
12296,2018.0,1.0,3.95,29.0,691.0,0.0,0.0,1.0,1.0,0.0
12297,2018.0,1.0,3.95,30.0,691.0,0.0,0.0,1.0,1.0,0.0
12298,2018.0,1.0,3.95,31.0,691.0,0.0,0.0,1.0,1.0,0.0
12299,2018.0,1.0,3.95,32.0,691.0,0.0,0.0,1.0,1.0,0.0
12300,2018.0,1.0,3.95,33.0,691.0,0.0,0.0,1.0,1.0,0.0
12301,2018.0,1.0,3.95,34.0,691.0,0.0,0.0,1.0,1.0,0.0
12302,2018.0,1.0,3.95,35.0,691.0,0.0,0.0,1.0,1.0,0.0
12303,2018.0,1.0,3.95,36.0,691.0,0.0,0.0,1.0,1.0,0.0
12304,2018.0,1.0,3.95,37.0,691.0,0.0,0.0,1.0,1.0,0.0
12305,2018.0,1.0,3.95,38.0,691.0,0.0,0.0,1.0,1.0,0.0
12306,2018.0,1.0,3.95,39.0,691.0,0.0,0.0,1.0,1.0,0.0
12307,2018.0,1.0,3.95,40.0,691.0,0.0,0.0,1.0,1.0,0.0
12308,2018.0,1.0,3.95,41.0,691.0,0.0,0.0,1.0,1.0,0.0
12309,2018.0,1.0,3.95,42.0,691.0,0.0,0.0,1.0,1.0,0.0
12310,2018.0,1.0,3.95,43.0,691.0,0.0,0.0,1.0,1.0,0.0
12311,2018.0,1.0,3.95,44.0,691.0,0.0,0.0,1.0,1.0,0.0
12312,2018.0,1.0,3.95,45.0,691.0,0.0,0.0,1.0,1.0,0.0
12313,2018.0,1.0,3.95,46.0,691.0,0.0,0.0,1.0,1.0,0.0
12314,2018.0,1.0,3.95,47.0,691.0,0.0,0.0,1.0,1.0,0.0
12315,2018.0,1.0,3.95,48.0,691.0,0.0,0.0,1.0,1.0,0.0
12316,2018.0,1.0,3.95,49.0,691.0,0.0,0.0,1.0,1.0,0.0
12317,2018.0,1.0,3.95,50.0,691.0,0.0,0.0,1.0,1.0,0.0
12318,2018.0,1.0,3.95,51.0,691.0,0.0,0.0,1.0,1.0,0.0
12319,2018.0,1.0,3.95,52.0,691.0,0.0,0.0,1.0,1.0,0.0
12320,2018.0,1.0,3.95,53.0,691.0,0.0,0.0,1.0,1.0,0.0
12321,2018.0,1.0,3.95,54.0,691.0,0.0,0.0,1.0,1.0,0.0
12322,2018.0,1.0,3.95,55.0,691.0,0.0,0.0,1.0,1.0,0.0
12323,2018.0,1.0,3.95,56.0,691.0,0.0,0.0,1.0,1.0,0.0
12324,2018.0,1.0,3.95,57.0,691.0,0.0,0.0,1.0,1.0,0.0
12325,2018.0,1.0,3.95,58.0,691.0,0.0,0.0,1.0,1.0,0.0
12326,2018.0,1.0,3.95,59.0,691.0,0.0,0.0,1.0,1.0,0.0
12327,2018.0,1.0,3.95,60.0,691.0,0.0,0.0,1.0,1.0,0.0
12328,2018.0,1.0,3.95,61.0,691.0,0.0,0.0,1.0,1.0,0.0
12329,2018.0,1.0,3.95,62.0,691.0,0.0,0.0,1.0,1.0,0.0
12330,2018.0,1.0,3.95,63.0,691.0,0.0,0.0,1.0,1.0,0.0
12331,2018.0,1.0,3.95,64.0,691.0,0.0,0.0,1.0,1.0,0.0
12332,2018.0,1.0,3.95,65.0,691.0,0.0,0.0,1.0,1.0,0.0
12333,2018.0,1.0,3.95,66.0,691.0,0.0,0.0,1.0,1.0,0.0
12334,2018.0,1.0,3.95,67.0,691.0,0.0,0.0,1.0,1.0,0.0
12335,2018.0,1.0,3.95,68.0,691.0,0.0,0.0,1.0,1.0,0.0
12336,2018.0,1.0,3.95,69.0,691.0,0.0,0.0,1.0,1.0,0.0
12337,2018.0,1.0,3.95,70.0,691.0,0.0,0.0,1.0,1.0,0.0
12338,2018.0,1.0,3.95,71.0,691.0,0.0,0.0,1.0,1.0,0.0
12339,2018.0,1.0,3.95,72.0,691.0,0.0,0.0,1.0,1.0,0.0
12340,2018.0,1.0,3.95,73.0,691.0,0.0,0.0,1.0,1.0,0.0
12341,2018.0,1.0,3.95,74.0,691.0,0.0,0.0,1.0,1.0,0.0
12342,2018.0,1.0,3.95,75.0,691.0,0.0,0.0,1.0,1.0,0.0
12343,2018.0,1.0,3.95,76.0,691.0,0.0,0.0,1.0,1.0,0.0
12344,2018.0,1.0,3.95,77.0,691.0,0.0,0.0,1.0,1.0,0.0
12345,2018.0,1.0,3.95,78.0,691.0,0.0,0.0,1.0,1.0,0.0
12346,2018.0,1.0,3.95,79.0,691.0,0.0,0.0,1.0,1.0,0.0
12347,2018.0,1.0,3.95,80.0,691.0,0.0,0.0,1.0,1.0,0.0
12348,2018.0,1.0,3.95,81.0,691.0,0.0,0.0,1.0,1.0,0.0
12349,2018.0,1.0,3.95,82.0,691.0,0.0,0.0,1.0,1.0,0.0
12350,2018.0,1.0,3.95,83.0,691.0,0.0,0.0,1.0,1.0,0.0
12351,2018.0,1.0,3.95,84.0,691.0,0.0,0.0,1.0,1.0,0.0
12352,2018.0,1.0,3.95,85.0,691.0,0.0,0.0,1.0,1.0,0.0
12353,2018.0,1.0,3.95,86.0,691.0,0.0,0.0,1.0,1.0,0.0
12354,2018.0,1.0,3.95,87.0,691.0,0.0,0.0,1.0,1.0,0.0
12355,2018.0,1.0,3.95,88.0,691.0,0.0,0.0,1.0,1.0,0.0
12356,2018.0,1.0,3.95,89.0,691.0,0.0,0.0,1.0,1.0,0.0
12357,2018.0,1.0,3.95,90.0,691.0,0.0,0.0,1.0,1.0,0.0
12358,2018.0,1.0,3.95,91.0,691.0,0.0,0.0,1.0,1.0,0.0
12359,2018.0,1.0,3.95,92.0,691.0,0.0,0.0,1.0,1.0,0.0
12360,2018.0,1.0,3.95,93.0,691.0,0.0,0.0,1.0,1.0,0.0
12361,2018.0,1.0,3.95,94.0,691.0,0.0,0.0,1.0,1.0,0.0
12362,2018.0,1.0,3.95,95.0,691.0,0.0,0.0,1.0,1.0,0.0
12363,2018.0,1.0,3.95,96.0,691.0,0.0,0.0,1.0,1.0,0.0
12364,2018.0,1.0,3.95,97.0,691.0,0.0,0.0,1.0,1.0,0.0
12365,2018.0,1.0,3.95,98.0,691.0,0.0,0.0,1.0,1.0,0.0
12366,2018.0,1.0,3.95,99.0,691.0,0.0,0.0,1.0,1.0,0.0
12367,2018.0,1.0,3.95,100.0,691.0,0.0,0.0,1.0,1.0,0.0
12368,2018.0,1.0,3.95,101.0,691.0,0.0,0.0,1.0,1.0,0.0
12369,2018.0,1.0,3.95,102.0,691.0,0.0,0.0,1.0,1.0,0.0
12370,2018.0,1.0,3.95,103.0,691.0,0.0,0.0,1.0,1.0,0.0
12371,2018.0,1.0,3.95,104.0,735.0,0.0,0.0,1.0,1.0,0.0
12372,2018.0,2.0,2.0,1.0,697.0,0.0,0.0,1.0,1.0,0.0
12373,2018.0,2.0,2.0,2.0,697.0,0.0,0.0,1.0,1.0,0.0
12374,2018.0,2.0,2.0,3.0,697.0,0.0,0.0,1.0,1.0,0.0
12375,2018.0,2.0,2.0,4.0,697.0,0.0,0.0,1.0,1.0,0.0
12376,2018.0,2.0,2.0,5.0,697.0,0.0,0.0,1.0,1.0,0.0
12377,2018.0,2.0,2.0,6.0,697.0,0.0,0.0,1.0,1.0,0.0
12378,2018.0,2.0,2.0,7.0,697.0,0.0,0.0,1.0,1.0,0.0
12379,2018.0,2.0,2.0,8.0,697.0,0.0,0.0,1.0,1.0,0.0
12380,2018.0,2.0,2.0,9.0,697.0,0.0,0.0,1.0,1.0,0.0
12381,2018.0,2.0,2.0,10.0,697.0,0.0,0.0,1.0,1.0,0.0
12382,2018.0,2.0,2.0,11.0,697.0,0.0,0.0,1.0,1.0,0.0
12383,2018.0,2.0,2.0,12.0,697.0,0.0,0.0,1.0,1.0,0.0
12384,2018.0,2.0,2.0,13.0,697.0,0.0,0.0,1.0,1.0,0.0
12385,2018.0,2.0,2.0,14.0,697.0,0.0,0.0,1.0,1.0,0.0
12386,2018.0,2.0,2.0,15.0,697.0,0.0,0.0,1.0,1.0,0.0
12387,2018.0,2.0,2.0,16.0,697.0,0.0,0.0,1.0,1.0,0.0
12388,2018.0,2.0,2.0,17.0,697.0,0.0,0.0,1.0,1.0,0.0
12389,2018.0,2.0,2.0,18.0,697.0,0.0,0.0,1.0,1.0,0.0
12390,2018.0,2.0,2.0,19.0,697.0,0.0,0.0,1.0,1.0,0.0
12391,2018.0,2.0,2.0,20.0,697.0,0.0,0.0,1.0,1.0,0.0
12392,2018.0,2.0,2.0,21.0,697.0,0.0,0.0,1.0,1.0,0.0
12393,2018.0,2.0,2.0,22.0,697.0,0.0,0.0,1.0,1.0,0.0
12394,2018.0,2.0,2.0,23.0,697.0,0.0,0.0,1.0,1.0,0.0
12395,2018.0,2.0,2.0,24.0,697.0,0.0,0.0,1.0,1.0,0.0
12396,2018.0,2.0,2.0,25.0,697.0,0.0,0.0,1.0,1.0,0.0
12397,2018.0,2.0,2.0,26.0,697.0,0.0,0.0,1.0,1.0,0.0
12398,2018.0,2.0,2.0,27.0,697.0,0.0,0.0,1.0,1.0,0.0
12399,2018.0,2.0,2.0,28.0,697.0,0.0,0.0,1.0,1.0,0.0
12400,2018.0,2.0,2.0,29.0,697.0,0.0,0.0,1.0,1.0,0.0
12401,2018.0,2.0,2.0,30.0,697.0,0.0,0.0,1.0,1.0,0.0
12402,2018.0,2.0,2.0,31.0,697.0,0.0,0.0,1.0,1.0,0.0
12403,2018.0,2.0,2.0,32.0,697.0,0.0,0.0,1.0,1.0,0.0
12404,2018.0,2.0,2.0,33.0,697.0,0.0,0.0,1.0,1.0,0.0
12405,2018.0,2.0,2.0,34.0,706.0,0.0,0.0,1.0,1.0,0.0
12406,2018.0,1.0,1.0,1.0,523.0,1.0,1.0,2.0,1.0,1.91204588910134
12407,2018.0,1.0,2.0,2.0,526.0,0.0,0.0,2.0,1.0,0.0
12408,2018.0,1.0,2.0,3.0,526.0,0.0,0.0,2.0,1.0,0.0
12409,2018.0,1.0,2.0,4.0,526.0,0.0,0.0,2.0,1.0,0.0
12410,2018.0,1.0,2.0,5.0,526.0,0.0,0.0,2.0,1.0,0.0
12411,2018.0,1.0,2.0,6.0,526.0,0.0,0.0,2.0,1.0,0.0
12412,2018.0,1.0,2.0,7.0,526.0,0.0,0.0,2.0,1.0,0.0
12413,2018.0,1.0,2.0,8.0,526.0,0.0,0.0,2.0,1.0,0.0
12414,2018.0,1.0,2.0,9.0,526.0,0.0,0.0,2.0,1.0,0.0
12415,2018.0,1.0,2.0,10.0,526.0,0.0,0.0,2.0,1.0,0.0
12416,2018.0,1.0,2.0,11.0,526.0,0.0,0.0,2.0,1.0,0.0
12417,2018.0,1.0,2.0,12.0,526.0,0.0,0.0,2.0,1.0,0.0
12418,2018.0,1.0,2.0,13.0,526.0,0.0,0.0,2.0,1.0,0.0
12419,2018.0,1.0,2.0,14.0,526.0,0.0,0.0,2.0,1.0,0.0
12420,2018.0,1.0,2.0,15.0,526.0,0.0,0.0,2.0,1.0,0.0
12421,2018.0,1.0,2.0,16.0,526.0,0.0,0.0,2.0,1.0,0.0
12422,2018.0,1.0,2.0,17.0,526.0,0.0,0.0,2.0,1.0,0.0
12423,2018.0,1.0,2.0,18.0,526.0,0.0,0.0,2.0,1.0,0.0
12424,2018.0,1.0,2.0,19.0,526.0,0.0,0.0,2.0,1.0,0.0
12425,2018.0,1.0,2.0,20.0,526.0,0.0,0.0,2.0,1.0,0.0
12426,2018.0,1.0,2.0,21.0,526.0,0.0,0.0,2.0,1.0,0.0
12427,2018.0,1.0,2.0,22.0,526.0,0.0,0.0,2.0,1.0,0.0
12428,2018.0,1.0,2.0,23.0,526.0,0.0,0.0,2.0,1.0,0.0
12429,2018.0,1.0,2.0,24.0,526.0,0.0,0.0,2.0,1.0,0.0
12430,2018.0,1.0,2.0,25.0,526.0,0.0,0.0,2.0,1.0,0.0
12431,2018.0,1.0,2.0,26.0,526.0,0.0,0.0,2.0,1.0,0.0
12432,2018.0,1.0,2.0,27.0,526.0,0.0,0.0,2.0,1.0,0.0
12433,2018.0,1.0,2.0,28.0,526.0,0.0,0.0,2.0,1.0,0.0
12434,2018.0,1.0,2.0,29.0,526.0,0.0,0.0,2.0,1.0,0.0
12435,2018.0,1.0,2.0,30.0,526.0,0.0,0.0,2.0,1.0,0.0
12436,2018.0,1.0,2.0,31.0,526.0,0.0,0.0,2.0,1.0,0.0
12437,2018.0,1.0,2.0,32.0,526.0,0.0,0.0,2.0,1.0,0.0
12438,2018.0,1.0,2.0,33.0,526.0,0.0,0.0,2.0,1.0,0.0
12439,2018.0,1.0,2.0,34.0,526.0,0.0,0.0,2.0,1.0,0.0
12440,2018.0,1.0,2.0,35.0,526.0,0.0,0.0,2.0,1.0,0.0
12441,2018.0,1.0,2.0,36.0,557.0,0.0,0.0,2.0,1.0,0.0
12442,2019.0,1.0,3.89,1.0,662.0,0.0,0.0,1.0,1.0,0.0
12443,2019.0,1.0,3.89,2.0,662.0,0.0,0.0,1.0,1.0,0.0
12444,2019.0,1.0,3.89,3.0,662.0,0.0,0.0,1.0,1.0,0.0
12445,2019.0,1.0,3.89,4.0,662.0,0.0,0.0,1.0,1.0,0.0
12446,2019.0,1.0,3.89,5.0,662.0,0.0,0.0,1.0,1.0,0.0
12447,2019.0,1.0,3.89,6.0,662.0,0.0,0.0,1.0,1.0,0.0
12448,2019.0,1.0,3.89,7.0,662.0,0.0,0.0,1.0,1.0,0.0
12449,2019.0,1.0,3.89,8.0,662.0,0.0,0.0,1.0,1.0,0.0
12450,2019.0,1.0,3.89,9.0,662.0,0.0,0.0,1.0,1.0,0.0
12451,2019.0,1.0,3.89,10.0,662.0,0.0,0.0,1.0,1.0,0.0
12452,2019.0,1.0,3.89,11.0,662.0,0.0,0.0,1.0,1.0,0.0
12453,2019.0,1.0,3.89,12.0,662.0,0.0,0.0,1.0,1.0,0.0
12454,2019.0,1.0,3.89,13.0,662.0,0.0,0.0,1.0,1.0,0.0
12455,2019.0,1.0,3.89,14.0,662.0,0.0,0.0,1.0,1.0,0.0
12456,2019.0,1.0,3.89,15.0,662.0,0.0,0.0,1.0,1.0,0.0
12457,2019.0,1.0,3.89,16.0,662.0,0.0,0.0,1.0,1.0,0.0
12458,2019.0,1.0,3.89,17.0,662.0,0.0,0.0,1.0,1.0,0.0
12459,2019.0,1.0,3.89,18.0,662.0,0.0,0.0,1.0,1.0,0.0
12460,2019.0,1.0,3.89,19.0,662.0,0.0,0.0,1.0,1.0,0.0
12461,2019.0,1.0,3.89,20.0,662.0,0.0,0.0,1.0,1.0,0.0
12462,2019.0,1.0,3.89,21.0,662.0,0.0,0.0,1.0,1.0,0.0
12463,2019.0,1.0,3.89,22.0,662.0,0.0,0.0,1.0,1.0,0.0
12464,2019.0,1.0,3.89,23.0,662.0,0.0,0.0,1.0,1.0,0.0
12465,2019.0,1.0,3.89,24.0,662.0,0.0,0.0,1.0,1.0,0.0
12466,2019.0,1.0,3.89,25.0,662.0,0.0,0.0,1.0,1.0,0.0
12467,2019.0,1.0,3.89,26.0,662.0,0.0,0.0,1.0,1.0,0.0
12468,2019.0,1.0,3.89,27.0,662.0,0.0,0.0,1.0,1.0,0.0
12469,2019.0,1.0,3.89,28.0,662.0,0.0,0.0,1.0,1.0,0.0
12470,2019.0,1.0,3.89,29.0,662.0,0.0,0.0,1.0,1.0,0.0
12471,2019.0,1.0,3.89,30.0,662.0,0.0,0.0,1.0,1.0,0.0
12472,2019.0,1.0,3.89,31.0,662.0,0.0,0.0,1.0,1.0,0.0
12473,2019.0,1.0,3.89,32.0,662.0,0.0,0.0,1.0,1.0,0.0
12474,2019.0,1.0,3.89,33.0,662.0,0.0,0.0,1.0,1.0,0.0
12475,2019.0,1.0,3.89,34.0,662.0,0.0,0.0,1.0,1.0,0.0
12476,2019.0,1.0,3.89,35.0,662.0,0.0,0.0,1.0,1.0,0.0
12477,2019.0,1.0,3.89,36.0,662.0,0.0,0.0,1.0,1.0,0.0
12478,2019.0,1.0,3.89,37.0,662.0,0.0,0.0,1.0,1.0,0.0
12479,2019.0,1.0,3.89,38.0,662.0,0.0,0.0,1.0,1.0,0.0
12480,2019.0,1.0,3.89,39.0,662.0,0.0,0.0,1.0,1.0,0.0
12481,2019.0,1.0,3.89,40.0,662.0,0.0,0.0,1.0,1.0,0.0
12482,2019.0,1.0,3.89,41.0,662.0,0.0,0.0,1.0,1.0,0.0
12483,2019.0,1.0,3.89,42.0,662.0,0.0,0.0,1.0,1.0,0.0
12484,2019.0,1.0,3.89,43.0,662.0,0.0,0.0,1.0,1.0,0.0
12485,2019.0,1.0,3.89,44.0,662.0,0.0,0.0,1.0,1.0,0.0
12486,2019.0,1.0,3.89,45.0,662.0,0.0,0.0,1.0,1.0,0.0
12487,2019.0,1.0,3.89,46.0,662.0,0.0,0.0,1.0,1.0,0.0
12488,2019.0,1.0,3.89,47.0,662.0,0.0,0.0,1.0,1.0,0.0
12489,2019.0,1.0,3.89,48.0,662.0,0.0,0.0,1.0,1.0,0.0
12490,2019.0,1.0,3.89,49.0,662.0,0.0,0.0,1.0,1.0,0.0
12491,2019.0,1.0,3.89,50.0,662.0,0.0,0.0,1.0,1.0,0.0
12492,2019.0,1.0,3.89,51.0,662.0,0.0,0.0,1.0,1.0,0.0
12493,2019.0,1.0,3.89,52.0,662.0,0.0,0.0,1.0,1.0,0.0
12494,2019.0,1.0,3.89,53.0,662.0,0.0,0.0,1.0,1.0,0.0
12495,2019.0,1.0,3.89,54.0,662.0,0.0,0.0,1.0,1.0,0.0
12496,2019.0,1.0,3.89,55.0,662.0,0.0,0.0,1.0,1.0,0.0
12497,2019.0,1.0,3.89,56.0,662.0,0.0,0.0,1.0,1.0,0.0
12498,2019.0,1.0,3.89,57.0,662.0,0.0,0.0,1.0,1.0,0.0
12499,2019.0,1.0,3.89,58.0,662.0,0.0,0.0,1.0,1.0,0.0
12500,2019.0,1.0,3.89,59.0,662.0,0.0,0.0,1.0,1.0,0.0
12501,2019.0,1.0,3.89,60.0,662.0,0.0,0.0,1.0,1.0,0.0
12502,2019.0,1.0,3.89,61.0,662.0,0.0,0.0,1.0,1.0,0.0
12503,2019.0,1.0,3.89,62.0,662.0,0.0,0.0,1.0,1.0,0.0
12504,2019.0,1.0,3.89,63.0,662.0,0.0,0.0,1.0,1.0,0.0
12505,2019.0,1.0,3.89,64.0,662.0,0.0,0.0,1.0,1.0,0.0
12506,2019.0,1.0,3.89,65.0,662.0,0.0,0.0,1.0,1.0,0.0
12507,2019.0,1.0,3.89,66.0,662.0,0.0,0.0,1.0,1.0,0.0
12508,2019.0,1.0,3.89,67.0,662.0,0.0,0.0,1.0,1.0,0.0
12509,2019.0,1.0,3.89,68.0,662.0,0.0,0.0,1.0,1.0,0.0
12510,2019.0,1.0,3.89,69.0,662.0,0.0,0.0,1.0,1.0,0.0
12511,2019.0,1.0,3.89,70.0,662.0,0.0,0.0,1.0,1.0,0.0
12512,2019.0,1.0,3.89,71.0,662.0,0.0,0.0,1.0,1.0,0.0
12513,2019.0,1.0,3.89,72.0,662.0,0.0,0.0,1.0,1.0,0.0
12514,2019.0,1.0,3.89,73.0,662.0,0.0,0.0,1.0,1.0,0.0
12515,2019.0,1.0,3.89,74.0,662.0,0.0,0.0,1.0,1.0,0.0
12516,2019.0,1.0,3.89,75.0,662.0,0.0,0.0,1.0,1.0,0.0
12517,2019.0,1.0,3.89,76.0,662.0,0.0,0.0,1.0,1.0,0.0
12518,2019.0,1.0,3.89,77.0,662.0,0.0,0.0,1.0,1.0,0.0
12519,2019.0,1.0,3.89,78.0,662.0,0.0,0.0,1.0,1.0,0.0
12520,2019.0,1.0,3.89,79.0,662.0,0.0,0.0,1.0,1.0,0.0
12521,2019.0,1.0,3.89,80.0,662.0,0.0,0.0,1.0,1.0,0.0
12522,2019.0,1.0,3.89,81.0,662.0,0.0,0.0,1.0,1.0,0.0
12523,2019.0,1.0,3.89,82.0,662.0,0.0,0.0,1.0,1.0,0.0
12524,2019.0,1.0,3.89,83.0,662.0,0.0,0.0,1.0,1.0,0.0
12525,2019.0,1.0,3.89,84.0,662.0,0.0,0.0,1.0,1.0,0.0
12526,2019.0,1.0,3.89,85.0,662.0,0.0,0.0,1.0,1.0,0.0
12527,2019.0,1.0,3.89,86.0,662.0,0.0,0.0,1.0,1.0,0.0
12528,2019.0,1.0,3.89,87.0,662.0,0.0,0.0,1.0,1.0,0.0
12529,2019.0,1.0,3.89,88.0,662.0,0.0,0.0,1.0,1.0,0.0
12530,2019.0,1.0,3.89,89.0,662.0,0.0,0.0,1.0,1.0,0.0
12531,2019.0,1.0,3.89,90.0,700.0,0.0,0.0,1.0,1.0,0.0
12532,2019.0,2.0,3.0,1.0,682.0,0.0,0.0,1.0,1.0,0.0
12533,2019.0,2.0,3.0,2.0,682.0,0.0,0.0,1.0,1.0,0.0
12534,2019.0,2.0,3.0,3.0,682.0,0.0,0.0,1.0,1.0,0.0
12535,2019.0,2.0,3.0,4.0,682.0,0.0,0.0,1.0,1.0,0.0
12536,2019.0,2.0,3.0,5.0,682.0,0.0,0.0,1.0,1.0,0.0
12537,2019.0,2.0,3.0,6.0,682.0,0.0,0.0,1.0,1.0,0.0
12538,2019.0,2.0,3.0,7.0,682.0,0.0,0.0,1.0,1.0,0.0
12539,2019.0,2.0,3.0,8.0,682.0,0.0,0.0,1.0,1.0,0.0
12540,2019.0,2.0,3.0,9.0,682.0,0.0,0.0,1.0,1.0,0.0
12541,2019.0,2.0,3.0,10.0,682.0,0.0,0.0,1.0,1.0,0.0
12542,2019.0,2.0,3.0,11.0,682.0,0.0,0.0,1.0,1.0,0.0
12543,2019.0,2.0,3.0,12.0,682.0,0.0,0.0,1.0,1.0,0.0
12544,2019.0,2.0,3.0,13.0,682.0,0.0,0.0,1.0,1.0,0.0
12545,2019.0,2.0,3.0,14.0,682.0,0.0,0.0,1.0,1.0,0.0
12546,2019.0,2.0,3.0,15.0,682.0,0.0,0.0,1.0,1.0,0.0
12547,2019.0,2.0,3.0,16.0,682.0,0.0,0.0,1.0,1.0,0.0
12548,2019.0,2.0,3.0,17.0,682.0,0.0,0.0,1.0,1.0,0.0
12549,2019.0,2.0,3.0,18.0,682.0,0.0,0.0,1.0,1.0,0.0
12550,2019.0,2.0,3.0,19.0,682.0,0.0,0.0,1.0,1.0,0.0
12551,2019.0,2.0,3.0,20.0,682.0,0.0,0.0,1.0,1.0,0.0
12552,2019.0,2.0,3.0,21.0,682.0,0.0,0.0,1.0,1.0,0.0
12553,2019.0,2.0,3.0,22.0,682.0,0.0,0.0,1.0,1.0,0.0
12554,2019.0,2.0,3.0,23.0,682.0,0.0,0.0,1.0,1.0,0.0
12555,2019.0,2.0,3.0,24.0,682.0,0.0,0.0,1.0,1.0,0.0
12556,2019.0,2.0,3.0,25.0,682.0,0.0,0.0,1.0,1.0,0.0
12557,2019.0,2.0,3.0,26.0,682.0,0.0,0.0,1.0,1.0,0.0
12558,2019.0,2.0,3.0,27.0,682.0,0.0,0.0,1.0,1.0,0.0
12559,2019.0,2.0,3.0,28.0,682.0,0.0,0.0,1.0,1.0,0.0
12560,2019.0,2.0,3.0,29.0,682.0,0.0,0.0,1.0,1.0,0.0
12561,2019.0,2.0,3.0,30.0,682.0,0.0,0.0,1.0,1.0,0.0
12562,2019.0,2.0,3.0,31.0,682.0,0.0,0.0,1.0,1.0,0.0
12563,2019.0,2.0,3.0,32.0,682.0,0.0,0.0,1.0,1.0,0.0
12564,2019.0,2.0,3.0,33.0,682.0,0.0,0.0,1.0,1.0,0.0
12565,2019.0,2.0,3.0,34.0,682.0,0.0,0.0,1.0,1.0,0.0
12566,2019.0,2.0,3.0,35.0,682.0,0.0,0.0,1.0,1.0,0.0
12567,2019.0,2.0,3.0,36.0,682.0,0.0,0.0,1.0,1.0,0.0
12568,2019.0,2.0,3.0,37.0,682.0,0.0,0.0,1.0,1.0,0.0
12569,2019.0,2.0,3.0,38.0,682.0,0.0,0.0,1.0,1.0,0.0
12570,2019.0,2.0,3.0,39.0,682.0,0.0,0.0,1.0,1.0,0.0
12571,2019.0,2.0,3.0,40.0,682.0,0.0,0.0,1.0,1.0,0.0
12572,2019.0,2.0,3.0,41.0,682.0,0.0,0.0,1.0,1.0,0.0
12573,2019.0,2.0,3.0,42.0,682.0,0.0,0.0,1.0,1.0,0.0
12574,2019.0,2.0,3.0,43.0,682.0,0.0,0.0,1.0,1.0,0.0
12575,2019.0,2.0,3.0,44.0,682.0,0.0,0.0,1.0,1.0,0.0
12576,2019.0,2.0,3.0,45.0,682.0,0.0,0.0,1.0,1.0,0.0
12577,2019.0,2.0,3.0,46.0,682.0,0.0,0.0,1.0,1.0,0.0
12578,2019.0,2.0,3.0,47.0,682.0,0.0,0.0,1.0,1.0,0.0
12579,2019.0,2.0,3.0,48.0,682.0,0.0,0.0,1.0,1.0,0.0
12580,2019.0,2.0,3.0,49.0,682.0,0.0,0.0,1.0,1.0,0.0
12581,2019.0,2.0,3.0,50.0,682.0,0.0,0.0,1.0,1.0,0.0
12582,2019.0,2.0,3.0,51.0,682.0,0.0,0.0,1.0,1.0,0.0
12583,2019.0,2.0,3.0,52.0,682.0,0.0,0.0,1.0,1.0,0.0
12584,2019.0,2.0,3.0,53.0,682.0,0.0,0.0,1.0,1.0,0.0
12585,2019.0,2.0,3.0,54.0,682.0,0.0,0.0,1.0,1.0,0.0
12586,2019.0,2.0,3.0,55.0,682.0,0.0,0.0,1.0,1.0,0.0
12587,2019.0,2.0,3.0,56.0,682.0,0.0,0.0,1.0,1.0,0.0
12588,2019.0,2.0,3.0,57.0,682.0,0.0,0.0,1.0,1.0,0.0
12589,2019.0,2.0,3.0,58.0,682.0,0.0,0.0,1.0,1.0,0.0
12590,2019.0,2.0,3.0,59.0,731.0,0.0,0.0,1.0,1.0,0.0
12591,2019.0,2.0,3.0,1.0,645.0,0.0,0.0,2.0,1.0,0.0
12592,2019.0,2.0,3.0,2.0,645.0,0.0,0.0,2.0,1.0,0.0
12593,2019.0,2.0,3.0,3.0,645.0,0.0,0.0,2.0,1.0,0.0
12594,2019.0,2.0,3.0,4.0,645.0,0.0,0.0,2.0,1.0,0.0
12595,2019.0,2.0,3.0,5.0,645.0,0.0,0.0,2.0,1.0,0.0
12596,2019.0,2.0,3.0,6.0,645.0,0.0,0.0,2.0,1.0,0.0
12597,2019.0,2.0,3.0,7.0,645.0,0.0,0.0,2.0,1.0,0.0
12598,2019.0,2.0,3.0,8.0,645.0,0.0,0.0,2.0,1.0,0.0
12599,2019.0,2.0,3.0,9.0,645.0,0.0,0.0,2.0,1.0,0.0
12600,2019.0,2.0,3.0,10.0,645.0,0.0,0.0,2.0,1.0,0.0
12601,2019.0,2.0,3.0,11.0,645.0,0.0,0.0,2.0,1.0,0.0
12602,2019.0,2.0,3.0,12.0,645.0,0.0,0.0,2.0,1.0,0.0
12603,2019.0,2.0,3.0,13.0,645.0,0.0,0.0,2.0,1.0,0.0
12604,2019.0,2.0,3.0,14.0,645.0,0.0,0.0,2.0,1.0,0.0
12605,2019.0,2.0,3.0,15.0,645.0,0.0,0.0,2.0,1.0,0.0
12606,2019.0,2.0,3.0,16.0,645.0,0.0,0.0,2.0,1.0,0.0
12607,2019.0,2.0,3.0,17.0,645.0,0.0,0.0,2.0,1.0,0.0
12608,2019.0,2.0,3.0,18.0,645.0,0.0,0.0,2.0,1.0,0.0
12609,2019.0,2.0,3.0,19.0,645.0,0.0,0.0,2.0,1.0,0.0
12610,2019.0,2.0,3.0,20.0,645.0,0.0,0.0,2.0,1.0,0.0
12611,2019.0,2.0,3.0,21.0,645.0,0.0,0.0,2.0,1.0,0.0
12612,2019.0,2.0,3.0,22.0,645.0,0.0,0.0,2.0,1.0,0.0
12613,2019.0,2.0,3.0,23.0,645.0,0.0,0.0,2.0,1.0,0.0
12614,2019.0,2.0,3.0,24.0,645.0,0.0,0.0,2.0,1.0,0.0
12615,2019.0,2.0,3.0,25.0,645.0,0.0,0.0,2.0,1.0,0.0
12616,2019.0,2.0,3.0,26.0,645.0,0.0,0.0,2.0,1.0,0.0
12617,2019.0,2.0,3.0,27.0,645.0,0.0,0.0,2.0,1.0,0.0
12618,2019.0,2.0,3.0,28.0,645.0,0.0,0.0,2.0,1.0,0.0
12619,2019.0,2.0,3.0,29.0,645.0,0.0,0.0,2.0,1.0,0.0
12620,2019.0,2.0,3.0,30.0,645.0,0.0,0.0,2.0,1.0,0.0
12621,2019.0,2.0,3.0,31.0,645.0,0.0,0.0,2.0,1.0,0.0
12622,2019.0,2.0,3.0,32.0,645.0,0.0,0.0,2.0,1.0,0.0
12623,2019.0,2.0,3.0,33.0,645.0,0.0,0.0,2.0,1.0,0.0
12624,2019.0,2.0,3.0,34.0,645.0,0.0,0.0,2.0,1.0,0.0
12625,2019.0,2.0,3.0,35.0,645.0,0.0,0.0,2.0,1.0,0.0
12626,2019.0,2.0,3.0,36.0,645.0,0.0,0.0,2.0,1.0,0.0
12627,2019.0,2.0,3.0,37.0,645.0,0.0,0.0,2.0,1.0,0.0
12628,2019.0,2.0,3.0,38.0,645.0,0.0,0.0,2.0,1.0,0.0
12629,2019.0,2.0,3.0,39.0,645.0,0.0,0.0,2.0,1.0,0.0
12630,2019.0,2.0,3.0,40.0,645.0,0.0,0.0,2.0,1.0,0.0
12631,2019.0,2.0,3.0,41.0,645.0,0.0,0.0,2.0,1.0,0.0
12632,2019.0,2.0,3.0,42.0,645.0,0.0,0.0,2.0,1.0,0.0
12633,2019.0,2.0,3.0,43.0,645.0,0.0,0.0,2.0,1.0,0.0
12634,2019.0,2.0,3.0,44.0,645.0,0.0,0.0,2.0,1.0,0.0
12635,2019.0,2.0,3.0,45.0,645.0,0.0,0.0,2.0,1.0,0.0
12636,2019.0,2.0,3.0,46.0,645.0,0.0,0.0,2.0,1.0,0.0
12637,2019.0,2.0,3.0,47.0,645.0,0.0,0.0,2.0,1.0,0.0
12638,2019.0,2.0,3.0,48.0,645.0,0.0,0.0,2.0,1.0,0.0
12639,2019.0,2.0,3.0,49.0,645.0,0.0,0.0,2.0,1.0,0.0
12640,2019.0,2.0,3.0,50.0,645.0,0.0,0.0,2.0,1.0,0.0
12641,2019.0,2.0,3.0,51.0,645.0,0.0,0.0,2.0,1.0,0.0
12642,2019.0,2.0,3.0,52.0,645.0,0.0,0.0,2.0,1.0,0.0
12643,2019.0,2.0,3.0,53.0,645.0,0.0,0.0,2.0,1.0,0.0
12644,2019.0,2.0,3.0,54.0,645.0,0.0,0.0,2.0,1.0,0.0
12645,2019.0,2.0,3.0,55.0,645.0,0.0,0.0,2.0,1.0,0.0
12646,2019.0,2.0,3.0,56.0,645.0,0.0,0.0,2.0,1.0,0.0
12647,2019.0,2.0,3.0,57.0,645.0,0.0,0.0,2.0,1.0,0.0
12648,2019.0,2.0,3.0,58.0,645.0,0.0,0.0,2.0,1.0,0.0
12649,2019.0,2.0,3.0,59.0,645.0,0.0,0.0,2.0,1.0,0.0
12650,2019.0,2.0,3.0,60.0,645.0,0.0,0.0,2.0,1.0,0.0
12651,2019.0,2.0,3.0,61.0,647.0,0.0,0.0,2.0,1.0,0.0
12652,2020.0,2.0,1.5699999999999998,1.0,936.0,0.0,0.0,1.0,1.0,0.0
12653,2020.0,2.0,1.5699999999999998,2.0,936.0,0.0,0.0,1.0,1.0,0.0
12654,2020.0,2.0,1.5699999999999998,3.0,936.0,0.0,0.0,1.0,1.0,0.0
12655,2020.0,2.0,1.5699999999999998,4.0,936.0,0.0,0.0,1.0,1.0,0.0
12656,2020.0,2.0,1.5699999999999998,5.0,936.0,0.0,0.0,1.0,1.0,0.0
12657,2020.0,2.0,1.5699999999999998,6.0,936.0,0.0,0.0,1.0,1.0,0.0
12658,2020.0,2.0,1.5699999999999998,7.0,936.0,0.0,0.0,1.0,1.0,0.0
12659,2020.0,2.0,1.5699999999999998,8.0,938.0,0.0,0.0,1.0,1.0,0.0
12660,2020.0,1.0,2.0,1.0,1665.0,0.0,0.0,2.0,1.0,0.0
12661,2020.0,1.0,2.0,2.0,1665.0,0.0,0.0,2.0,1.0,0.0
12662,2020.0,1.0,2.0,3.0,1665.0,0.0,0.0,2.0,1.0,0.0
12663,2020.0,1.0,2.0,4.0,1665.0,0.0,0.0,2.0,1.0,0.0
12664,2020.0,1.0,2.0,5.0,1665.0,0.0,0.0,2.0,1.0,0.0
12665,2020.0,1.0,2.0,6.0,1665.0,0.0,0.0,2.0,1.0,0.0
12666,2020.0,1.0,2.0,7.0,1665.0,0.0,0.0,2.0,1.0,0.0
12667,2020.0,1.0,2.0,8.0,1665.0,0.0,0.0,2.0,1.0,0.0
12668,2020.0,1.0,2.0,9.0,1665.0,0.0,0.0,2.0,1.0,0.0
12669,2020.0,1.0,2.0,10.0,1665.0,0.0,0.0,2.0,1.0,0.0
12670,2020.0,1.0,2.0,11.0,1665.0,0.0,0.0,2.0,1.0,0.0
12671,2020.0,1.0,2.0,12.0,1665.0,0.0,0.0,2.0,1.0,0.0
12672,2020.0,1.0,2.0,13.0,1665.0,0.0,0.0,2.0,1.0,0.0
12673,2020.0,1.0,2.0,14.0,1665.0,0.0,0.0,2.0,1.0,0.0
12674,2020.0,1.0,2.0,15.0,1665.0,0.0,0.0,2.0,1.0,0.0
12675,2020.0,1.0,2.0,16.0,1665.0,0.0,0.0,2.0,1.0,0.0
12676,2020.0,1.0,2.0,17.0,1665.0,0.0,0.0,2.0,1.0,0.0
12677,2020.0,1.0,2.0,18.0,1665.0,0.0,0.0,2.0,1.0,0.0
12678,2020.0,1.0,2.0,19.0,1665.0,0.0,0.0,2.0,1.0,0.0
12679,2020.0,1.0,2.0,20.0,1665.0,0.0,0.0,2.0,1.0,0.0
12680,2020.0,1.0,2.0,21.0,1665.0,0.0,0.0,2.0,1.0,0.0
12681,2020.0,1.0,2.0,22.0,1665.0,0.0,0.0,2.0,1.0,0.0
12682,2020.0,1.0,2.0,23.0,1665.0,0.0,0.0,2.0,1.0,0.0
12683,2020.0,1.0,2.0,24.0,1665.0,0.0,0.0,2.0,1.0,0.0
12684,2020.0,1.0,2.0,25.0,1665.0,0.0,0.0,2.0,1.0,0.0
12685,2020.0,1.0,2.0,26.0,1674.0,0.0,0.0,2.0,1.0,0.0
